"","sample_id","beta1","beta2","beta3","beta4","beta5","f1","f2","f3","f4","f5","alpha","inc_age_cat1","inc_age_cat2","inc_age_cat3","inc_age_cat4","inc_age_cat5","r_a","gamma","theta_s","theta_a","r_c","rho","phi","VE_under5","VE_5_plus","duration_under5","duration_5_plus"
"1",1,2.50159582145101,17.8812994709655,10.3855810959153,7.16021817963249,1.10457859705202,0.0514971909955095,0.056167231,0.076445763,0.067142892,0.060656707,0.0137159213520481,1332.069982272,4166.39282145531,2757.72683352758,1890.01604240955,565.1090988,0.569289285269072,1.00441986845237,0.614949013465331,0.324464753337678,0.119201240332582,0.00239454830094757,0.0107393142794156,0.871498968,0.800770932,160.84888296,674.76047088
"2",2,3.21051547614163,20.788520344132,11.9231438776582,5.93961663902762,1.03621169521403,0.0520019282612137,0.04738233,0.060453233,0.069032586,0.074458032,0.0161080607030963,1333.32418185087,4166.79994820947,2757.96048171155,1889.1793144753,564.867518407017,0.598894854438045,1.44624753259756,0.658415976278838,0.226719023158466,0.121555936405649,0.000914717741374058,0.00649041277721409,0.736747183,0.864569153,456.4703226,851.41053768
"3",3,2.92837308619064,18.592061884468,11.9755008992011,7.40744748702723,1.20680913825086,0.050976938,0.051561053,0.066749508,0.066060027,0.063579193,0.0120903916431754,1332.8556530433,4167.68585758353,2758.12482647645,1890.05864676926,565.165644903266,0.706103412653235,1.51942892206671,0.598107132552273,0.246185114734073,0.13408353834124,0.00174357544399207,0.00896819681488196,0.773923181,0.796516425,1129.30648416,1141.16207724
"4",4,2.20507149422462,18.4276847341027,12.1076174577979,9.08626061198788,0.740346239989617,0.0380274458234791,0.052897506,0.08701649,0.07742636,0.070669771,0.00785829,1333.14759868092,4166.446193,2758.29716869322,1890.5162003982,564.956517813551,0.756249361141021,0.787439647087802,0.542137622743014,0.295812989568949,0.131247446828279,0.00401414984668939,0.00554231999652825,0.822177123,0.841669635,63.50762202,757.95019032
"5",5,3.0087676689997,17.7471783861282,11.1139308008003,6.949247108,0.980381460568944,0.062876097,0.053437621,0.0552901681321764,0.052985088,0.081609848,0.04116915,1333.03172998678,4166.32830607808,2757.20258843682,1890.49438040176,565.1052793,0.7329533845047,1.94811114266562,0.596703163180179,0.370049065910285,0.156551726663722,0.000526622544356983,0.0138785517745366,0.935000754,0.811187173,542.2763832,655.32477852
"6",6,2.48743412891343,18.1702173315241,13.0597004628226,7.50807353211968,0.950404756031808,0.0470146128736841,0.052808928,0.074465098,0.076428575,0.069923134,0.009410762,1332.98771601678,4167.39175941025,2758.15561818075,1889.68356729205,565.125566880696,0.764942475003841,1.18566138250514,0.625646091564704,0.27307761224698,0.13746297612044,0.00447362252216594,0.0120112492335499,0.73857643,0.84560223,1057.86440304,305.13238752
"7",7,2.4490642821059,19.1872353617133,13.0886669964625,8.08494846214069,0.961708280203275,0.0374477340534427,0.050549653,0.08216023,0.081651627,0.062614671,0.00730118,1333.26219401609,4167.35263488352,2758.06610398094,1890.48594800439,564.778303514727,0.621106760646185,0.800013250618731,0.547521363755084,0.264522178403014,0.146696195146923,0.00507482380286308,0.00612930305216499,0.815988279,0.884352818,1006.99255368,417.86014008
"8",8,2.70375214637311,18.9859511130892,12.1251617868292,7.69856126987036,1.12066549914866,0.051934134,0.052529112,0.071935307,0.069819341,0.06703995,0.0107649387700089,1333.44876012308,4167.59893543013,2759.44820092939,1889.560514,564.839499,0.635178556986451,1.1748148674684,0.684649485389219,0.257800755655294,0.0988117697285747,6.02197565930082e-06,0.00803856983976801,0.725998258,0.849591899,1088.54468964,944.15495676
"9",9,2.630159811,18.9099983090758,12.5023900246588,6.27778692052739,1.00829947009064,0.0582397690821853,0.051753182,0.062427347,0.069202425,0.072715183,0.0153552113627455,1333.25625644823,4167.52772820812,2758.12521490558,1890.18573418724,564.804402684925,0.609817280813029,1.28369611983477,0.564823518331981,0.273395159163329,0.152296940543636,0.000586954504313014,0.00888569264112046,0.847945853,0.899090428,935.65777164,495.02069712
"10",10,2.69861896982135,17.4667604517804,9.770935813,7.06428490658947,1.01825010383482,0.0515133200679813,0.0560597695885496,0.076845944,0.066364225,0.068342755,0.0137271412810587,1332.96572452823,4167.31238131679,2757.73648934979,1890.09582221577,564.899831119639,0.738756661537395,1.30412941000319,0.598587082800486,0.307563114334146,0.112032917613674,0.000751324335693984,0.00842909444476965,0.763851234,0.84809985,486.11017056,357.335046
"11",11,2.47230495553558,18.9245432680234,12.3828093183739,7.38481546135757,0.97116458135942,0.045765479,0.0518186047617134,0.077429365,0.077524547,0.067632157,0.008934596,1333.17024242663,4167.40495236465,2757.93380412939,1889.79938449017,565.057996237696,0.703937123077909,1.00945611627068,0.624297388560485,0.27251848881951,0.140699583663721,0.000637457191524602,0.00718056519281581,0.830400665,0.817032743,403.89434892,1130.83723368
"12",12,2.4094423970847,18.19961678,12.7615258215895,7.56286107684928,0.815746836388533,0.038462613,0.055498446,0.084874455,0.080473514,0.066896585,0.009176759,1333.00152005718,4167.23953285198,2757.95317406637,1890.96362523549,564.8725061,1,1.06706034673764,0.655278677843381,0.321185458359176,0.150814196350611,0.00126575655389981,0.0119350897155689,0.849085376,0.859188621,1117.55608404,451.00856076
"13",13,2.76869050088082,18.8101625871228,12.4275486641742,5.91678486,1.05337805612738,0.058009726,0.049745713,0.057691143,0.067847935,0.071028539,0.016881487683191,1333.31135129379,4166.99320511015,2757.85612628087,1890.72298039561,565.151945557703,0.564160760326373,1.32546452616568,0.543506764941708,0.244879718181318,0.0854608974590129,0.00179220570480319,0.0121909818981696,0.779112135,0.80264403,520.11121164,926.73477672
"14",14,2.31049884040508,19.32514285,11.063756386918,8.47979428759207,0.955761959987755,0.04454574253485,0.053490149,0.080721344,0.066646284,0.0606791007753436,0.0118034095108752,1332.74259981469,4166.89724171616,2757.01973141654,1890.04619559227,564.888728290504,0.782580934323757,1.28080492270975,0.58983364353159,0.332590842650527,0.147654019536437,0.00787900826825783,0.00568639117564678,0.793800586,0.951607018,858.04651128,196.84054212
"15",15,2.50675029418795,18.2606442550275,11.4513966216628,8.35175985114524,0.907855383012451,0.040771354,0.057001610207129,0.08231743,0.069319107,0.062270225,0.0113982768590598,1333.14521054626,4166.8807153493,2757.60950738705,1890.07555329413,565.208624026424,0.927463483366682,1.12948097485477,0.605447414909688,0.353026562309437,0.121097654930372,0.00025358924898512,0.0134500348260565,0.804335467,0.849058167,402.31581528,648.94697064
"16",16,2.50860324248843,19.8864145417274,12.2970491010719,7.67736583601691,1.04228520248084,0.0469081304449413,0.0462751603159333,0.073409839,0.075679398,0.068377222,0.007553855,1333.70540392314,4167.30667538385,2758.17200174511,1889.5009315337,565.219972006716,0.874234182833719,1.41791421853964,0.633595305939529,0.219982950903123,0.12783568856978,0.002186192987564,0.00743160863084353,0.906811234,0.874503322,59.113139352,875.39991348
"17",17,2.31582866560599,16.9787963304033,11.7540284557717,7.67033652401834,0.881765337122473,0.046806712,0.059515728223949,0.082886234,0.075717827,0.06860847,0.010865631,1332.62400898912,4167.69591469952,2758.45704030474,1889.99081148733,565.361903721202,0.558797770574294,0.774121148758178,0.645655362968511,0.33787673675333,0.130745928518809,0.00425782849625354,0.0078698688876364,0.898806493,0.869018007,1173.29174472,392.23873536
"18",18,2.30495717259465,18.527250600577,13.137735858892,7.50374251997484,0.846756280128281,0.041931156,0.054861376,0.082300296,0.079988399,0.067003258,0.00934227,1333.18932239149,4167.20609803072,2758.43990215225,1890.59802638225,564.914796915398,0.811610614814328,0.937259674296124,0.615011747584569,0.317642072826221,0.116598598969408,0.00181372506243552,0.0100538438457999,0.764371287,0.824833548,943.19092728,505.47986124
"19",19,2.40274649048415,18.4571697107156,11.0937177020316,7.72148629562855,0.954367073824144,0.048308132701418,0.057898063,0.081377973,0.070491453,0.065206255,0.0122035640058926,1333.17706789307,4166.88070917896,2757.54643226505,1889.75818216313,564.792011475885,0.581219720483818,0.828664619015105,0.546126519953085,0.35411070989946,0.129893822428893,5.37117392851693e-05,0.011850525221033,0.916036705,0.851865335,429.82365876,584.28467232
"20",20,2.62258217710783,18.2606502044455,12.7222785205764,7.77343352871537,0.947996963171713,0.0440088961316032,0.053629046,0.077322898,0.076415593,0.069698972,0.009168057,1333.22954428157,4166.71319682985,2757.76053688012,1890.29162517149,565.023556627156,0.814440316744785,1.17963186034845,0.574583706275696,0.284484487775164,0.131381645055528,0.00180464486538789,0.00779280190915677,0.788473782,0.83560869,25.488097068,704.39969748
"21",21,2.37575070218628,20.0270393798352,12.469108513552,7.04477799973886,1.02289956071947,0.0472444055591753,0.051570329,0.076315632,0.075373001,0.0619376052593576,0.01059548,1332.87896468333,4166.79315133274,2758.44480750113,1890.39847701059,565.01624437521,0.686559608988146,1.05733045085469,0.633029004024741,0.295385481816596,0.117281568707197,0.00348550873098846,0.00840431806118142,0.824891483,0.870358205,167.35321536,516.90240576
"22",22,2.84454641449058,20.1266128256977,11.4813169860695,7.33096831184939,1.12301738491598,0.051699523,0.049757411,0.069933959,0.066878597,0.066993723,0.0120095930621608,1333.20361275819,4167.78807464495,2757.69446580246,1890.30093490704,564.723705918248,0.813159454241133,1.62653580608997,0.577736824187581,0.254138950922659,0.139264189722694,0.00103649920987306,0.0144294575559697,0.764126145,0.79729345,1118.31558036,753.50584884
"23",23,2.79873955344556,18.1407275230231,11.8087449823357,6.11735286577917,1.21099846436824,0.054678016,0.0550432518798635,0.064326014,0.06803187,0.060159969,0.0184507876374825,1333.26750393958,4167.40365056651,2758.12060949944,1890.33906998021,565.140269924242,0.551833977382612,1.22012137358774,0.580715638548982,0.32070632896899,0.115079420654038,0.00171873314288498,0.0102153044564148,0.838999534,0.875330752,628.72036404,673.22362356
"24",24,2.3056215996863,18.6908918431367,13.5206895036314,7.860755952,1.02134902704997,0.039644685,0.049746969,0.077899511,0.078949671,0.058376204,0.007744509,1332.41613775063,4166.70036719143,2758.03588219193,1889.87703368635,565.041331489987,0.799195700053785,0.954161265226888,0.570446720888483,0.269726196320891,0.154813297794506,0.000591284426369522,0.00853837386907297,0.827233347,0.845628175,1041.0998664,799.22769528
"25",25,2.47037794938334,18.2671269890244,13.1563144722577,7.955408945,0.958336793425609,0.043348656,0.053102647,0.078471706,0.078990017,0.067502317,0.008208915,1333.22810927545,4166.36383976383,2757.7801077826,1889.52852466159,564.819465211536,0.574751337770029,0.793142196475492,0.628622771169659,0.268506776435391,0.12841975323865,0.00402334021797831,0.0192991658092819,0.889931635,0.855989316,1173.64949532,361.07632872
"26",26,2.1906148743185,18.733554206,13.1178550970571,9.01598108214999,0.962066663073998,0.033423672847699,0.047218702,0.088199851,0.087808291,0.0602220686131237,0.005752774,1332.70123796828,4167.24828105075,2757.8670714347,1890.18848367534,565.016512833999,0.998636623460204,1.06035485465274,0.533945475458609,0.245290220092811,0.157510665453078,0.00821329406216604,0.00599545702686051,0.736313374,0.812117307,481.89897672,789.42670728
"27",27,2.57990917311466,20.2296334254857,9.05944701264282,6.96046006437384,1.18752136434757,0.065048327,0.046781663,0.067452163,0.055455431,0.064931681,0.0207363733901838,1332.90365704175,4167.18778920545,2758.50257595867,1890.70866083504,565.30403861963,0.737235469665668,1.9023272744925,0.568650969826339,0.249234468011538,0.126672353966546,0.001690552715508,0.00841591394217677,0.798506209,0.856823156,903.09912672,446.17936056
"28",28,3.13387946973927,17.2215300282034,10.2041041579609,7.03995391278957,1.13720299472763,0.055832947,0.05395348,0.0593266632998918,0.0524228253607173,0.066527578,0.032955769,1333.29442077737,4167.70737858819,2757.79669159412,1890.42880524062,564.838222799259,0.569899049060098,1.57114507223437,0.57739628306488,0.34351144300175,0.137311469188275,0.00363161016556386,0.0145450079003611,0.739024551,0.880257274,60.605176536,421.82755584
"29",29,2.35541749735023,18.7269512115832,12.9397844266513,7.49946194080436,0.932054349337643,0.044199636,0.052891045,0.07867766,0.078080124,0.065695946,0.009213677,1332.79974694279,4167.07237639461,2758.12475219756,1890.35096460806,564.9841849,0.717526027543544,0.966915386324407,0.604843451609232,0.292442688093587,0.129685253738883,0.00310905766783715,0.00930009376492296,0.718455132,0.827802438,951.43227624,626.59273008
"30",30,2.61270671467115,17.9404363550706,10.1286571890974,6.41315997806792,1.1118572313836,0.055899121,0.0552120664805221,0.072611277,0.067585851,0.064230533,0.016296583,1332.61909529385,4165.6667106832,2757.36125410659,1890.19047238626,564.800921109599,0.674653805933207,1.4058870905686,0.671913968159056,0.312036928033713,0.129571625781014,0.00288623312555591,0.0068293007917332,0.769910758,0.793755216,502.02522852,466.27930248
"31",31,2.28701917042488,20.039575820674,11.8972348679892,7.12653142384818,1.0611964371457,0.0525534173320403,0.054226112,0.074542497,0.068640157,0.059535141,0.0141356573888991,1333.05695383916,4166.75958465346,2757.81278333943,1890.20146615149,564.984442897662,0.714119756446443,1.12044902027858,0.629138095682192,0.353414932364447,0.11347751779098,4.41367849531389e-05,0.00909931745406511,0.753490878,0.797789607,1198.524339,1030.1163582
"32",32,2.44376421192036,13.3478846260647,15.1809644231004,8.6823208343086,0.733037254,0.0281699808774975,0.06287337,0.092735561,0.093200304,0.064257285,0.006752,1333.29998615852,4167.13142814519,2758.09982204736,1889.80523496153,565.188978333877,0.804934682989601,0.584862317517114,0.67885684262484,0.306012136798361,0.145859125101312,0.00284551200785615,0.00890037445190823,0.784239073,0.892855068,1004.64111636,439.53990624
"33",33,2.20277458226541,16.7354664310303,12.5298942127161,9.14814115310163,0.833631564,0.0301397664714563,0.0529586646952698,0.097848405,0.09443861,0.063461786,0.005602195,1332.78785947922,4166.84128643197,2758.11126542357,1890.62603767323,564.995022661119,1,0.797977962039941,0.561462265125412,0.271313863516118,0.163884846246848,0.00558490386634601,0.00622003492734001,0.860670288,0.832552535,216.1944534,941.2719168
"34",34,1.87452339352883,19.5118849698597,12.3650318980049,8.08640044970936,0.794675912650839,0.0416848463617425,0.054720032,0.086559699,0.074911965,0.0596167054049697,0.0102235835458804,1333.20897805281,4165.91518529862,2758.1317428621,1889.8647902258,565.04502147557,0.794999602492741,0.794233835126138,0.644380037976626,0.348861977754744,0.137560357293623,0.00538657718280239,0.00915257665806338,0.74979401,0.839989462,716.36782284,669.11734584
"35",35,2.67115179007034,20.4022616849021,11.1280635886455,7.32490373205327,1.17185972761193,0.051289125,0.049731022,0.071783254,0.06594403,0.0609903378084734,0.0129372482170177,1332.36921115324,4166.71144,2758.14396293162,1890.39184433218,564.804329267841,0.635389825645917,1.45640401016045,0.638042932555687,0.269255270788352,0.131638909957696,0.00620555655081664,0.00729474681635165,0.76536995,0.838468969,494.97254688,517.44612984
"36",36,2.59008690465633,18.3094220035565,11.3746602504521,6.96159509935576,1.13103131613015,0.050400762,0.0549884961517748,0.073062848,0.069478873,0.0603999204757092,0.0128943951774851,1332.48481429775,4165.50055638829,2757.95982192061,1891.07492811663,565.461695001695,0.486934880009765,0.871680525232426,0.607591393475232,0.304793927951165,0.0969694843429117,0.000560493397074229,0.00661700315832288,0.764025415,0.905023953,227.34172464,302.15295696
"37",37,3.01855716925722,14.7990956709787,11.0731645587589,6.598900905,1.10333839237536,0.055812757,0.0666306,0.06755433,0.065204195,0.069005299,0.023411688,1333.51581070989,4166.42165967687,2758.16995780965,1889.5939666748,564.712497159969,0.724063452069707,1.54192385891817,0.517163256461434,0.411442177616593,0.133319428705895,0.000979704991403739,0.00714297763333087,0.727203764,0.825034179,1114.33089948,345.831699
"38",38,2.43773036704668,17.6810255079566,12.0507129024731,8.23509712983009,0.908089909595867,0.045109649,0.056473697,0.077162208,0.068156343,0.065462764,0.0117544654867254,1333.42008654955,4166.41465218534,2758.85352327547,1889.91041910957,565.000960522803,0.751011286787898,1.03060153264582,0.646975921421354,0.334024408899885,0.160065583771685,0.000931123476830149,0.00992738613546588,0.881959385,0.862459665,24.29930052,607.5902394
"39",39,2.49414026507345,19.7453623329436,12.1173815874585,7.63857462479347,0.922741183,0.051178895,0.055571579,0.072452651,0.064618803,0.068372853,0.016008121,1332.12935517404,4166.9365539205,2758.208767,1890.03002352373,564.747934669191,0.863291163091976,1.44920282589108,0.607956268102743,0.373175486461015,0.150664632515994,0.00386797457409638,0.0144872435782509,0.74540762,0.834107726,627.90208416,1196.1358356
"40",40,2.72346998893774,18.7656451547449,11.4685587341552,6.91058750071288,1.07480335428702,0.0496962086996953,0.051828859,0.074745144,0.075976777,0.069021761,0.00966262,1332.67062286816,4166.99977560524,2757.67086296256,1889.6554961017,565.443384002013,0.647509857617151,1.18307794116567,0.649097182078092,0.243838815162425,0.133657365394837,0.00461290269075768,0.0201780892523658,0.78943855,0.827510425,1038.98903136,1197.76820496
"41",41,2.48181111940079,16.40856332,13.7388589861382,8.415682708,0.825654153239246,0.034013519,0.054920679,0.088753436,0.09031274,0.069575052,0.006783785,1333.2649926421,4166.92976029427,2758.85591794963,1889.921375,565.2884563,1,1.1010841939045,0.616674224166033,0.276066579887507,0.146432194764976,0.0114193380125343,0.00846854993866887,0.762678596,0.855652958,1016.44194948,731.0748984
"42",42,2.49771124889705,19.3228347073173,12.8906705579534,7.646591209,0.945967680026399,0.044937016,0.0522475430615835,0.077029913,0.07607875,0.067899065,0.009327641,1333.23167723677,4166.715077,2757.97743164892,1889.60167173408,565.121566892412,0.70767823100733,0.990659349190709,0.599902385064275,0.285461278178445,0.14216816689309,0.000248342289955595,0.0111417878223739,0.806347574,0.785791497,452.04427332,787.7428428
"43",43,2.82061586658223,14.9809277870515,12.6135204221992,8.03948337770111,1.36619533057792,0.063097886,0.053350006,0.0451318990968643,0.043566359,0.056650593,0.037897488,1332.90979009024,4166.782028,2758.76308167865,1890.16479197951,565.059990421499,0.695275035263697,2.12056036710329,0.61397122025238,0.274902685890116,0.130743801562603,0.000225004264040656,0.00874457598462337,0.720144837,0.890513297,776.00538828,670.06762296
"44",44,2.44374044750622,15.1391674306101,13.722023253107,9.5355550031555,0.958497618288237,0.0279901651832476,0.050988903,0.084814154,0.08816133,0.058333299,0.005230367,1332.88270102498,4166.853387,2757.31669384492,1889.93713594934,565.284832215849,0.894567613987453,0.737831753410979,0.585627702359238,0.240905060648404,0.157509355385536,0.000600054270814299,0.0112770964996768,0.726669399,0.840105434,570.38313444,863.87368164
"45",45,1.69569000141329,19.2529164020962,11.7943636391037,8.14932862292676,0.769437181575492,0.048334691,0.053953897,0.085149536,0.073145335,0.063608028,0.0103968547078322,1332.44593962542,4166.575796,2757.51432616677,1889.77203953649,564.942637132423,0.734232894373841,0.767174447498692,0.629469572866186,0.347289111786065,0.136912084002685,0.00270776938794383,0.00546922275555195,0.887204046,0.828692584,305.80001088,572.84366916
"46",46,2.38986835318692,18.11667492,11.6049656870972,7.68377608536398,0.830959065503856,0.045148186,0.056856164,0.083418153,0.075258914,0.071890046,0.0110859199718123,1332.90779737763,4167.43782722742,2758.23951124078,1889.95610432946,564.867175444806,0.747800544864198,1.23468745152288,0.567789915801403,0.333025216802753,0.133993426088477,0.0134424914457259,0.00745463283686238,0.843022496,0.809456013,872.84837304,1131.4770318
"47",47,2.37976452141965,17.6781824295185,11.8078465183083,6.73096141416474,0.890748042,0.0537918281250028,0.057581635,0.067821437,0.063978765,0.068286912,0.018972233487723,1332.7680519527,4167.08789231413,2758.56727208942,1890.13856410904,565.01730669132,0.529909845380563,0.94428260737245,0.595498494988655,0.390042019694643,0.116049876258206,0.00408732073761547,0.00993499542777138,0.821513642,0.858678675,848.84199,417.75566604
"48",48,2.16865404033657,18.2520120596926,11.1839276216421,8.11265754937614,0.843478837659955,0.045644018,0.05446585,0.07857585,0.066270295,0.064105741,0.0121845055923281,1332.48228017419,4166.71733381356,2756.89714315653,1889.93098489637,565.199684264956,0.890941816018471,1.19158668717356,0.553783011561065,0.349060035479615,0.151653812700666,0.00382035327313923,0.00630276575353358,0.813355507,0.8395337,275.34793824,674.45596464
"49",49,2.52577786608062,17.7476909769824,12.0834986131881,7.85074656814343,0.966293585615506,0.042640275,0.056785569,0.078108453,0.070210094,0.061242728,0.0117030259086479,1333.41777251886,4166.1642459558,2758.50237395338,1889.3245497731,565.004495002927,0.784570442002951,1.0820973510583,0.630833886803337,0.339097949520633,0.130029004268682,0.0020307415335354,0.00729041666624555,0.817959186,0.893325592,730.4717766,376.59412836
"50",50,2.39019152742815,19.0454614787387,12.4307425579477,7.50084620337491,0.953465581506222,0.0431074,0.049223411,0.078777522,0.079649395,0.066706645,0.007923289,1332.96491566583,4166.62961960242,2757.65336116362,1889.79139402011,565.094676014181,1,1.37902525955278,0.593884063554399,0.260162762263909,0.179584304675356,0.00302076254041942,0.00773216713629701,0.833053639,0.817390209,193.35848316,680.95207548
"51",51,2.62039094723937,18.4333794470326,12.4271522316055,8.59840308022274,1.02126082907695,0.033545217,0.047235356,0.080452224,0.081299135,0.061775499,0.005848869,1332.49773720524,4167.20482271365,2758.01392338568,1890.11132401787,564.709930837025,0.653002242654281,0.804026416397661,0.60924741501572,0.219464510690726,0.132995884252462,0.00534177992167671,0.00899396927718274,0.770735782,0.805961402,841.46912412,512.59746984
"52",52,2.69459862373029,18.9913870559992,11.0966233317984,6.78465665299807,1.05741914004735,0.050564999,0.051771211,0.07613512,0.075834324,0.069638533,0.010227152636346,1333.18303785916,4166.81442488459,2757.39694108786,1889.54190394272,564.91430619791,0.836847875684404,1.51670602687369,0.656055035365272,0.255918193461147,0.132881663389557,0.00253023901096649,0.00796555628679679,0.742898853,0.83483693,802.86480648,697.7334456
"53",53,2.29768534522419,19.1044747675672,12.5162350865605,8.154235545,0.926601013815318,0.05152411,0.055413639,0.072084058,0.063510506,0.065357899,0.014707115,1333.15516110088,4167.65469993921,2758.08658364667,1889.85217016584,565.0650999,0.721895599546858,1.11440586596468,0.583834562397935,0.365666736410984,0.137510273260949,0.0011136220261772,0.00937161136223357,0.834649624,0.849917681,808.06815552,780.23218884
"54",54,2.6949853907345,20.6408238589421,10.1827245541482,6.40021286484425,1.00353384452602,0.054190005,0.051497594305158,0.071428387,0.065439641,0.068878239,0.0182795512182203,1333.26800467923,4167.38997627193,2758.16219232401,1890.35031694521,564.980407435745,0.579690723300655,1.29777526238146,0.605792007171376,0.319041448388521,0.0877271901120242,0.00835559012179562,0.00892669919924683,0.75843097,0.818352949,861.6913338,405.72534936
"55",55,2.47918573562809,19.2090483576096,10.272365520571,7.16781830434522,1.02882729179559,0.052819626,0.055503961,0.077462922,0.066547792,0.064400741,0.0146026140602904,1333.46704328018,4167.252591,2757.94292838914,1889.72532921607,564.855947703319,0.512452950165553,0.914018112998434,0.585460500040322,0.338430415435303,0.107126748253171,0.00270543179712726,0.00977341362058454,0.727221748,0.85027899,1042.55488068,728.23246716
"56",56,2.67887013531723,16.9977748055225,10.214499049537,6.26676134363137,1.27596690054209,0.057429829,0.055482447,0.066370474,0.063377116,0.057239463,0.0203128513108883,1333.18991053634,4167.16696193468,2757.64000988297,1889.72186277286,565.073951258297,0.628571098295271,1.51352694854168,0.56233930023952,0.322072615471331,0.107076330093627,0.00366088535030935,0.00674366986814984,0.801138694,0.837854684,274.6358604,1050.35616348
"57",57,2.93864833896145,19.4411770076094,10.9895989931328,6.62031297339195,1.19295943408292,0.051181687,0.0523863247871281,0.066492046,0.063092629,0.05980256,0.018541745,1333.12959923376,4167.105869,2757.74784440416,1889.972862,565.030294491799,0.760803067636145,1.62135987969138,0.644567620742967,0.318275344536818,0.116619267518729,0.00089385381103731,0.00656862846257877,0.84839386,0.810447906,685.3664016,806.01494448
"58",58,2.82698600859922,19.9958512259894,11.7025261267144,6.96219390836986,1.15625243731226,0.050821566,0.050344893,0.06896306,0.068218729,0.063431236,0.012538609,1332.859948752,4166.6205630661,2757.75696897319,1889.50765226084,564.804088798337,0.669112033929799,1.31633785528178,0.586290467305089,0.264702036179823,0.114837967896928,6.18555143773356e-05,0.00770168009525967,0.804047741,0.846571599,1011.33845292,852.06776352
"59",59,2.24469895861696,19.1456462370611,13.7309354515569,7.37582510935242,0.967842642851816,0.0421461002259856,0.0495928880785934,0.077121309,0.080544202,0.06150528,0.008431426,1332.46609758029,4167.21209491612,2758.22508646165,1889.91962169264,565.015130177745,0.658713237794993,0.995142989410407,0.649938100235974,0.26474891950897,0.143797390894618,0.00831168827313335,0.00596256721100838,0.969922228,0.865064653,60.907746504,695.24757192
"60",60,2.37173028798099,19.9445001061019,12.2114043703051,8.263599864,0.974271199992509,0.045030506,0.0521406689773523,0.079327744,0.071652961,0.063425491,0.0100575017823079,1332.24560241628,4166.00092091389,2757.38288702119,1889.97163596784,565.042827396549,0.603120553541902,0.927579906964076,0.612582522111584,0.297437111200796,0.134612395259629,0.00462233314333973,0.00598721255042963,0.723417292,0.803956089,407.86347576,1196.77164648
"61",61,2.68566472157362,17.8079291936127,10.6797838202148,6.77738069263348,1.08242285312529,0.071521637,0.0528550252321384,0.057148979,0.054727079,0.076334605,0.036699309,1332.88080296691,4167.20259077277,2758.02017592962,1889.41195256421,564.739173289042,0.482051808583809,1.37582716153529,0.623306590815226,0.308467599583493,0.113792715282955,0.000738580202999484,0.0120956924665336,0.85310375,0.840292361,630.99749316,1049.92985052
"62",62,2.24620104648637,12.8920909591234,13.7347162831178,9.30077038426096,0.759233667952675,0.0294836803831108,0.060880346,0.098337263,0.099821632,0.067249522,0.005783066,1333.51406926434,4166.52994844045,2757.77934637429,1890.09582506973,565.128058986467,1,0.72597484674865,0.673963470988503,0.285679689206572,0.170339038341197,0.0103852996358796,0.0135630545495336,0.832834119,0.807412589,345.39392556,482.85893124
"63",63,2.45411033406683,20.0182054788831,11.8078359365888,7.1632058345437,1.03153181423644,0.048884308218751,0.0517826966094191,0.076587545,0.073342352,0.064164472,0.010967243627885,1333.08969151013,4167.24291765814,2758.4739593352,1890.54926785171,565.225093357159,0.712716015962785,1.19599226042766,0.537584502650414,0.298296282257085,0.124153251679374,0.0034100990004503,0.00610402275213033,0.741392415,0.846643017,630.29814144,1039.07819556
"64",64,2.50095068118173,19.0331987275581,12.6447992208203,8.9224401693398,0.974917423841001,0.0360888867489652,0.044687364,0.078076183,0.080675747,0.067511003,0.005314051,1333.05977829371,4166.30492652697,2758.09284370816,1890.10227686749,564.974614591489,0.789804804071653,0.949429768528225,0.558570248488702,0.209399541728689,0.144805361186371,0.00175619150309401,0.00838110686010173,0.925622841,0.803808498,1199.01583068,735.79772736
"65",65,2.26872591717762,17.6324723296221,11.5362433106309,7.70222536729801,1.04515147194705,0.049393123,0.055402757,0.079003398,0.071890488,0.061091184,0.0109976468359193,1333.33988321315,4167.339135,2757.58157176759,1890.19941053741,565.016939448811,0.942089381202583,1.35282645231313,0.610386267786651,0.322454088341845,0.108218923486963,0.00187157813633169,0.007501241406226,0.731849957,0.803726922,101.399265408,532.74373224
"66",66,2.25474933301146,17.9689734251726,12.5000544205265,7.47935963620733,0.958647342318833,0.048314658,0.0545977899733563,0.079466694,0.077699977,0.066164305,0.009763869,1332.35922578437,4166.89584813024,2757.63182483781,1889.78280912448,564.873561190154,0.851582172621353,1.17708404606618,0.637092281491647,0.305080051723202,0.145029590772113,0.00281815822317474,0.00984206038283713,0.904664732,0.808241638,922.82122944,719.33780952
"67",67,2.922233228,18.5972817335552,10.6035238917583,7.511949619,1.05672017469295,0.0610232564145135,0.050059458,0.056597056,0.049274083,0.072855302,0.0330406673097197,1332.82481054987,4166.9046753779,2757.67660163908,1889.56664405873,564.858901908844,0.56367848237567,1.54860332909241,0.568135517775453,0.310301198231417,0.116304044560905,0.000903745482185507,0.00801276977550157,0.986095143,0.861277193,37.893697788,451.95527868
"68",68,2.51658427229154,18.2080706934882,12.7802381618512,7.65002554729618,0.898453683022678,0.043786629,0.052345214,0.077794191,0.078840587,0.072157905,0.008328975,1333.0615047158,4167.07931142971,2757.69893642608,1889.89208250991,565.002536974232,0.944311057191526,1.25546932591342,0.495674766143053,0.279248722854706,0.152916139468692,0.000651326414612696,0.00858999246218331,0.782212687,0.907503245,1180.82959896,354.60264192
"69",69,2.79457645982993,20.4077422554518,10.4125312031188,6.500029787,1.13740306716164,0.0575842807721088,0.049577871,0.068713779,0.065757137,0.067708124,0.0165082897426193,1332.655318,4167.41692327092,2757.02756946788,1890.302161,565.481573389055,0.631068653522803,1.68052602698052,0.460605495611049,0.267116845048558,0.111465876423738,0.00717164264541744,0.008788743970806,0.829174772,0.854765609,270.86025192,636.77458068
"70",70,2.62577117800311,19.6585404499318,11.9090798104258,7.70494890621521,0.998031697826056,0.045601328,0.0466710269724452,0.074943787,0.077737195,0.073895967,0.006708173,1332.64790863086,4167.3947394313,2758.17896728431,1889.99034006479,565.0144787,0.640949472552179,1.03441039971091,0.633965403728865,0.205175677580288,0.0928131322480126,0.00213921601659814,0.00723483376752218,0.801769767,0.826055076,906.18567204,928.47738084
"71",71,2.52762199365583,17.7180835766492,11.7263004125695,7.52631640407676,0.970656941429058,0.04465445,0.056747529,0.077792242,0.071028248,0.063111108,0.0117445852818921,1332.97035135269,4167.0331240313,2757.377853,1890.1706187042,564.8198399,0.714780231868582,1.03286478300833,0.569186995869167,0.334767116004262,0.112540772635334,0.00203453413883445,0.00725638538604058,0.795497945,0.877611188,707.9504094,765.43256772
"72",72,2.6345462779185,19.0856484759172,11.9135503184963,6.95660787104932,1.04904643779529,0.050035292,0.053618542,0.074212909,0.07389907,0.066900965,0.0111758400808036,1333.04186127626,4166.48012396026,2758.45108745923,1889.56267188294,564.824819161248,0.54544990389461,0.964356721413648,0.525817399029508,0.288128151820135,0.115007103198315,0.00190191913950293,0.00935972521225367,0.803237646,0.812003007,376.50074016,1048.11432996
"73",73,2.10953835944921,19.2532977374877,13.2957376426988,7.56447914378856,0.671433141426999,0.039966469,0.0570297742806292,0.091553262,0.086439819,0.074799333,0.008626834,1332.82490447886,4166.80099095406,2758.62840605614,1890.06325035928,565.021710738192,0.812849599071972,0.736369168527343,0.560581926372072,0.34419421654375,0.156882828270105,0.000767841476904746,0.00754083614423422,0.87144881,0.852637341,1004.49191592,450.49648788
"74",74,2.52705546275965,19.2333235465178,11.9268745206588,7.69974132053075,1.01474787567539,0.047107109,0.047680741,0.074944844,0.077284327,0.072036526,0.006915818,1332.66369685958,4166.26120388299,2757.68328994374,1889.20066327359,564.995034733599,0.618391960654168,0.97660572576006,0.60254823769332,0.214632147659239,0.104411068167935,0.00116308999746375,0.00956611440753882,0.844999204,0.826350229,1115.53653192,1191.63217128
"75",75,2.45892925710904,16.7025212543348,10.9923249767078,6.10501703972966,0.83073968117435,0.0572011897541445,0.059596289,0.068375603,0.067059101,0.077867857,0.0212553379740376,1332.62322224887,4166.79885287415,2758.20869816897,1889.56582968721,565.017435763445,0.454002356487426,1.00093470284178,0.621193739670039,0.386105117013967,0.119755216798185,0.0105318482803967,0.00943002034740938,0.984523471,0.849312543,108.757667748,537.49792032
"76",76,2.29786366781196,19.0637806338367,12.7907985063156,7.58160875165459,0.964183120396167,0.0457116111853363,0.050759666,0.076824629,0.076678052,0.064985429,0.009192583,1332.80379296669,4166.63063402735,2758.00108458292,1890.76610498586,565.23295087445,0.596230037124328,0.986602918243158,0.616088929433014,0.266595174464246,0.104415847568862,0.0121309771911761,0.00773829594506926,0.79707892,0.835856609,622.50845292,816.18296544
"77",77,2.490100819297,19.9229399901354,12.4969034286767,7.42215642704913,0.943106071523168,0.045719557,0.0479993128879095,0.075300583,0.077916695,0.071458124,0.00791431,1333.08422643939,4166.19443468981,2758.06686263633,1889.83328190301,565.202685729795,0.770670758453144,1.14063019577288,0.584526858569058,0.241552128392377,0.133030082105447,0.00176596803145141,0.0125338213656771,0.792326227,0.842287271,508.13261676,721.94613936
"78",78,2.56244899131951,16.7908882194817,12.5145467002112,7.351436876,0.878108740969733,0.04407262,0.058611162,0.080425552,0.079313868,0.071741389,0.009985782,1333.18454816708,4166.97151550613,2757.64539815515,1889.51170913344,564.819315725085,0.702813710350071,0.953878330192462,0.659920874004124,0.314805617569504,0.118209266177355,0.00237597709821367,0.00727485652859535,0.752298938,0.802340244,98.424046212,1162.4031528
"79",79,3.27171960045533,17.6728091919564,10.5434258535624,7.61416303521404,1.05366141887795,0.053411233,0.052240699,0.056314883,0.047960045,0.070540485,0.035949343,1332.64897892568,4166.6079006103,2757.42951482234,1890.4774515167,564.8889483,0.597965719507892,1.55105051359226,0.755582142665504,0.343855260205163,0.106215731140342,0.000182797097007269,0.00788762182283545,0.753568887,0.853525584,39.474680556,483.1908894
"80",80,2.74902513682235,19.4634868790597,9.8778418142252,6.95081284072873,1.0509574861282,0.058028709,0.052509474,0.072240231,0.063014338,0.0717984,0.016771692,1333.00532802953,4168.01435172541,2757.948577,1889.75941654733,565.059462006351,0.671845683341898,1.4440810560543,0.573977516631752,0.291790401224102,0.149461413145766,0.00067117714310823,0.00600844455575414,0.869505,0.809318767,352.84886976,448.44510012
"81",81,2.73937414476369,18.9526670553639,11.5713242072696,7.06786335084349,1.06211724266299,0.04986069,0.052469998,0.074288465,0.073594184,0.068865937,0.0109752940184762,1332.89932339571,4166.7258797035,2758.10936081203,1890.00012453587,565.021096987296,0.556571583653898,1.21012100656125,0.683903440754469,0.25380109188122,0.107807151704133,0.0096531397963599,0.00827545188753352,0.806946768,0.786691689,579.18622488,937.30245204
"82",82,2.60443414903832,19.4777759362861,12.1205254109388,8.16724737817871,0.97202478,0.043502332,0.044218908,0.072860551,0.076821968,0.076103673,0.005722956,1333.4317561515,4166.872403,2757.72526176337,1890.04548519484,564.70060516043,0.752288639599916,1.19257047305311,0.55782375032433,0.190556126123984,0.129046904016478,0.00235805846134295,0.00557484584616983,0.706267945,0.772379842,1134.83792244,1151.83208628
"83",83,2.32931679222215,20.5001925827132,12.0658425279018,7.14472095581241,1.0574889121344,0.052227265,0.052722095,0.070853164,0.065556127,0.059274208,0.015670228131153,1333.31289185433,4167.15708167759,2758.2119101176,1890.14306145783,564.937062588536,0.560528794136503,1.12383133234344,0.560665127320755,0.350902703766206,0.120264281884949,0.00621416307199565,0.00540958537960336,0.818414479,0.724389115,209.83331328,1188.5932332
"84",84,2.47745001466357,19.658639584482,12.7442556140966,7.51422770525976,0.925622499096556,0.04557024623622,0.052649994,0.078056214,0.076268893,0.068781737,0.00987637,1332.64571952234,4166.56662845759,2758.23795563405,1890.08295115919,565.123895638751,0.738198797394694,1.07058960116822,0.611085621222011,0.296000897076815,0.133055993377671,0.00196266062890477,0.00617872787513221,0.807759728,0.796863711,408.43310364,599.0307396
"85",85,2.400584561379,18.6839526578093,12.8352851444758,7.60007950911035,0.948575744092335,0.0445048690699492,0.0524646886252406,0.078023872,0.077147047,0.066116544,0.009121053,1332.79201234995,4166.94309790154,2757.91246579721,1889.74879396503,565.321264478886,0.887843694104187,1.1679386961056,0.575660157115568,0.292274584899211,0.154311711922778,0.000355341301928321,0.0111962890475056,0.842785812,0.798955881,190.85683176,1106.2669224
"86",86,2.9163000546743,18.9940218609186,12.7612761341634,9.08722620658351,0.754366672626299,0.024461292,0.0398020400935966,0.071358768,0.076376945,0.069660102,0.004482014,1332.86822988713,4166.31532261975,2757.34915741858,1889.72686917622,564.931724210562,0.701264980428995,0.681702664555198,0.684980781944332,0.166812339864879,0.124540033930687,0.000900631951020049,0.00604261705399564,0.758417047,0.92965497,368.91985044,383.8356426
"87",87,2.58386015855101,16.7644846925246,10.2430960685866,7.22089268549841,1.10752285340255,0.05350088,0.058243776,0.077452866,0.068612166,0.064701801,0.0132003435774687,1333.1173924756,4166.47273647618,2757.28639663339,1890.55046079763,565.080285061656,0.657681063396493,1.21596378425157,0.679237029971354,0.308921299341929,0.122754104987122,0.00234276875281629,0.00721985757745775,0.810252062,0.83723582,650.39136624,622.37493144
"88",88,2.42910815002048,18.1314207827931,13.0378510313203,7.54791136779449,0.938554657311195,0.036296582,0.052514159,0.084616864,0.084811234,0.061472457,0.007719687,1332.93952811745,4166.74224956399,2757.46037419403,1890.26884015514,564.742165872857,0.840824073047265,1.00643295580397,0.619990787731621,0.281356013685361,0.144919596384788,0.00583180723958683,0.00597346959477448,0.803659656,0.839454869,538.32453624,793.96963404
"89",89,2.24120382401551,18.7802720358253,13.9633448277836,7.66993081969113,0.865330101,0.0413551705331408,0.055866521,0.082856878,0.080172403,0.063799609,0.009544846,1333.2692781629,4166.82840754763,2757.3313955126,1889.33320356191,564.887796,0.784966017591464,0.870377472399449,0.558201354926971,0.337196508651332,0.133051246354892,0.000997993495988747,0.00565873001178317,0.729196483,0.848274583,878.94679464,451.0196022
"90",90,2.90235649928096,19.3878847685638,12.0838960218858,6.94012462486781,1.06574517910678,0.0511169508542053,0.0508199540399796,0.06868218,0.071328411,0.071279633,0.0114542204077161,1333.48220473055,4167.12174073694,2757.951734,1890.35987400086,564.637514161256,0.827118481777698,1.65064705813023,0.612451133186204,0.246913800572108,0.12945229109039,0.00162764814414344,0.00963072167088731,0.824886881,0.897770402,351.30322092,327.36005808
"91",91,2.32421659738456,19.0745514755224,11.6324842647256,7.76781917027247,0.751476870083638,0.03878368,0.0536154425338577,0.089839087,0.083326721,0.073397583,0.007773533,1333.188164,4167.03101249706,2757.78985149257,1889.99118416761,564.9719589798,0.716013619644401,0.741501471235666,0.608278168893181,0.294464923044863,0.11355784489986,0.00152266444206132,0.006951530076044,0.828052491,0.903793133,1054.41849228,507.1875882
"92",92,2.62676256789981,18.2090411276946,12.0650217665855,6.81066564340597,1.16467184629559,0.050416055,0.0538373,0.070271081,0.070776487,0.0598637523155583,0.0131117259081363,1333.29535193132,4166.56499023059,2758.28544952242,1889.76981941756,565.2471863,0.665928781490801,1.42900768557957,0.624565089787344,0.293567796690085,0.142017441238585,0.00747602594010358,0.00922291238223488,0.763815158,0.85420997,715.52150628,609.886797
"93",93,2.54277401844214,18.7196725136651,11.7001018705119,6.95589092051114,1.04914260660443,0.051267618,0.052003307,0.074884036,0.075834041,0.068460471,0.0101271998728393,1332.9289792889,4167.3754099767,2758.29986035063,1890.75277473524,565.143983005032,0.782271924213481,1.41047791551585,0.628166753490542,0.262119472999307,0.119528700232088,0.00439991294501736,0.00839647073260375,0.83978226,0.783533669,493.0730796,748.2985728
"94",94,2.63214477815725,18.8034187161174,12.4713295375945,7.17044973635453,1.09696075339953,0.049637417,0.0530664569381778,0.071423873,0.071753793,0.063661127,0.0116696165697346,1332.71507429681,4167.40013228706,2757.83003860915,1890.58540727247,565.092913597289,0.64932619108029,1.17992236558283,0.712365901629701,0.27903896732642,0.116189938763691,0.00283944636897985,0.00896219030689091,0.850856792,0.827880836,230.9334288,304.24354152
"95",95,2.01683667579006,17.0538860041454,13.9015042303436,8.63564995221228,0.871359072157434,0.038481366529226,0.0553018636021268,0.082233185,0.076264117,0.0572005699700645,0.009291204,1333.23546842187,4166.79522888611,2758.49689548829,1890.44015545832,564.793898272549,0.589326167649255,0.71138251350285,0.562020832396062,0.318595422083878,0.138207925982502,0.0118477914551479,0.00605668949227741,0.883565827,0.878844741,176.18775,631.03212396
"96",96,2.29908087717298,18.676690149425,12.7046115988972,7.97498451626235,0.880788133571686,0.039885112,0.050524305,0.085051321,0.086066982,0.069546487,0.006656069,1332.47001473889,4167.13088554776,2758.16378144953,1890.06131193883,564.6067235,0.809493409522336,0.890009447224869,0.591388506200218,0.261941326598939,0.133664861788961,0.00135007350387012,0.0129684711081509,0.888274005,0.855679317,263.37745236,391.50578484
"97",97,2.44677564083611,19.4056512931289,11.6698253694397,7.0962550277455,1.06626116055536,0.0500284473715808,0.0507743523198895,0.076706939,0.076101288,0.065278876,0.009536711,1332.96790999184,4166.73679767781,2758.33365674781,1890.01738016352,564.891937353704,0.736258048645839,1.1814863821668,0.686526066550313,0.261173195406198,0.113238094957159,0.0015503840522968,0.0120476714502351,0.800057533,0.852360893,949.85080332,634.57125816
"98",98,2.70493070065481,16.8995131667773,13.7137269769942,8.15408419652293,0.918333020129029,0.029661754,0.053749565,0.083197294,0.082029949,0.057742647,0.007453601,1333.09916624921,4166.40927756961,2758.39753759773,1889.83697956229,565.062293910023,0.759121615016836,0.821936406947196,0.588033884190858,0.272390297093891,0.125653426397663,0.0102455371198666,0.00979409451894083,0.720993071,0.854553945,692.52041784,518.41407768
"99",99,2.16664938309072,18.1793364263095,12.6857685720454,8.01494415951558,0.920295306343225,0.05085251,0.058121962,0.074393266,0.065717915,0.0624475855724467,0.0145412772932371,1333.37012025754,4166.63284922819,2758.65619270797,1889.8354792262,564.7286515,0.582850677395848,0.819247421024988,0.681806343988074,0.382821873424214,0.118246340094253,0.000171504800315671,0.0103567386539571,0.838585374,0.79901277,798.98534508,859.98368964
"100",100,2.81102802902527,20.0157379510178,10.8646034762491,6.64846282199011,0.999502271558885,0.052422592,0.051090198,0.069060683,0.066044147,0.070873113,0.0148171914547059,1333.22023656288,4167.438938,2758.08834989508,1890.10926359882,564.953435328151,0.41434738566033,0.891470304696282,0.633729120359405,0.27026455415397,0.139097600808937,0.00208914018489508,0.00992127176288968,0.991485957,0.819251807,37.01001882,759.09476736
"101",101,2.30683778191367,17.1813300467661,14.4105503345976,8.079105168,0.789819713086784,0.03420277,0.0546999493122976,0.082476186,0.079631275,0.06182734,0.008604997,1332.98608891517,4167.006873,2757.70732892321,1889.75139610862,565.042990808228,1,0.939361022904413,0.64837464495106,0.311018672852545,0.0911950743556146,0.00243939098765883,0.00677796392116968,0.959043369,0.846129638,87.145899276,1179.44092956
"102",102,2.65722352165755,17.3410408751779,10.7185489583484,8.53488976590274,0.881148316454048,0.041680754,0.057495296,0.081279481,0.066853013,0.067489105,0.0116333894301457,1332.81955316466,4166.96786289013,2757.83021644288,1889.96498431424,565.035141747784,0.626383298214801,0.951892496530344,0.638824006481966,0.32619131772987,0.119753867600887,0.0062881753315512,0.00681203668610428,0.74502839,0.813984054,458.55141684,1002.8061738
"103",103,2.7367676349236,20.2749926688524,10.0290781113022,6.42612592079853,0.994195949,0.0562805055797473,0.053386005,0.071399298,0.064230647,0.071178735,0.0205840471833393,1333.00097877505,4166.443549,2757.76914295989,1889.72327305751,564.941257234304,0.601470445965401,1.25791314691659,0.690714421190147,0.344880562665441,0.103389660501377,0.00307220260131142,0.0136057763951346,0.937563794,0.830233743,862.00232928,941.5824948
"104",104,2.3492526841883,19.6569766285166,13.2120612986238,7.50794334995829,0.892309537,0.051362935,0.055335864,0.070408095,0.066336145,0.067974666,0.015112067563368,1332.23096091696,4166.944675,2757.82849583566,1889.73799992899,565.044874574828,0.502141763735443,0.837310636618971,0.549804416433083,0.359386768027938,0.0766244412212378,0.00555261938825856,0.00957839937961649,0.79997229,0.808261485,619.15694172,817.79642076
"105",105,2.44632811851387,16.6093573268559,12.6672606890241,8.74655765356862,0.939562547006339,0.032465843,0.052123054,0.090348532,0.091628619,0.064679508,0.00562678,1332.892167,4166.79688616011,2757.959124,1890.48965682578,565.077888386474,0.896190421764318,0.86572830083984,0.604750483807782,0.254651038273393,0.145919342727143,0.00293331064131781,0.00536957774036271,0.907783421,0.782315395,322.53971844,1073.5501458
"106",106,2.17523143030759,19.9894817924356,13.1107093396377,8.128651945882,0.987687339744018,0.0496530253518929,0.050494597,0.075565623,0.072107549,0.063753249,0.00976697,1332.76223440618,4167.08574924461,2758.07777273845,1890.24286119753,564.942865881384,0.854837009453731,1.20040631025145,0.514179832167679,0.297027361760252,0.18161699225906,0.000972242066519928,0.0180351613496203,0.759682586,0.821544833,980.32566672,701.930271
"107",107,1.97992629054284,19.6389128012679,13.0108428577512,6.96513959245189,0.733360136387833,0.0459706241594993,0.0527528591247255,0.077848829,0.074618095,0.068759824,0.0118166497491006,1333.06159502283,4166.848882,2757.90774770692,1890.17030003546,564.795875640739,0.613326866665075,0.910794569987474,0.667390031018812,0.328196117826034,0.122601339841762,0.0145806172532141,0.00626549427671151,0.724354926,0.891041369,791.31485472,410.08473564
"108",108,2.51549974989128,20.0185940309561,12.6594986013458,8.96596898386235,1.05650361966979,0.035612309,0.042748251,0.074849361,0.077115942,0.062458959,0.005275003,1333.02525063606,4167.330867,2757.84921727914,1890.38350717283,565.272743515751,0.594003953274769,0.781491949201267,0.575266888341963,0.193832889358117,0.154130723958462,0.00298478559171238,0.00880215527131716,0.724249566,0.755948833,848.08836096,1074.7582974
"109",109,2.75038667835029,18.5627697306457,10.7548139648679,6.1926573364452,1.17643733782718,0.06272156,0.0541289230799865,0.064533975,0.064885477,0.066730873,0.0221180434050036,1332.76750290686,4166.94455198347,2758.47702153129,1889.92023604576,564.734474773329,0.491113603004606,1.20131043962324,0.671152491083763,0.301385027220756,0.14006621243629,0.000339164230005885,0.00809812449879861,0.733518155,0.82542941,1131.07061124,787.35601488
"110",110,2.13560462554618,16.9589103058904,13.2562648527829,8.58648999768383,0.694972960522228,0.037893330562427,0.056229214,0.089987352,0.084492446,0.073181282,0.00799116,1333.09797388758,4167.15291528602,2757.90503951401,1890.30011555407,564.778246130329,1,0.977585572965871,0.611179007859532,0.314584107421091,0.141089531906066,0.00843515999658875,0.00782093665530546,0.816179159,0.874420637,1118.74956924,561.71792364
"111",111,3.28701581480117,24.6661848883542,20.6912794440394,7.43131469439588,1.82308247039902,0.072623473,0.045291516,0.038485495,0.058428501,0.057042919,0.0465136505171827,1333.16570600003,4166.52561400932,2757.74263225728,1889.88084010501,564.987167565436,0.460031849378081,2.67101656772849,0.576230658313466,0.285905615402254,0.107224540264375,0.00529132974888569,0.00802377797266426,0.752331271,0.963040514,669.45002364,172.8717432
"112",112,2.80630992128036,17.8524166490007,9.80396340715768,6.64113768806297,1.13756113926061,0.05122904,0.056036941,0.075937117,0.067569155,0.062696135,0.015027856,1332.98939997592,4166.73758007273,2757.42424870789,1889.21644434625,565.163822138085,0.822439012440779,1.52804787537375,0.610527760899307,0.318751797552306,0.147118280695909,0.000607362758367559,0.0100950632879109,0.883646549,0.856386844,565.21788576,1079.39674704
"113",113,2.80766434730165,16.9222223749709,9.95948175613341,6.61639811652822,1.08861758438486,0.058408809,0.055331413,0.066151544,0.06049133,0.068933143,0.0205185139445033,1332.99192480319,4166.85917218577,2757.96470122179,1889.99528367875,565.118340933443,0.582122180859102,1.35429079542645,0.664474045090729,0.290391405621087,0.126497192662887,0.00131952935230216,0.00767134121236175,0.711569243,0.825083013,520.73472324,692.99731152
"114",114,2.45949315180895,19.1582802963341,12.8879758589193,6.97730399796431,0.964019131258431,0.0479212001758971,0.053737173,0.076028285,0.077245026,0.067272241,0.010770014,1333.4942763636,4167.28528372256,2758.11369384168,1889.76929042463,565.309878975163,0.857214230016743,1.2615715610042,0.609673179089268,0.309120977567304,0.147951032272212,0.00109378095639594,0.00868767266506058,0.866002902,0.896402192,412.65289512,280.19608068
"115",115,2.40527835936814,19.7106652273313,12.7095611928116,7.07039163572452,1.04089864786586,0.04642668,0.052873857,0.076603454,0.076257808,0.060936317,0.0103904889745445,1333.12570991089,4166.877274,2758.00010612271,1890.26842125336,565.122089878384,0.519827163068549,0.785648971180578,0.67425545214315,0.294960274568568,0.127500393205213,0.00131408666274106,0.00619659110717733,0.846791858,0.757401555,98.830199484,1059.9690588
"116",116,2.65074457670439,18.7291926366872,9.67840288191159,6.28479420324814,1.07816078515539,0.0572201284578631,0.054495392,0.073629566,0.066993415,0.066993872,0.017619582,1332.97617935229,4166.86151874948,2758.77016465648,1889.69089714917,564.932110979222,0.580187906906946,1.24021957531379,0.590856234863127,0.316172247818457,0.0966938535343929,0.00530024302039804,0.0130828107444249,0.74107691,0.908639737,748.4149332,226.286382
"117",117,2.53131082100358,16.1795846761549,14.7896963690934,9.3522426257517,0.807553280685864,0.0242535562380634,0.0508886245812475,0.087874775,0.089457146,0.058521531,0.005729723,1333.40905220643,4167.44037003045,2757.21028085394,1890.46345421521,564.7872765,0.83183858943616,0.717192828113183,0.605653132054443,0.232632208941041,0.125518357990462,0.0179609973892404,0.00771393571302051,0.967054599,0.881828761,228.2788254,1124.4277704
"118",118,2.45199289017894,17.0255739885649,12.8481603773056,7.7834503657459,0.949818949581276,0.0426897301983336,0.058046897,0.082269874,0.079393042,0.064977108,0.009608036,1333.01198236709,4167.90381293685,2757.21906993407,1890.07892055632,564.8917644,0.69343562099946,0.911648921612929,0.698504829539389,0.316324140972822,0.113282871961808,0.00287294642599737,0.00496625970171118,0.859115613,0.879339475,791.60817504,363.54919104
"119",119,2.40667588810073,19.5733694267445,12.3550906451809,8.04094985854022,0.973207525811038,0.041450319,0.047562709,0.078941666,0.079554212,0.066875073,0.006688594,1332.90800019001,4166.69608704863,2758.34969820301,1890.09454679556,564.7553181,0.654796498697086,0.844943560339375,0.595214729443331,0.234957421593436,0.100401428744535,0.000448769671883842,0.00783289764868544,0.718825074,0.825454379,745.0249122,1168.61165292
"120",120,2.77783669488322,22.3905139222947,16.4716828018268,7.25294692417322,1.71403485864016,0.065132891,0.0397694531378667,0.036159647,0.045642665,0.0457656001752877,0.053239869,1332.98043938368,4167.1090570983,2757.8929283189,1890.26163539682,564.974021969751,0.463620847970108,1.85173628048563,0.574376916272975,0.300847237611674,0.0924876096893859,0.00121442350157618,0.00663845648321402,0.883794714,0.847267332,303.90071316,247.05320148
"121",121,2.68363034589051,19.07515188,11.9837430830261,7.30019918369954,1.03278846407047,0.0471581803020241,0.04906567,0.073828382,0.076902956,0.071095497,0.007943964,1333.202598587,4167.27222203509,2758.49978807827,1889.90672948926,564.757489021247,0.748076749142376,1.22446657405894,0.597202443111911,0.228084382614446,0.0945506197931717,0.000445057046013745,0.00631225441494448,0.701541942,0.818747855,970.23005892,1130.24707044
"122",122,2.37780782174564,19.1524995845488,12.7936401878947,8.23292361254972,1.03493129723,0.042500743,0.0480660799293697,0.076370802,0.077357333,0.06363416,0.006952219,1332.83021475021,4167.15477679942,2757.86857587258,1890.09836600962,565.024782302616,0.592856954533354,0.811590878149716,0.576927037412112,0.236267034104713,0.118271514416113,0.00125564092843899,0.00780907685092455,0.802600046,0.862885724,227.3669922,894.6178722
"123",123,2.19280538450561,18.0621301101662,12.6061205101258,8.174770907,0.947478874550704,0.040101211,0.054052846,0.089901343,0.086424464,0.063259885,0.007301197,1333.47517818528,4167.38159085043,2757.43430767369,1890.12088531364,564.971000762501,0.912853296128553,0.938716472411872,0.580397410421544,0.29943844961529,0.17269719774247,0.000639808051818153,0.00921708888871617,0.7733988,0.831576372,230.653815,1120.61487228
"124",124,2.49657483691479,20.051782193136,11.1233787935558,6.93680284398441,0.995453899990187,0.056889053,0.054807864,0.071848827,0.065424268,0.068683464,0.017483172,1332.8889694431,4167.53398553147,2757.74757807673,1889.89007807659,565.081111653681,0.511561713036032,1.00211879505039,0.630087307720632,0.350552532091795,0.102150828398439,0.00324292517605203,0.0113383835263038,0.904471131,0.912263271,359.04359244,276.65312736
"125",125,2.1277485531609,17.5689152061343,12.2934157033975,8.07395181285782,0.753813202637945,0.041345140196907,0.055950412,0.08451037,0.07593463,0.067985732,0.009783918,1333.27629310756,4167.60372203828,2757.831544,1889.8684847044,564.75611937451,0.928669944648104,0.983907428052228,0.632229579605217,0.334232758135297,0.135912734260381,0.00419084859330121,0.00934479082327962,0.787386227,0.781318443,1042.19808396,564.25710624
"126",126,2.51253172712469,18.6566888102375,11.2263591365464,6.86028177659474,1.03540896873393,0.050722081,0.053569379,0.079413181,0.078431627,0.068673633,0.009789548,1332.5271078307,4167.30867729156,2757.63645035394,1889.58078238243,564.972047077094,0.734804707006797,1.15754971320017,0.654267552537823,0.276347606169971,0.110471402282387,0.000392086240218565,0.0105411502512176,0.761074176,0.870953451,821.91661248,526.86311556
"127",127,2.37353802392105,18.6882837912572,12.6300926225636,7.37837104621299,0.904794167312353,0.0447706312962558,0.049318182,0.077213221,0.082575596,0.073044526,0.007127278,1332.83286044545,4167.54116429018,2758.05845386932,1889.9678199565,564.870922218831,0.590061299060003,0.854465751118457,0.632845525990452,0.23424189906144,0.132086478545304,0.00425391620637341,0.00783237152179808,0.710343963,0.914835496,574.49733708,272.5719402
"128",128,2.53957442026284,18.7970242201029,11.3299985681091,6.86953162871426,1.05016646326695,0.048505865,0.051166716,0.077524993,0.077754956,0.066876884,0.009351066,1332.69867050637,4166.303563,2757.99907978361,1889.66133767292,565.071323444308,0.866490852245083,1.50411026245308,0.600602774752595,0.261451524247935,0.153493151322119,0.00393554978119575,0.00681985245916113,0.786288167,0.835198477,811.7498892,1045.053645
"129",129,2.7373801854169,18.5475177334733,9.759776532,6.86709681578993,1.10625783087701,0.051449631,0.055506042,0.077047007,0.066845536,0.063527273,0.0143451369153288,1333.11413622305,4166.8802617604,2758.02382361144,1890.14973501828,565.283648341709,0.464365042504764,0.881276208137844,0.589533841726515,0.310410192837518,0.11739151556557,0.000342182160742141,0.00638546587472201,0.812185085,0.816034804,1188.67800936,1051.50641844
"130",130,2.43183491886843,18.8478257823393,12.321202594744,8.20741535883938,0.826485117,0.0364896600538254,0.0518593171673276,0.086504153,0.081418843,0.067837767,0.007633706,1333.23283796428,4167.51169671598,2758.3217461425,1890.00324374559,564.907654976642,0.788354457329083,0.885418928370757,0.672999137156143,0.273750702876731,0.119378056594212,0.00609030994318292,0.00865261300564931,0.839544468,0.786314193,289.55837688,760.20859032
"131",131,2.61283928453595,18.871828889221,11.5217473908996,7.05219799083394,1.06047300895472,0.049797327,0.049254923257774,0.073998029,0.076893016,0.070476667,0.008365073,1333.40521754929,4166.63585650276,2757.72052935884,1890.218269,565.008506800092,0.622146408207399,1.29335961212405,0.545923349973889,0.222025532474528,0.132901234970198,0.00858721907131122,0.00895123875701543,0.904174983,0.907390085,499.50764832,365.09280156
"132",132,2.99930414323628,20.5949852466758,11.7345265263736,5.64498530722005,1.22364895930324,0.053395953,0.046407731,0.059968409,0.070397916,0.062202803,0.0154880102274847,1333.00969096256,4166.88213667371,2757.57424223599,1889.7457503277,565.34366146116,0.567471116860478,1.42468056901481,0.541718424796761,0.224806938070335,0.121961687549823,0.00219985110209874,0.0109641139602292,0.710454469,0.849654041,218.28025488,622.84625904
"133",133,2.42091644210786,18.0665777990392,13.1208681652881,7.96818919298588,0.757289829449599,0.0364085728405398,0.053896718,0.088107191,0.087675634,0.073905167,0.007160579,1334.0308682091,4166.02073229428,2759.02856513771,1890.06457110813,564.875851461832,0.742288975822785,0.765891937433039,0.682963853828117,0.279417185878763,0.141178602689398,0.00262518825765437,0.00566472429920127,0.841170741,0.818757982,70.741719456,796.33832496
"134",134,2.22732536966864,18.0327216587777,12.2475792355007,7.7059689185904,0.850652312108109,0.04253888,0.05201058,0.088674915,0.090412144,0.074457261,0.006620138,1332.37587196136,4166.52646673059,2757.77322941075,1890.1937408665,565.163799187211,1,1.07333944835245,0.663672368828358,0.268199199100992,0.172847689457192,0.000495423885604186,0.00731072266897854,0.904391333,0.848255832,289.09966884,928.11969648
"135",135,2.17410917077862,17.9306036477615,13.1595430521137,8.10337098717,0.94435906251838,0.05071444,0.057661099,0.072825563,0.065655301,0.061565016,0.0142504006566469,1333.163952,4166.58495794178,2758.11469271748,1889.54324255734,564.991228622658,0.663203129115905,0.94898566972909,0.533780018000638,0.384171211088607,0.12421996652636,0.00107573933441771,0.00945728624306555,0.717683147,0.835453534,706.62863268,900.04995684
"136",136,2.43172875,18.2327737404517,10.2361703567053,7.9047912912042,0.972320783463982,0.053281389,0.054353959,0.075961768,0.062888869,0.068184607,0.0135469271205056,1332.9386063668,4167.57663868113,2757.62186372656,1889.81928126786,565.230521159071,0.750206590271585,1.33258909911346,0.540298549279656,0.316400116817705,0.151848676841933,0.00502391075125491,0.0160488631501258,0.794560406,0.856722771,481.02199704,863.77366524
"137",137,2.26854609754469,20.055681623437,11.7435038933405,8.01474402324976,0.945022519658045,0.0526744231630504,0.054544121,0.074615828,0.063743264,0.064844422,0.0150532462630538,1332.97245834,4166.91966477856,2757.98429121783,1889.58280241987,564.667479000539,0.730906146899571,1.19642589143391,0.666188202837062,0.363338132418356,0.116499779790271,0.00325550434323171,0.00672329461603917,0.973182544,0.910634801,40.61631396,379.9516806
"138",138,2.39347958443303,18.6303807300139,12.1087049838836,7.72416190941483,0.908958113942149,0.042197838,0.049711148,0.082040909,0.083798448,0.071821802,0.006764939,1333.3029331414,4167.10881410151,2758.208457,1889.93538506644,564.758117636184,0.686093108063395,0.895093968727571,0.64497875505279,0.240515880832208,0.116101326527117,0.00388257656371585,0.00804729544832126,0.792427622,0.828643341,978.15050796,683.32341792
"139",139,2.49748077373621,17.3183880273251,13.0144551538816,8.91803770030476,0.8442496362505,0.031843199,0.056612424,0.093343999,0.087722639,0.064177392,0.006867959,1332.86271091759,4167.42268850968,2758.78236000218,1889.81462051197,564.658463019395,0.697545032621732,0.636762452171937,0.668719770782898,0.289695142705306,0.124886470745103,0.00314211226294243,0.00905974178690443,0.881106422,0.860440389,647.01091368,791.46650076
"140",140,2.42975746917572,16.215444074547,11.3802881673594,9.315722026,0.942613457783245,0.045781834,0.0581945481214853,0.078251149,0.064847774,0.065207348,0.0116287302205453,1333.05626639058,4167.64174379992,2757.82286414587,1889.78439787428,565.078629918546,0.67685215554049,1.11558173483239,0.626665794556082,0.326629066220436,0.151589402387457,0.00693262224164123,0.0071048626591791,0.742864075,0.898714173,382.36875852,339.90783924
"141",141,2.51390088807684,18.0348612785225,13.5334140119596,7.78186062091353,0.919653456388419,0.0374578472666601,0.052186605,0.082034353,0.085426827,0.066340031,0.007137508,1333.15017234192,4166.56849049205,2757.46574158705,1890.21953280688,564.892596405587,0.74979113544074,0.857442919804841,0.645159200010165,0.265406826302932,0.132344532679414,0.00129885466853495,0.0112746508434637,0.820648168,0.792356379,846.1642542,1090.29196464
"142",142,2.43888743713348,18.3454940184587,13.2964309315918,8.23322331422452,0.855473761463866,0.03767802,0.0550377952120451,0.082909741,0.07747432,0.064400308,0.009218817,1333.1846071489,4166.63740849678,2758.58338875135,1890.17636779748,565.391379138211,0.767633399369021,0.965597770697886,0.559576166637984,0.317986014159368,0.164920260865318,0.00510991193072975,0.00486912229732818,0.83177266,0.807555645,593.2621734,456.80444772
"143",143,2.95288181979611,16.4477912188366,10.7594838718166,7.34849478492374,1.04576803357553,0.061989244,0.054340172,0.060608285,0.0565249757968766,0.079534906,0.017968569,1332.55354986658,4167.08791140723,2757.80411887605,1889.78180151941,564.888643080789,0.583362683074349,1.52485348184839,0.714161573931503,0.201936731829985,0.134506487225258,0.00099320194657756,0.0105287886332993,0.820476363,0.846098592,162.87985668,1198.31966796
"144",144,2.47095564916865,18.7485275727891,12.3165652472979,7.52529836696062,0.941623083410463,0.0429230236135964,0.0516975227737649,0.079475597,0.079928244,0.068355548,0.007863172,1333.22023052544,4167.41669828657,2758.15206526274,1890.009850322,565.069344526845,0.547339890505224,0.764483175611298,0.525000867321069,0.263496403406201,0.121048107828202,0.00328261408326508,0.00940857988400756,0.819706506,0.867075127,127.87700748,443.04931308
"145",145,2.10326520528045,15.1654280202601,14.7534938335563,9.16358902502252,0.7268306442524,0.035275121,0.055884656,0.087863382,0.088846051,0.070407639,0.006659241,1332.98669809378,4166.89874328812,2758.18209967228,1890.0154985477,565.029995898888,0.975112863149981,0.808605178911325,0.640236632848899,0.290666747704775,0.137498970419506,0.00218143088819949,0.00724673663766347,0.841922666,0.840148164,489.4817208,1175.547222
"146",146,2.75136223277012,17.6094394998211,12.7314049467986,6.82347610191815,1.13385576710997,0.043333076,0.0552466238051768,0.072097479,0.073620189,0.057404926,0.0120241511384444,1333.42030282029,4167.46600879073,2758.23757875693,1890.03499133055,565.182102736609,0.653561276189267,1.25135228028629,0.593477580266231,0.303850698630882,0.140738397942634,0.0106222233414654,0.0112518272719705,0.762395889,0.78798459,459.99749964,812.64335784
"147",147,2.49479839867036,17.4580554328607,10.5730808403817,5.621754604,1.18777144296039,0.065160386,0.053129649,0.063186199,0.068220715,0.063739248,0.0200262383519932,1332.52318523987,4166.97705401201,2757.84262045885,1889.93273627638,565.174211731855,0.736546095738229,1.71511979952329,0.599966818436719,0.283411058068842,0.130837712438393,0.00136237054280259,0.0092410626290111,0.733352952,0.86305459,1048.89509976,640.89343932
"148",148,2.48129243017114,18.6398258284889,13.4460335983459,7.91481989490016,0.932291968272412,0.0431092269339484,0.05121287,0.07750907,0.079415974,0.069398746,0.008193595,1332.86016212222,4166.59424451466,2757.56028065028,1889.99751990564,565.190990594919,0.906258933699609,1.24923661429583,0.660037444531487,0.265232982145151,0.147706012285274,0.00300118173651034,0.00877709557109916,0.700077291,0.797901224,1003.82250396,1081.80417876
"149",149,2.77447707410558,16.0881185725353,9.791651609,6.37249000550292,1.24922956772253,0.06144356,0.0555009779418026,0.062653182,0.058554386,0.0615143364863922,0.0249893892883895,1332.80253574044,4167.12964643983,2757.75827203461,1889.59146401249,565.126096534876,0.770981181110625,1.90744921198049,0.591246663879158,0.298969774565318,0.146974814871068,0.00088323767383877,0.00929705158420851,0.786708828,0.818821263,956.95908204,1024.12246872
"150",150,2.07451776049689,14.8033306001706,14.5579864092774,9.28594705463652,0.76589364934406,0.034773059,0.056384987,0.087899496,0.088034941,0.066490377,0.006644006,1333.27001779677,4167.24623702942,2758.38966260022,1890.4240349609,564.877374029513,0.868517674314657,0.730501246750487,0.592517253498058,0.291658309408268,0.160688177196623,0.00431333578716105,0.0095808755568333,0.975788269,0.862973875,31.992982668,323.89992252
"151",151,2.65625508671904,19.5457325941203,11.4124736775961,6.34637126389952,0.997438970884209,0.0603817292345639,0.05402139,0.065545745,0.065749188,0.073679129,0.0204960962399181,1332.68837424518,4167.563893,2758.60361637757,1889.81358435905,564.941916349336,0.505668999491383,1.11642677193825,0.538652126904325,0.336764515530676,0.142038190993939,0.000795592434360184,0.00706300008158944,0.841056771,0.830795826,69.189881064,497.81956632
"152",152,2.15248895840137,16.7444298091423,13.6031346452652,9.505595298,0.911003002790344,0.033633385,0.047448614,0.085517196,0.092847595,0.067049186,0.004735902,1333.17570733618,4167.08604712407,2758.6292747247,1889.94059028037,565.250836287824,0.857736599693997,0.784732401411816,0.631775847142181,0.220968784273173,0.115840061089262,0.0046673874881377,0.00747752763372727,0.799632146,0.828784524,768.51195384,645.58156716
"153",153,2.37140008325219,18.3903187950437,10.5884378975406,7.07015762340808,1.03840917808034,0.0529790762789088,0.055945822,0.079150068,0.070819952,0.064107233,0.0128236426473737,1333.12780861921,4167.24199904787,2758.01811356844,1889.97924540412,564.917738284232,0.685090755633199,1.13736065686855,0.624944909473742,0.328942108201695,0.137339112496087,0.00243600050706237,0.00866548166222514,0.850492589,0.816713603,887.24353632,832.22256852
"154",154,1.79505582047439,17.094718020342,12.7581658319458,8.35135696583678,0.771397208917054,0.041704865,0.0572501902280555,0.086303017,0.075708422,0.059911842,0.0101966180279294,1332.78837052374,4167.07285721986,2758.72401947507,1890.35540230448,564.988419588693,0.795520899294913,0.788656748663934,0.624068328914174,0.359123000382444,0.146587264450636,0.00679836061114663,0.00602682600485389,0.826581519,0.84057548,73.244510964,1182.51696348
"155",155,2.42638522236378,17.6643692301943,13.0257463569422,8.13948389167312,0.896802781233857,0.0387665353020773,0.055543169,0.081179719,0.076662346,0.062742114,0.008965026,1332.98659314681,4167.00952052361,2757.86946765517,1889.97029439926,564.80769734827,0.60296385702953,0.693991059969075,0.638166374924132,0.304589149109637,0.123927383521426,0.000198657506087144,0.00650810025367386,0.819442396,0.849609919,910.69543956,1156.39024116
"156",156,2.56055229698945,17.1177398169166,10.1929206673085,7.55701805534882,1.0530501795058,0.0537047939888857,0.057728159,0.077460759,0.066177799,0.066863194,0.0134457298144551,1332.86266138532,4166.30195598328,2757.796209,1890.12730709836,564.810102656239,0.716723580827624,1.24401131329448,0.625126759267629,0.318833873879791,0.11768754044991,0.00061244108942587,0.0104350080003265,0.853465146,0.829176499,988.65870192,584.64911556
"157",157,2.20923986604079,17.4439256523506,13.5023997423924,8.28802536,0.773128815734139,0.037039411,0.057764675,0.089520668,0.083444699,0.06598381,0.008431451,1332.7662220161,4167.3843392781,2757.78098299464,1889.63708333275,565.353016705525,0.808704219480221,0.733454599824639,0.675974143259694,0.329169803411134,0.155944511452366,0.000143554479752564,0.0102759823084053,0.838707408,0.810324494,924.23957856,528.50651688
"158",158,2.37523006863191,19.1383710570685,12.640219013913,7.38404311865038,0.921311828365445,0.04392907,0.0504045621834355,0.078813552,0.081423312,0.069345077,0.007655808,1333.11942824431,4167.45102917143,2757.98540150092,1889.54776319337,564.919481199364,0.611069157434151,0.80981463959882,0.578043543525397,0.257612445629761,0.112259685429113,0.00169215060894282,0.0134923464871516,0.861170971,0.819172507,1078.90041204,531.86662476
"159",159,2.51030105099077,18.3641995721785,12.6576817599737,8.05809493199135,0.866162985678014,0.03718656,0.049500327,0.080504112,0.082915122,0.071123993,0.006413189,1333.29952809119,4167.6706491715,2757.30428461973,1890.73263447825,565.038451243681,0.559359882680615,0.738348921516136,0.520572052004191,0.238220257623668,0.125779648238251,0.00642717795202433,0.00563173847414312,0.802681597,0.783209413,1100.76167196,580.64322696
"160",160,2.78847908402273,18.9013411926206,11.2014756778892,6.948628733,1.08327600573294,0.049574257,0.0509657528162337,0.074490156,0.075364185,0.070220957,0.009386703,1333.08218319206,4166.40351660147,2757.47634724441,1889.95501258782,565.021597212764,0.523928659155492,1.12608762381449,0.60898251830989,0.230799082824202,0.113732269670553,0.0049420686819484,0.00476496332345952,0.906416367,0.812165241,829.74263268,1006.8143244
"161",161,2.29255310850653,17.7387788217301,13.5348667441107,9.01083207517618,0.804850028031243,0.0296392531783673,0.0525062088827119,0.09211821,0.088339697,0.0615195096200453,0.006228585,1333.02917326274,4166.91997306699,2757.73536744714,1889.69543981273,564.933908394362,0.892606153003888,0.700812639539768,0.619729879303596,0.274144614315512,0.153996317162809,0.00171542329588548,0.00904455558126104,0.828999731,0.846063026,295.07049156,1150.9314666
"162",162,2.31974547960122,17.6310248202245,12.6929672777079,7.711796104,0.831573915200788,0.040215477,0.052874808,0.086815594,0.09056222,0.074837078,0.006420851,1333.00190745447,4167.03691357052,2758.18167999232,1890.65062106532,564.8817277,0.762026132771238,0.821349461046653,0.553986579999779,0.268722132983681,0.129278919956678,0.00123489356709327,0.00634582373065103,0.75076717,0.849003617,666.81490272,466.2831174
"163",163,2.75342363074229,19.4624414749251,9.16335123323854,6.88088909273269,1.02732027729719,0.060691472,0.0544284850919849,0.073747231,0.0604920965415125,0.073678544,0.0222530172376914,1333.10577479573,4166.61504068287,2757.42325971695,1889.8282392199,564.795997822362,0.592373942797727,1.34596409736772,0.516403434094815,0.346247261189761,0.108553865925019,0.00220564066157869,0.00996831615906268,0.757210603,0.853663812,656.47837812,965.14018008
"164",164,2.14355932891981,20.0667574013116,11.8052803413018,7.81743962703558,0.726997713256334,0.035281868,0.055881589,0.090387205,0.076716405,0.061414426,0.009933454,1332.97160252227,4167.162875,2757.88883753401,1890.29886019448,565.092130288899,0.815743732704878,0.745794306988518,0.682419268356147,0.346732277288287,0.12075233825702,0.00494359966752951,0.00696949211379405,0.887622158,0.838077534,799.00045836,487.22029824
"165",165,2.56934253381885,18.1979216674165,12.391966174099,8.43105138,0.921005095055889,0.0387316158136231,0.048426382,0.078460416,0.078736085,0.070372447,0.006546679,1333.10771542283,4166.94186192267,2757.53319456722,1890.58070307743,565.108415573392,0.851134747137947,1.09352983835897,0.590239120161603,0.232979739660845,0.131726776963106,0.00249242027783069,0.00859716739367838,0.722888202,0.831591639,103.300869408,562.59041616
"166",166,2.16516054602352,17.2670884462347,12.8671652241784,8.49697303509834,0.69313163280674,0.04036035,0.0588280672803165,0.091600526,0.084399083,0.076469276,0.00834622,1333.31468960162,4166.55546270798,2758.40916538218,1890.13058128574,565.218013507647,0.847816238615883,0.818370562657712,0.518108350585473,0.342542088228248,0.160283751474168,0.00230454834780908,0.00512507095344405,0.783024114,0.878150661,662.39335512,379.97283996
"167",167,2.40737464104483,18.5238955245234,12.11573379,7.398989851,0.924096107865629,0.0433670958796535,0.050068471,0.080337603,0.082366454,0.070473343,0.007412835,1332.8759694126,4166.827819,2758.35580609741,1889.96938285912,564.765196317491,0.84464002197653,1.16036073021908,0.56427850274797,0.2536488001281,0.132271175464571,0.00445085415857587,0.00812575795437611,0.909073321,0.814408964,248.9386146,611.17850832
"168",168,2.53465188067947,17.938511661575,12.4474456970157,7.07019214,1.02807159165558,0.047760059,0.055034134,0.073100307,0.072428205,0.063250278,0.0118485829941501,1332.7133086004,4166.9383993174,2758.11700247445,1890.06423716654,564.845677146598,0.763271374890229,1.20856799034781,0.588410947243905,0.313675910131081,0.140356373291404,0.00160908585122622,0.00979914028156971,0.703877277,0.848415284,1115.11192452,968.39205192
"169",169,2.37514369972642,20.2188803273997,11.9692883697596,7.23013186984265,1.05512555309872,0.050191828,0.051917709,0.075922472,0.072334613,0.062198769,0.011178791433326,1333.04653632056,4166.96109807537,2758.28082085168,1890.17681468356,565.132133975191,0.612299462690387,0.968963302885244,0.613388711977209,0.299372725489766,0.113420686624131,0.000649130784779291,0.00946891980688659,0.816980648,0.818680183,1157.76012012,1147.87022928
"170",170,3.14874902325627,20.044967773791,10.8128465355846,6.79381474659255,1.01436592792517,0.0549564642452389,0.046887514,0.05965434,0.057783366,0.076646349,0.019603243,1333.31310159704,4167.22464873641,2758.07370990864,1889.6307931638,564.628643885743,0.485460824121667,1.39360956613991,0.585300082487231,0.21588952175581,0.0972265881889403,0.00526697836332613,0.00995135539977168,0.828735928,0.847913704,342.93233076,1163.67964308
"171",171,2.71255553960965,17.1816858934988,11.491583166435,6.2817937263507,1.20821394061424,0.066250421,0.052860835440251,0.056927507,0.061839958,0.067332656,0.02326686981424,1332.81917601136,4166.89290843779,2757.77149071774,1890.0368150883,565.09775542473,0.562044453753369,1.78926917400127,0.59961911189469,0.243927117956664,0.117220014957582,0.00725308791172345,0.010896252571072,0.870812754,0.796830047,177.29049828,1169.7410274
"172",172,2.50693771920797,18.6465495044234,11.4936460257006,9.12537083031075,0.86516915768603,0.037777109,0.0557572682018464,0.084072816,0.06895516,0.0624484791941344,0.010273669251835,1332.68594021491,4166.41644388327,2758.18098833209,1890.1160629057,565.017116878205,0.875049092063647,0.985590668045693,0.552326600629956,0.339807114072838,0.135450218227508,0.000125846466786539,0.0113434281694495,0.87703112,0.858129464,794.34698136,266.36095752
"173",173,3.03592447021659,20.3727438096258,11.7208699505347,5.79930889087989,1.13768319835119,0.051872859,0.048506346,0.06404939,0.073292725,0.066930388,0.0137027034666538,1333.24873317465,4166.99636333588,2757.83950893922,1889.7859653716,565.010582511622,0.509987651322794,1.14909164913069,0.65092653678683,0.229474616514285,0.116142115173997,0.000258487664144767,0.00540609401192409,0.847172661,0.86133122,81.224173092,501.97545048
"174",174,2.894962388,14.8971446446476,9.76185505581206,6.32093629213997,1.11509317486192,0.0569624169942294,0.066332106,0.07171908,0.065122549,0.066741281,0.024829488,1333.40131197285,4168.26961606144,2758.56961000826,1890.71772345799,565.000952355607,0.646524094484696,1.35034161635281,0.578722159619625,0.427242055376136,0.101220983700361,0.00119203001804906,0.00734114626154448,0.759225116,0.804690529,265.27380288,1002.17677284
"175",175,3.11289597435264,15.9567180714043,11.1019712963324,7.24358624773436,0.994507073290268,0.0609583231361237,0.057292239,0.0571810117284603,0.053939755,0.082462343,0.0303224849753345,1333.15484662262,4166.76353757414,2757.7246573898,1889.97748977619,564.806069477361,0.54099222373033,1.61269772762264,0.642931999139658,0.287776740605991,0.122308914106913,0.0036117789958864,0.00807719235685648,0.860485466,0.931260893,754.12779564,229.84245876
"176",176,2.5947199382455,16.7298970225602,12.35328049,6.61498272004296,0.984595850192953,0.056356947,0.0602391095546449,0.065640025,0.066113626,0.06954044,0.020034452,1333.10732283213,4166.648008,2757.44260155124,1890.35321730114,565.080100908048,0.494022010701531,1.03578320241182,0.628010163856698,0.376858023195917,0.118111165645135,0.00564578604386437,0.0118925068296761,0.761744507,0.974576793,1126.95648432,188.29614816
"177",177,2.4789332618877,19.2376260788596,13.2039960195143,8.13691110019727,0.788439845949456,0.032977743,0.052937937,0.085780761,0.081144019,0.064733435,0.007667758,1332.9065685341,4167.51604922388,2758.26612375445,1889.58541507992,564.890901771342,0.705514318749263,0.675781224364676,0.581794665975868,0.290905393059445,0.139504143189794,0.00031416876975343,0.00924576515974522,0.8151072,0.828605061,703.7970828,722.37113544
"178",178,2.29059542253902,17.3215228145997,13.0798108468529,8.88282000653452,0.948943550241973,0.036103050864865,0.049799607,0.086143434,0.088464106,0.065293519,0.005866588,1333.1180088725,4167.21579696286,2757.79122601273,1890.12525267601,564.895714236901,0.82370922125757,0.926002753494258,0.675144616406577,0.238820526752964,0.133291501835075,0.00779615632492458,0.00722283089355707,0.792122898,0.854959826,722.3847672,1126.10365644
"179",179,1.94971679425094,16.3179575608804,14.5788285547836,8.06981404473306,0.758949129804454,0.03502077561274,0.055499615917743,0.090591328,0.090186782,0.062920908,0.007263592,1332.99539779304,4166.85578846018,2757.18880103716,1890.20677173592,564.639127111892,0.884611712990809,0.74421073255076,0.606655469192343,0.303703235503866,0.118796948004183,0.00877305025332798,0.00677127373260952,0.734215324,0.816714609,384.58312968,815.79713388
"180",180,2.56599082017417,18.2044860197393,12.8556473798854,8.67281826823737,1.03962713449734,0.035250786,0.047758404,0.078575407,0.080643841,0.062052889,0.005930508,1332.67290259058,4167.77431272858,2757.86710364041,1889.89361906212,565.01473282351,0.623136982329023,0.784135684612826,0.561041259592578,0.222778117404873,0.103210957325318,0.00512468191547656,0.00828543301252878,0.841967157,0.838386758,206.6154402,1027.45932888
"181",181,3.00421670120104,20.1329000847068,10.36443879,7.05269377554035,1.22083101671372,0.053302251,0.048688184,0.058275438,0.050683808,0.057486732,0.03281633459716,1332.53741354982,4166.69289823208,2757.23749165363,1890.06856575485,564.927469982195,0.850331998774034,2.10981224023801,0.583892896687798,0.379158782149464,0.143177349428344,0.000624331535038608,0.00733794944500466,0.859942184,0.854809175,56.744887572,903.92306472
"182",182,2.47221554304211,18.4021960865465,10.8943858302261,6.9416258313286,1.12117801913086,0.0531770868031451,0.0554410467468181,0.075917703,0.069942142,0.061337372,0.013595964,1333.1754774424,4167.17402324077,2758.03609087569,1889.47621324639,564.809612789979,0.675381707880201,1.23996739213953,0.694177926168629,0.318180914484075,0.122886651915491,0.00332598943051877,0.00779458326393876,0.71535521,0.802996242,1180.45632816,976.77382668
"183",183,2.20610950941501,17.3654182927123,13.0011688619499,8.08530204881643,0.76741383,0.038027524,0.055293747729865,0.088197636,0.084825888,0.069395015,0.007741412,1333.1386739584,4167.22788430596,2757.737663,1890.00310204977,565.06423376,0.81983304671067,0.791685503316187,0.645273849347284,0.302775869188432,0.141893684192901,0.00204681791473279,0.00795596288006331,0.766356564,0.812716615,684.54113676,591.55757796
"184",184,2.44171909493658,18.6989562996817,13.0904049280108,7.5823458707116,0.941560379321876,0.0381220461112853,0.052172162,0.08047917,0.080802696,0.0620026821437479,0.007897516,1333.21575383204,4167.4025478309,2757.47234982982,1889.62122800137,564.956423419164,0.533748756381252,0.665129184286807,0.568363616275535,0.273046281967814,0.139952907848752,0.00436261597714225,0.0107708144023866,0.734643811,0.868082003,213.09745248,391.30576452
"185",185,2.43231868018795,18.4616111049538,13.3944187107853,7.60553406824471,0.857052335770142,0.0421324065106928,0.053009771,0.078863926,0.080022787,0.070446233,0.008631898,1333.02631798247,4167.11236944179,2758.05957801124,1890.25296852061,565.061114851902,0.715208977750117,0.920853156504253,0.5966320143911,0.283915462631584,0.10941834092047,0.00459369065537779,0.0119641869325444,0.806542985,0.8356836,1117.24451892,608.60887872
"186",186,2.63560627335447,18.0100132605641,10.7396141840722,6.56843407784889,1.13912945188864,0.0545747277113049,0.055874594,0.072925014,0.069690734,0.063343438,0.0147359300699855,1332.98470776466,4166.37182805742,2757.60251955142,1889.8410015781,565.041617291286,0.571239159965247,1.14763978894208,0.607059658308306,0.309642971681054,0.0908124760568518,0.00272991794336295,0.00656018019555871,0.753123747,0.852471579,144.54080052,1026.45269448
"187",187,2.52334843568566,18.2641037192883,13.0608618804353,8.089808532,0.821931862168614,0.038512386,0.0544719188855245,0.081480027,0.077989322,0.069456028,0.008618949,1332.78612928726,4166.49669651925,2757.56589806317,1889.36485303964,565.02257038549,0.693317955479774,0.802828837677603,0.569006964798417,0.299630864135682,0.143942483607075,0.000779727612790445,0.00847050400263222,0.912143564,0.838383894,504.68776776,523.57355892
"188",188,2.32661331590593,16.9418214101984,10.9179908132323,7.87540945428869,1.01701762178637,0.050734374,0.0571513088209606,0.075735942,0.065074937,0.061606567,0.0132935883115308,1333.04594116032,4166.86370871872,2758.36379817339,1890.17955421494,565.1285456,0.61402457770142,0.995249639514538,0.63574146606677,0.335186791386595,0.125776150214292,0.00331645854466374,0.00942122784143837,0.776394319,0.810045529,69.511286448,363.3049974
"189",189,2.30958827534993,17.664862803923,13.4698982648069,8.55499294219715,0.968711529972608,0.032281101322892,0.050882754,0.087981095,0.088655853,0.0587685313239275,0.005967714,1332.99721946724,4167.22154278969,2758.02859399342,1889.87702212263,564.84321908669,0.901953413766151,0.806293770842263,0.521611343037266,0.266721562131767,0.151624842723964,0.000191823847000838,0.00762654813067976,0.78946624,0.787495985,47.7990495,913.64232108
"190",190,2.48639973824739,19.9378684630295,11.1238378017269,6.7231266527085,1.07281028442036,0.052854224,0.054549766,0.074425504,0.06881909,0.0618352181824935,0.015261013,1332.65815774153,4167.05508359453,2757.52473823432,1890.13445539494,564.953571146566,0.638244735999482,1.11299356087888,0.664183415772457,0.345204910083962,0.129796124713317,0.000948572352337618,0.0104505546781045,0.791952468,0.846556129,243.51014064,518.49399252
"191",191,2.45712806713156,19.0335023085222,12.6226803481423,7.90461297814572,0.956662008110631,0.0413360717339657,0.046396023,0.077051594,0.081160638,0.069785753,0.006585848,1332.87959974565,4166.56280590723,2757.42084509107,1889.57911006497,564.955660271756,0.802597342881661,1.24554168635731,0.660372476562989,0.217487940280851,0.154013969189081,0.00669798446801608,0.00645710360595238,0.897050858,0.820671638,696.46857048,790.51516752
"192",192,2.79345665603543,18.8139233124331,10.944305674379,6.18567121443793,0.926361585135039,0.057903055,0.050161593,0.057895253,0.0584395628340306,0.076456369,0.026839136,1332.94829348757,4166.65041193904,2758.37612690151,1890.442292,564.958137740809,0.673419130965192,1.58031513971246,0.693706574450877,0.314062213239809,0.123952685514515,0.00148234930041743,0.00860740932172457,0.774735552,0.780661262,1093.46828448,990.70116552
"193",193,2.31422631218019,17.2159225197977,11.6219143290318,7.83876153957383,0.913014999508044,0.049486171,0.056740075,0.077784132,0.070428919,0.068379151,0.0114732322624254,1332.82542536302,4166.84675639299,2757.7111967659,1889.51939374422,565.3419074,0.624459932120572,0.968203676387444,0.65056203573843,0.318996350650983,0.140306429259801,0.00412493564738382,0.00733372157111673,0.818231205,0.836652575,1126.291398,740.24952156
"194",194,2.41502575924946,19.1012614377159,12.164357692199,7.68624194769009,0.957150185762078,0.0455284,0.047418776,0.075598431,0.077861187,0.071129352,0.007112629,1332.94418813146,4167.30236205236,2757.92101092194,1890.42748904238,565.364589032689,0.77297263993415,1.09610984166061,0.628984141447254,0.227001539188182,0.144669888252542,0.000363263440148987,0.00657899966017437,0.707327951,0.837085656,461.05913832,685.8149292
"195",195,2.02707592864957,19.3065439282259,12.2339213899944,7.88788029371292,0.823840278435798,0.045532474,0.05387959,0.081643383,0.072703744,0.064426244,0.01091637,1333.31661115957,4167.04152978782,2758.971504,1890.3264008828,565.001543418223,0.777916837816803,0.970962819766274,0.590059507581506,0.339346408635661,0.108445406557347,0.00632294917248052,0.00575108258412909,0.772967754,0.885570859,1146.04271208,466.28694
"196",196,2.43709335938648,18.7215971741894,12.4304769553345,7.65080129720028,0.953067707,0.045189164,0.050372418,0.077832851,0.078937137,0.06995487,0.00785337,1333.42149559322,4166.65414964305,2757.83683422967,1890.08741251313,564.905450136779,0.853923245757758,1.17329280101287,0.560025054935979,0.259175880061284,0.139240168248809,0.000675132182774141,0.00795245422817049,0.871530595,0.801299026,937.91814936,1087.4297196
"197",197,2.49253134128099,19.51747096121,13.095026043151,8.16625882988692,0.95342113832567,0.0359658469136797,0.050652397,0.082338087,0.079178176,0.060370797,0.007726549,1332.84094669172,4166.79087686746,2758.12118571482,1889.80766325735,565.00631,0.815168736544361,0.906215805148403,0.583985803558694,0.278680534667123,0.167214215809994,4.04985708495592e-05,0.00637154103481218,0.720763819,0.882008754,368.73279672,795.52996656
"198",198,2.36222550390607,19.0421651438957,12.886554392431,7.49297761100867,0.924835149638387,0.0419076784184842,0.049172561152108,0.077890797,0.079991673,0.066464211,0.007790552,1333.21993634633,4168.0234637046,2758.01464583612,1889.851357633,565.037794640705,0.852621649331173,1.15427080422256,0.520053942060234,0.262519472011439,0.180220879743542,0.00407390248178117,0.00889231156404962,0.792983154,0.738894647,417.7339626,1043.79883164
"199",199,2.666252857,17.0876841599414,9.99261163453617,5.82129598337099,1.25456926533992,0.066692114,0.054642899,0.06383476,0.065132724,0.064053621,0.024147532,1333.18735576073,4167.77672752518,2757.20238154413,1889.75479738663,565.0314355,0.678111961781306,1.74497046692372,0.653077906290926,0.283689013595136,0.135912967005321,0.0010750486999017,0.00691635269381588,0.797325997,0.794405347,862.3026906,725.96075496
"200",200,2.46698302472724,18.7464949232372,12.3958687372536,7.545787867,0.932707373362319,0.0437324012563361,0.0507972741777848,0.078383298,0.079686663,0.069998457,0.0077594,1333.08063341111,4166.7844961338,2757.84322883083,1889.8389674208,565.11631716642,0.663581356296201,0.89410527760045,0.590491210038216,0.25687856053021,0.109928815920045,0.000387774389860725,0.00871168951836331,0.963000343,0.939847228,126.22880796,212.96649768
"201",201,2.75229690860191,19.0720863601346,10.399778878211,5.68175234315743,1.25906654397414,0.055869044,0.051943036,0.065191569,0.066715863,0.057057551,0.020568632,1332.82363801559,4166.78614526099,2757.44316764264,1890.34891122667,564.925371193157,0.480333727567142,1.11896635426926,0.616397442591757,0.310171391838832,0.128616112314039,0.00106684842687315,0.00741458391884487,0.883532193,0.864689793,1058.58955812,358.9665468
"202",202,2.67283893310643,18.3164054791782,12.1619468130614,6.91341487651396,1.1964305939507,0.050324612,0.0536724,0.06987587,0.070569105,0.059503922,0.0128295439741268,1333.12247885755,4166.89374302425,2758.09190464774,1889.73816674383,565.235122929747,0.585965024550406,1.30352288003035,0.57552556471857,0.288713446382559,0.128851268784405,0.00654828765791806,0.00698991808014513,0.786253751,0.840609927,523.54156584,1194.91735392
"203",203,2.41703444706047,18.1709677160012,12.1349730019338,7.68397669278282,0.952226236668744,0.0412333575824714,0.051321226,0.083862397,0.084975724,0.06830391,0.006939327,1332.97079665537,4166.49328827793,2757.70047763645,1889.77184555726,564.964401652528,0.761766682977035,0.925965317308905,0.673694949731875,0.254947644660298,0.155610542757735,0.000685703943419562,0.00668946370005865,0.722544124,0.887222853,70.234483368,400.8960582
"204",204,2.22288372697243,19.6037508926942,12.2798577255604,6.87241935116566,1.05132493342659,0.0479952890291891,0.056247493,0.07944802,0.074451175,0.056496063,0.012657554630654,1333.17435934002,4167.23690033534,2758.040288,1889.95515128204,565.038053,0.670247329782652,0.910022352598868,0.706265971951797,0.361780874152302,0.148276070912167,8.13850083755071e-05,0.00855211806083493,0.783196974,0.952049881,175.4293368,321.18968088
"205",205,2.25413460202026,19.5653960717348,12.1011827670076,7.02117239874817,1.47782831311586,0.084599118,0.0456195393193503,0.047049724,0.048963271,0.05600533,0.054508327,1333.15488293342,4166.79258001308,2758.08620610515,1889.364248,565.282622081132,0.441221090955887,1.66106729186178,0.59044813902468,0.306231883824342,0.0827281259306272,0.0064382347555872,0.0171266385704658,0.920774829,0.883364807,429.98302632,267.25448052
"206",206,2.27652660669078,19.9399071652681,10.9995009966739,7.723270943,0.690102005133403,0.043091722,0.054871866,0.086605437,0.073810549,0.076921968,0.0106286793773239,1332.85226135161,4167.29374836634,2758.26137655321,1890.06495485623,565.212903899036,0.882403032804228,0.980711766048587,0.61546883679841,0.342829442588875,0.139882728309333,0.00106079457527077,0.00754573491435066,0.79825062,0.841645863,857.8838304,589.39281744
"207",207,2.47723792361304,18.1122259034888,12.8766149548488,6.990782247,1.01711996500225,0.0472653041718846,0.054171688,0.075191772,0.077740341,0.064716991,0.0102412493199917,1333.13334682236,4166.15469912265,2757.61863299163,1889.72927330542,565.1414663,0.796084934800514,1.1623191446335,0.695430707669292,0.292911572744599,0.156734693032784,0.000147393579907239,0.0098678629255324,0.790999857,0.808060288,960.0111924,877.60401744
"208",208,2.53295683085119,17.9692964189576,12.8147001236152,8.14640309314806,0.893285979599521,0.041023269900038,0.055035297,0.079856145,0.075219938,0.067291619,0.009759209,1332.56935749781,4166.72563639494,2757.98711333012,1889.8338803287,565.5300912,0.69877056194394,1.03771310797756,0.613255515337964,0.302099128404494,0.120787156300094,0.00885202902531619,0.00681627371012708,0.721390285,0.825232436,527.09762796,703.09657344
"209",209,2.39699174139841,18.1277021671039,13.4800627272832,8.01356110951976,0.910117484775664,0.0405700867167975,0.056418338,0.081414934,0.077397282,0.062965633,0.009531685,1333.01326467374,4167.428971062,2758.50725987637,1889.8384631397,564.919772501808,0.639442109113137,0.749730248085583,0.632412220636168,0.321901228689444,0.13442821155383,2.20422466273382e-06,0.0092817062059652,0.903497935,0.841856063,1159.82098584,379.48183152
"210",210,2.51498247931415,18.912181958648,12.4183487875042,7.08077639387406,0.999559776,0.046711579,0.052263794,0.075407471,0.077028156,0.066487984,0.009493348,1332.90115081569,4167.28386596387,2757.77820583227,1889.48053484222,564.963964488738,0.546872891579307,0.863932864308364,0.618009687756589,0.269495612313006,0.120783293215775,0.00304827688629257,0.0119412994482373,0.888942488,0.92671582,717.09551892,224.62754892
"211",211,2.77102244145424,17.934802461827,11.4440094388178,7.46278026508797,1.16823448777707,0.0505699557377235,0.051295156,0.072025859,0.072066967,0.06723068,0.009042012,1332.93607713895,4167.11971392102,2757.70160896231,1889.97573784102,564.564279975806,0.618926787504219,1.39576063586556,0.55936615116499,0.22105827770328,0.11654608936013,0.00722441236195737,0.00744401754141743,0.76265222,0.887172848,813.81174612,455.9783454
"212",212,2.4831280590907,19.2384708261526,12.5300183337166,7.48262231185852,0.951478373,0.0454710486672029,0.052075179,0.076383243,0.076203099,0.068076145,0.008981771,1333.05438448145,4167.05708050796,2757.7555418286,1889.73753933151,565.163721361763,0.42998951195851,0.668890669041597,0.621714736793586,0.264282375471372,0.135121642090122,0.00258795431864495,0.00831452196159014,0.730585283,0.876653786,374.89518264,598.9251624
"213",213,2.15057631409395,20.1387038919894,12.9218106064966,8.99915788591403,0.835888006,0.037633034,0.053525624,0.085523606,0.073496994,0.059312229,0.009665135,1332.99700989431,4166.96960461162,2758.20983062262,1889.69339813426,564.915800678455,0.703337411942086,0.776527951974927,0.692782905457447,0.321529880639437,0.12126771871805,0.00672416874990373,0.00578042192500188,0.897632661,0.870788647,407.84721216,378.27192504
"214",214,2.66157669207625,16.7639124116253,10.8632923517542,7.48472468375229,0.977534458180687,0.0554961714108893,0.058041238,0.066310754,0.0575708969158274,0.069687814,0.021017293,1332.98412488625,4166.4232671552,2758.22987337374,1889.91117869589,565.022678859494,0.79717838924515,1.53175910058782,0.57027746243103,0.375286516768189,0.114190852307458,0.000443606158659083,0.0108511492471439,0.839107011,0.859733225,921.57943308,668.42855172
"215",215,2.88743730251825,18.8012706601499,12.504379439785,7.07177907990153,1.09146785808686,0.055201999,0.051154196,0.062543611,0.06642996,0.072005412,0.0124529280827943,1332.83560169936,4166.68949131752,2757.96668110282,1889.65348328565,565.150786321114,0.404832828420309,0.962460702395682,0.544099701334798,0.223602618222581,0.0915249909055675,0.00157026110874096,0.00711886404973796,0.704295755,0.954876034,796.90728276,296.25448956
"216",216,1.9392306034188,14.4381264288035,13.6053184359461,8.44864690622356,0.823483962303503,0.036856453,0.05918087,0.096897976,0.099006854,0.066683017,0.006108204,1333.64298595222,4167.08545251863,2757.867175,1889.27343292701,565.032186366059,0.911594800275573,0.697221130211847,0.550533367221801,0.309440474363967,0.143793517837344,0.00339580037311057,0.0186719040242475,0.854091619,0.817352767,214.10025384,1190.7385008
"217",217,3.22588306940626,18.011853100767,10.1582524951421,5.98782365562481,0.864251956255788,0.053302332,0.0554710208272139,0.065153862,0.063848404,0.08593393,0.025410916960819,1332.91140100419,4166.53696877486,2758.27822025017,1890.2866949871,565.2298203,0.502852537597579,1.16532820691442,0.651833520405245,0.331919616904251,0.120303205481625,0.00132189829230489,0.00583842122497776,0.869722851,0.808621703,204.30684096,1054.6916442
"218",218,2.51391540415848,16.2780963187969,10.634793975272,6.3167228054339,1.10104442406219,0.068257803,0.0614492806245547,0.067707407,0.06608632,0.071101232,0.0236193095182098,1332.84433846938,4166.94858038,2758.5885819147,1890.33082540639,565.083910163105,0.633896266398173,1.40991135458607,0.640977318300173,0.368550697898376,0.125858579910531,0.0010657189163616,0.0140954454184708,0.855384448,0.807797246,51.196989792,446.05942764
"219",219,2.83217818753608,17.6923978982731,10.6169706484605,7.97431440433787,1.17442377610855,0.0603727334999416,0.049153886,0.0524594991197483,0.043742442,0.062695181,0.0416772425229622,1333.0285319628,4166.89904949954,2757.85717957577,1889.72256498352,564.857030822894,0.681796412833946,2.01891725553019,0.637860497595952,0.342187002424477,0.111870849704737,0.00254044138611572,0.00862173671563927,0.711111959,0.948553546,804.01845852,322.7224728
"220",220,2.59847423942064,19.9268488796765,10.7243562945395,7.05557836146396,0.958183424095419,0.063259755,0.048909544,0.064124686,0.059243263,0.079188538,0.018075399,1332.68695312232,4167.35285623445,2757.77633121282,1889.97236634349,564.862100529535,0.717427617383491,1.65538586591809,0.681472652157552,0.252736872203403,0.127117399289179,0.00163379536899899,0.0131576841719142,0.707367568,0.817175079,180.13871088,436.1905266
"221",221,2.241373832,18.2558525834786,12.720150268415,7.88067424710134,0.80594229575855,0.0372595339327565,0.053455343,0.089285575,0.086302293,0.06754128,0.007552175,1333.08036220356,4166.81273660189,2757.81898471303,1889.74699689091,565.372572025169,0.788728005841723,0.847241722552956,0.623050569258447,0.287097688878366,0.121106122821491,0.0100904372030666,0.00873584293203656,0.771818936,0.85006094,292.06737168,618.48070032
"222",222,2.8075750376448,16.8851043967135,10.105461220481,7.38107669652548,1.10391969506411,0.055334866,0.0573080817498735,0.070670746,0.060577908,0.066992544,0.0169492130424496,1333.36259235258,4166.37001190108,2757.92905717784,1889.64050079132,564.9424007,0.542666046795422,1.1392414840572,0.596988475790982,0.305409711402794,0.104969042232361,0.000655666893881981,0.0133767982518896,0.835755964,0.822469347,1102.30998636,559.10152548
"223",223,2.60309805622579,22.4419476430538,11.756515735092,6.18884362045627,0.880776212644292,0.056749894,0.0466975360893061,0.063781235,0.066644768,0.078412461,0.0165449884677315,1333.03456798484,4166.50048156618,2758.25909230362,1890.08778567397,564.733197,0.566559777565238,1.19350459238141,0.634531151833563,0.27138288351882,0.119617851809325,0.00237152477877081,0.0128785202627416,0.842728386,0.841227425,956.83970544,421.32518772
"224",224,2.57709449735134,18.00907736,12.8957122546567,8.20267172391561,0.894494561490837,0.037878387,0.054576566,0.080354066,0.075109185,0.063967446,0.009417218,1333.605353343,4166.752856,2758.21926214812,1889.85450490597,564.793073362217,0.739096627634781,0.998547759868398,0.566946917600258,0.301767696149563,0.130562932037585,0.00972668580130908,0.010196707487329,0.90601804,0.790032868,849.40753596,495.820842
"225",225,2.73604082803805,20.0828689979252,11.197907559958,6.19502585754841,1.20251870950022,0.068584132,0.045445674,0.052753742,0.057065731,0.068025202,0.036352009,1333.1852187226,4166.97971775125,2758.39320684953,1890.02505556031,564.893652296561,0.558195845082423,2.24605972953529,0.554954299895155,0.252195114384886,0.119721271215351,0.00957608169757454,0.0109362040529659,0.792155444,0.841437892,90.777827712,858.16261812
"226",226,2.52999869678995,18.9590149444035,12.4204324615844,7.09919075116597,1.01914518522753,0.046654055,0.053655036,0.076978246,0.076846513,0.06478979,0.0103031828709098,1332.936871,4166.9696375081,2757.81361835527,1889.98483629878,565.0178714617,0.675000669319486,1.02111520141833,0.692007714384869,0.291098868316946,0.109725085682727,0.00151206403110996,0.0106061408468665,0.78404366,0.837904478,791.17146948,767.62858716
"227",227,2.28040653508289,17.0867154564424,11.3128414286595,7.51882150482634,1.00995328402844,0.0486426191612112,0.056838078,0.077969872,0.069881633,0.060551566,0.0120743497852724,1332.79244834572,4167.75592482813,2759.01949679327,1889.66267479875,565.035509003898,0.82168794857054,1.15640103723507,0.677375106486767,0.336472943850105,0.134369536724293,0.000859756200852444,0.00876862193668463,0.918485814,0.762972264,96.032865204,1029.95344812
"228",228,2.48121982223142,18.1134855788296,11.8441294458611,8.31492234704888,0.788793462390053,0.040440825,0.064028265,0.08599376,0.070498739,0.065958697,0.0136061751656295,1333.25664787411,4167.16064168794,2758.19609639229,1889.81936259521,565.155650675566,0.829378137334843,0.912709006846826,0.607780086500975,0.438764739118211,0.154679683776755,0.000403522424903834,0.00882248359752609,0.712690927,0.783177006,748.50285132,991.25208384
"229",229,2.38970392027255,18.1542432126868,12.431513640393,6.89372667118886,0.995162405,0.047990738,0.0549212183129844,0.077087035,0.078112741,0.06487182,0.0102593233621602,1332.83083371269,4166.79365210308,2757.88507135123,1889.4213797236,565.076352745916,0.617816606424289,0.89542280404293,0.62283878591425,0.302003028590437,0.111972639049793,0.000618997572550798,0.00856585706506169,0.705432254,0.863034738,734.09943468,480.96826548
"230",230,2.70719524677865,21.6507313592282,10.0141071144504,5.86193579701413,1.00701048406457,0.0588052669922519,0.048363874,0.066806889,0.064916753,0.071499813,0.0216032250070478,1333.4405286894,4166.85413033046,2758.9910209057,1889.64074559201,564.625885322975,0.58435277887109,1.34630237309154,0.612687728047968,0.305254045638924,0.141297972704173,0.00184460345811404,0.00971020541193644,0.790923807,0.889983737,963.3654228,830.93899332
"231",231,2.27552319487732,20.1032998606566,12.6542896274399,8.20676698609867,0.986063663180003,0.049367465,0.0547014852696323,0.073862341,0.064539954,0.060226048,0.014369778,1332.3255924207,4166.52019252388,2757.847971313,1889.69308031085,565.115839484644,0.651630186413012,1.05608150767244,0.535277628778974,0.369127947374782,0.122431497493128,0.00573230342001507,0.00925086183556163,0.711259049,0.872922799,823.34617764,823.93613388
"232",232,2.29053881859618,19.7727726150955,12.0641078377251,7.57556987112282,1.0657015921571,0.049978378,0.0513552392432161,0.076757543,0.072827384,0.061693837,0.0101341008286815,1332.68225618182,4166.63287763721,2758.14127016288,1890.42759285847,565.004556888618,0.692103387743266,1.06300341567663,0.541267578251949,0.292529583855111,0.125058191444366,0.00159175206409157,0.00973601499921641,0.72761825,0.709867842,819.3182562,956.88942168
"233",233,2.43198199044556,17.6027627316693,11.8621495659565,8.47357253108168,0.989365289574644,0.047032812,0.055408944,0.075421269,0.06632574,0.063304223,0.0113851924385108,1332.7970644659,4166.81913211858,2758.110238,1889.98930549582,564.849211546424,0.61599021774975,0.922404930902903,0.627504087491854,0.311831703351793,0.132266879221965,0.000887861228695329,0.00978591922469811,0.748159807,0.821156224,553.0747206,399.26443512
"234",234,2.46760736417694,17.3004792541593,12.1950412999528,8.549567848,0.891797532,0.0388378124408146,0.057722692,0.082965858,0.072590382,0.0619775900996631,0.0102652540120672,1333.29505034437,4166.95892590362,2757.7467685778,1889.95955901661,564.864034788607,0.733870625490275,0.875487182794702,0.65312095674927,0.332171894722987,0.115169152870081,0.00496542458525695,0.0129410788607659,0.828135662,0.857198466,163.53960852,621.08908536
"235",235,2.91904308924977,19.609622605316,12.2981450696084,7.28596551497673,1.13017191681508,0.052399650008801,0.050716723,0.066487446,0.067385388,0.06835604,0.0122184045375088,1333.21460513499,4167.48931604861,2757.65163231567,1890.0789452757,564.831808143872,0.655215311232239,1.38438259833407,0.608673067618014,0.245682222059682,0.15407070192428,0.000564048040568242,0.00952799058192763,0.792627356,0.861238163,1143.23391324,344.39749644
"236",236,2.11848674485934,18.3801934536623,12.5744260530784,7.99240968550116,0.904020552039154,0.050535556,0.057978078,0.076028029,0.066754487,0.062630822,0.014593968,1333.05193560759,4167.15881513547,2757.34098340265,1889.582233,564.759710035353,0.680211788298491,1.00850971039188,0.617320270774728,0.392105879170173,0.11953002743771,0.00656504889986958,0.00860136670137414,0.808918662,0.867870635,962.76866532,739.9789998
"237",237,2.67919604579269,18.5591274050518,10.1626366960325,6.81576003467713,1.1255156246586,0.054631429,0.054761297,0.073926675,0.066167736,0.064020949,0.015494334,1333.24473050513,4166.44408919013,2757.45402349424,1889.98892850065,565.027293021446,0.702210641759236,1.36550452256614,0.6347488061722,0.311579257487062,0.139387289509904,0.00181149456757078,0.0256130476832404,0.981063073,0.828995404,16.274533716,589.43998884
"238",238,2.81946308580081,19.0777014103844,11.7563608185389,7.431164363,1.06764256567914,0.0491134413770858,0.052852417,0.074415932,0.072101211,0.069182934,0.010663626,1332.88548132697,4166.38536948465,2757.89296786251,1890.00989333628,564.516534930769,0.690753382700964,1.25631625624012,0.671745942846404,0.262773918507398,0.111332558610623,0.00214601751330552,0.0121618009690353,0.729499671,0.86646138,165.64393788,930.54933636
"239",239,2.61431834601768,20.0033907506702,11.1066299615379,6.92698930717045,1.07064915348615,0.0586817747268016,0.049992716,0.066622391,0.063603437,0.069209494,0.0156242257793004,1332.77852876382,4167.12803414462,2758.055104,1890.3617777187,564.695468684584,0.555385792599649,1.31928129948955,0.574253097254832,0.268139806853621,0.133251731607101,0.0028136688255243,0.00612286487137562,0.739029728,0.801114665,858.74181276,885.99749628
"240",240,3.09033062198189,21.5840193780079,12.2741089786722,5.22339019138534,1.02106954991289,0.049830189,0.043846784,0.0529558614899222,0.065946504,0.067145088,0.022367973948471,1332.71719024064,4165.811533,2757.53724103495,1890.01336742766,564.661751988502,0.494388182796081,1.32175902758888,0.600504390658369,0.253029850855407,0.112312922196179,0.00427982563630418,0.00864492050658546,0.739126082,0.805157548,328.60197792,986.03147628
"241",241,2.79193350346159,16.4567179861704,12.771310377706,7.690264583564,1.20334517380176,0.0619411651695783,0.0492257765007136,0.04483654,0.045049109,0.06250525,0.0344471962441292,1332.98273108296,4167.25980896767,2757.97045645717,1890.37919877148,565.215513180015,0.611520937554425,1.87590703865187,0.565335883747147,0.254540045227024,0.0996536279096715,0.00267711501710607,0.0155133598936617,0.746694181,0.832047616,942.4464624,1025.0398308
"242",242,2.40232162012562,19.8232811306759,12.6543244127496,7.387394579,0.964572955314658,0.046289256,0.0491403233512935,0.075964473,0.077639119,0.067982325,0.008481183,1333.55093535983,4167.69138021942,2757.38992927462,1889.73736804739,564.916443300064,0.777092230221307,1.11791511407258,0.59368334500483,0.259369936876758,0.121267871222478,0.000926248263831822,0.00654756401161664,0.776128125,0.952484199,838.70558484,234.29879796
"243",243,2.28890373316755,20.118712529219,13.0104170300051,7.22240443248217,1.01159085222144,0.043130053,0.054750687,0.079031901,0.074241907,0.055926466,0.0113645444627705,1332.93776254194,4167.63143388616,2758.24996000488,1890.02838809767,564.9160777,0.657342246392285,0.830980823452442,0.536884496940742,0.350869256889708,0.150241054285212,0.000329419598000302,0.0228691951203684,0.971264781,0.791720031,56.128067664,1124.17648476
"244",244,2.0836446531166,16.21824037394,13.9966595156441,8.65378032942198,0.76705481523153,0.0340411644489447,0.0566561108318693,0.092823704,0.089483399,0.064165934,0.007124937,1332.55049090088,4166.24025855108,2756.98285858789,1890.28509566578,564.963079868072,0.915178268901805,0.752587109273415,0.663013935184642,0.30466267696827,0.15762297525989,0.00579053774578205,0.010810260275854,0.707796119,0.81088269,794.22471288,795.015309
"245",245,2.61978991564846,18.9061572318928,11.5738305569889,7.31947646686034,1.06783749719937,0.04858809,0.0489929131585462,0.073673885,0.075736594,0.0697537,0.007676263,1333.22494583467,4167.48612084908,2758.22043725378,1890.5570154521,565.143891633052,0.527216746951824,0.918963004822583,0.596334749888522,0.215642465959053,0.126209188294768,0.00159685940143149,0.0122955594013186,0.763020417,0.826913645,674.06161764,464.1600876
"246",246,2.41824972960308,18.9594972879219,12.0103085881843,7.46921827866462,0.937394615,0.046181623,0.04872301,0.07638298,0.079023078,0.072669282,0.00718646,1333.17587777514,4167.10458695893,2758.4214207227,1890.1894483076,564.846008892872,0.587148645256094,0.855631503618183,0.600859226102111,0.230395643143303,0.146288597155,0.000741849887303466,0.00616021441665784,0.762927179,0.830144208,509.21498892,939.65081604
"247",247,2.59045010148386,15.3140763530695,10.0264318485912,6.71867524507126,1.01463065036687,0.063980436,0.061424723,0.068211161,0.06190019,0.074593672,0.021699714,1333.00263118585,4166.960308,2758.34854482995,1890.24950058323,565.30759972587,0.600705949059612,1.31125750650233,0.685723939460108,0.33316001846596,0.102888902083217,0.00127586317986532,0.00688991152156807,0.853525987,0.948735527,463.76627688,227.00765364
"248",248,2.84934202017942,18.8037461166852,10.6870487675917,6.6610212078374,0.957818432072971,0.054133602,0.056222475,0.069314589,0.063778843,0.073539294,0.0200311387837127,1333.40437070811,4167.68083139513,2757.50205580315,1889.92074532025,564.883530236333,0.558950590227198,1.1084715272719,0.59499288006741,0.35695589504658,0.0983996149117655,7.56071325850815e-06,0.00736883829936002,0.887904197,0.902900076,757.4946888,235.2571314
"249",249,2.82511778900052,19.3308543348377,11.8205920315315,7.25941453259668,1.07243165888281,0.048311398,0.052189919,0.073956772,0.073271757,0.068706667,0.010334912,1332.90838657379,4167.724197,2758.28351817162,1890.42647553158,565.3294862,0.51893667128283,1.04396512683391,0.554304597903199,0.258530089096787,0.105655405605593,0.00456447357233661,0.00604932282329689,0.721331541,0.844833335,972.15764616,697.68694476
"250",250,2.99741812155665,16.0926416310428,12.5148345008298,7.70062337291068,1.17514868496611,0.060835738,0.05533942,0.051441969,0.050391058,0.068007922,0.0301775038518727,1333.25564569586,4167.4653297456,2757.89514885622,1889.55020400471,565.442109603446,0.740374829875276,2.09548328441039,0.633332264094158,0.294322516535533,0.1363676486826,0.00115045945481945,0.00848289374657727,0.846371759,0.814188113,99.759603012,912.137727
"251",251,2.53137237137841,16.3155933117295,12.8889103874576,8.03719532854816,0.800480036,0.033930546,0.057778311,0.089172356,0.087074986,0.068583799,0.00730579,1332.94786216224,4165.83188532155,2758.25189534311,1890.13060359125,564.998058428724,0.733608826504711,0.706670760123605,0.584864840196769,0.300311184647557,0.13324235110761,0.0018553968374826,0.00921010020867623,0.94068284,0.875276668,116.61219138,404.45451804
"252",252,2.52934972178615,19.8217681200396,12.2125389416164,7.13171806018017,1.00256221451717,0.0480869395193386,0.052130117,0.075578874,0.074644301,0.066527432,0.0104427865345684,1333.23006667578,4167.38569522049,2758.74933856489,1889.79886692538,565.113660241294,0.582951611201511,0.927232703502121,0.621057784289729,0.284384396562163,0.119816216110447,0.000574545147279311,0.00521660080763168,0.868326051,0.809507402,495.98296968,1031.76866544
"253",253,2.5555184972195,20.3989550990463,12.3735445177679,7.10372796401463,1.02227119146228,0.046029566,0.049052044,0.076666029,0.079027105,0.06722632,0.008649312,1332.94720789574,4166.81462222083,2758.12255009094,1889.04997291535,565.044293516136,0.792531038911985,1.27874466472562,0.53018143845562,0.25962367349885,0.147065617986495,0.0026460227894874,0.00620607285088972,0.860998932,0.813451715,372.81248208,764.25380304
"254",254,2.39492721654396,16.9350942542331,10.9829861572415,7.58501975781256,0.932362535471866,0.048694225,0.057391364,0.081123935,0.072871756,0.068826824,0.011244244,1332.6024888184,4167.47154956384,2758.28640394359,1889.63367479808,564.947195642601,0.791186785380613,1.26546207362958,0.717713846032675,0.313919265290243,0.129623471546618,0.00707028913597466,0.00787305154466078,0.917900099,0.839795735,356.43275316,415.52492604
"255",255,2.36918499750146,18.994542756218,12.7149459271045,7.5122133227274,0.906533371378329,0.041192988,0.050630427,0.080252,0.080779515,0.066594121,0.007877355,1333.391252,4166.94650598702,2758.31831172605,1890.09728502365,565.126655771508,0.765858358063977,0.941648599416029,0.564513372996898,0.272131169150917,0.112465504767872,0.00167736648480534,0.00715790264835682,0.783383208,0.801583044,1061.08980276,543.12670704
"256",256,2.53873620920102,18.2459872658053,13.0922161432685,8.37603159936229,0.927780325338174,0.03906035,0.048231602,0.079391787,0.0835051,0.071831671,0.006300477,1333.14370200791,4167.18585004807,2758.29786873954,1889.97958037151,565.007441280063,1,1.32959287749727,0.659567435956309,0.227838604261981,0.138381208512493,0.00524236115532594,0.00768965141374512,0.801607222,0.859783779,149.9042418,830.73283008
"257",257,2.39484105154571,19.2435772504291,10.6706737902587,8.09304501966623,0.99556711672442,0.05614926,0.054430308,0.072938505,0.0595245383225155,0.066701175,0.0172785113286046,1333.11143968792,4166.93282987385,2758.17076135523,1889.89599149714,565.2345678,0.705064085454508,1.49420269418999,0.61597080204058,0.349282023247263,0.106778101315136,0.0107006967468263,0.0100252390511723,0.799081335,0.92573813,1048.04851884,303.51396228
"258",258,2.45203867562437,18.7752257472502,13.0698514795369,7.8725825605916,0.831789211,0.045168498,0.05552422,0.078717068,0.074983212,0.073086793,0.0104554199175262,1333.15144555063,4167.42765681905,2758.40410707315,1889.42142278248,565.095605865136,0.654679184596424,0.901867356491964,0.646446291303713,0.315765220858239,0.115819502141214,0.00269418991337389,0.00717133452888019,0.727217373,0.856737217,456.02364888,582.7824402
"259",259,2.54998249518585,19.1008799242182,11.0762799908865,7.22503680543686,1.01339041539434,0.0541527551863032,0.0554492975965678,0.07090261,0.06286074,0.06587624,0.0177935339989066,1332.72485952964,4167.94211253638,2757.77597905124,1889.94346962834,564.992993368758,0.595514837436489,1.17112463348283,0.618621752161092,0.35893370867094,0.114143636964128,0.00342501483714886,0.00737970830973204,0.776363193,0.855178298,741.81749316,979.67667132
"260",260,2.76466129875257,19.561566421949,11.7091017267947,7.233542585,1.16191754948618,0.0502992696428327,0.0514011388530059,0.07084927,0.06875748,0.062855197,0.0119855879113022,1332.12010701956,4166.90696628466,2757.61422350742,1890.27906961773,564.729744120833,0.514873446948173,1.11201079936657,0.592770599422584,0.263583944345432,0.107869139458671,0.00454211678561248,0.00666399744642995,0.807445284,0.829275181,316.12865952,805.16815704
"261",261,1.68580551120417,18.6937057521152,12.7869824428592,9.66566843295093,0.659256919401705,0.0418362614151289,0.0557669502090762,0.095875681,0.08302378,0.070362249,0.007852203,1333.18090435618,4167.53095073937,2759.17376855985,1888.64415562794,565.156857950864,0.871639062593446,0.666899558210098,0.565436198947867,0.340360524105255,0.112663636852514,0.000265343668289295,0.00595132196300386,0.869020644,0.829159568,755.1289656,960.89326272
"262",262,2.41409341531656,17.7174490536558,12.4404815545608,8.20168000825541,0.906869156855385,0.05183272,0.058477525,0.070473615,0.0617258049056875,0.067934508,0.0164317632605561,1333.06358170271,4167.42557486276,2758.53921363625,1890.6889211285,564.949959405706,0.643419318508036,1.03262704982461,0.660793928645883,0.382158419597959,0.14328318646598,0.000522360038939343,0.00672491449761162,0.896590045,0.864754617,69.145119096,945.22141404
"263",263,2.56129991975768,18.1890426058373,12.487203163077,8.18769603283191,0.882887689232101,0.0378536809412069,0.049593259,0.080475626,0.081986483,0.071762081,0.006416845,1332.89231677532,4167.15390877727,2758.44229495938,1890.16288199127,565.213860888173,0.673117838826831,0.820753439954886,0.623628036002538,0.235680960181934,0.13035657001483,0.00219482781726375,0.0103083722801692,0.742604538,0.838959034,825.69704184,598.1179002
"264",264,2.73571582823022,19.7435675594507,9.847391741,7.307657563,1.06575753277459,0.059346732,0.0514874605947767,0.069277114,0.057969546,0.070488888,0.019529978,1332.90444536109,4167.32818882376,2757.81147930631,1890.10458578691,565.080649665831,0.435086507888314,1.10943643606868,0.660954885832175,0.281431679571026,0.107460707148697,0.00606412085360597,0.013193860739606,0.753624639,0.820950887,583.16774088,1179.1056528
"265",265,2.723956335637,17.9657089947431,11.9063148206074,6.92967240387031,1.06673983518449,0.0506157724883471,0.0529108658360773,0.072122912,0.075651951,0.070184405,0.009812737,1332.9680011701,4167.17508,2757.86587403074,1890.26411607419,564.984609025185,0.588186261059188,1.13387635360187,0.678272442590116,0.240650554985521,0.14708900670025,0.0029475270136328,0.00857349200514914,0.9326017,0.851937664,76.871674944,389.13610452
"266",266,2.42561012654016,18.3986682294512,12.3622851894387,7.45738985054858,0.833574324930126,0.0432957452802502,0.056175036,0.08433029,0.081107014,0.072354464,0.009265766,1332.91610898386,4166.72643428718,2757.17319528662,1889.31626041267,564.720662235207,0.69987671101968,0.86247226757826,0.649215195979284,0.312866986217037,0.145514497422634,0.00110727008276609,0.00628177584429826,0.921081889,0.879673144,77.866358592,779.3153784
"267",267,2.41176733223183,16.9369144565413,12.4803062904052,7.95733817215828,0.887693891877489,0.051802616,0.059509067,0.068949629,0.06128673,0.068263693,0.0176168774586923,1333.39829897647,4166.73715547848,2757.76449496162,1890.00104686071,564.8320538,0.699601288848373,1.13423958288091,0.676708221802485,0.393545655954518,0.0820734338266838,0.00375379687312976,0.0124100692461413,0.922692053,0.842641414,632.08372584,1010.48968104
"268",268,2.48674138220762,18.2195625841812,13.5323420765459,8.20630589027243,0.84439739096541,0.0352175294350799,0.056513673,0.084054433,0.077666021,0.061837578,0.009350788,1332.81654946694,4165.74805448787,2756.98591676402,1890.04652483536,565.159257293917,0.771310134909693,0.859618658936258,0.532914305728839,0.330248914045579,0.159612461370491,0.0062374577759566,0.0103327133470244,0.721009504,0.916646425,890.11860228,286.33085436
"269",269,2.13506157242968,16.5064932449729,13.8172398912892,8.2015926193029,0.839863437533583,0.050882413,0.0589650825703443,0.072087361,0.067129337,0.067889947,0.013713575749396,1333.48151930818,4167.36493538072,2757.42636107931,1890.32159017403,564.7981256,0.807107152427127,1.13551075518773,0.61847447687397,0.373529992580821,0.139687225745778,0.00471309021647332,0.0121165861472345,0.709797863,0.822309404,190.43086488,569.99466924
"270",270,2.35398463312825,18.8178673368044,12.07768882996,7.68897334258542,0.992639402778624,0.0462944479417348,0.0486949444876318,0.076858601,0.077745688,0.068026357,0.007829043,1332.92447564864,4166.98012095007,2757.80735075791,1890.17272910036,564.747745808974,0.557368312485178,1.06552717208977,0.647636549446339,0.231558178286612,0.136126518063835,0.00995084552708865,0.00579656873949495,0.73922524,0.879273464,755.47363596,432.72577596
"271",271,2.416594847272,18.5840473084005,12.5306408849041,7.13369177430812,0.989175323525618,0.049273337752885,0.054068577,0.074905168,0.074156961,0.06573857,0.0112472868624304,1332.83065588666,4167.29924903551,2757.91410686183,1889.71359650426,565.047383722156,0.970178925861212,1.44234705663306,0.54791638489886,0.316761223521825,0.13873014301578,0.000540205852295953,0.00639310427227482,0.790124857,0.857673676,456.9586722,360.35008452
"272",272,2.355467155131,18.3499623716169,12.436445484095,7.41613311716193,0.942714148,0.044603043,0.050324728924464,0.078256137,0.080989976,0.068766306,0.007646827,1333.19274917551,4167.53784970329,2758.09309478277,1890.41718324033,565.084614053564,0.767234431226689,1.00738435152989,0.661906322841528,0.251914216512139,0.102213459176258,0.000960602591877328,0.0133167078316075,0.814405233,0.776354584,717.58732764,839.27935788
"273",273,3.2768502757141,17.043242902646,9.434260046,6.44007017460598,1.02293427907153,0.0527844003503229,0.050762845,0.060317585,0.054727715,0.073359683,0.0263975215427982,1333.52925020491,4166.73163271997,2758.14000198318,1889.67003579083,564.965561244199,0.648599714310088,1.68738617104864,0.55872168500396,0.251370641750494,0.0936993869163392,0.00434911768605903,0.0178185227480753,0.882865761,0.921454705,573.453546,293.98224828
"274",274,2.65168859487459,18.9650834668512,12.6530806582681,7.22228498610736,1.08658191207427,0.049209196,0.0526373513049553,0.070275035,0.070629371,0.063676724,0.0118382704784436,1333.61857435585,4167.10729833406,2757.67133585576,1890.38543786151,565.1614066,0.700426109269563,1.25092186335641,0.631141296557486,0.28498346704068,0.124015997516923,0.00209826882814492,0.0103833910187676,0.720755833,0.88913131,253.84322748,391.82508264
"275",275,2.68611996078542,18.4707172967317,9.68971555776793,6.64551826619497,1.11439650272721,0.055868711,0.054354357,0.073125153,0.064339293,0.064634702,0.0169977211886918,1333.02198679966,4166.82374227329,2758.57354615265,1890.45807201571,565.033030651477,0.688392913484312,1.36772019934217,0.577310214489803,0.316992611239175,0.125907605372498,0.000154849330875908,0.00757523419058732,0.873363377,0.767645407,740.4190008,717.4178502
"276",276,3.12319847245622,16.2182289831666,9.01138988698162,6.603071053,1.20928278026623,0.058826077,0.057171516,0.066512534,0.056827648,0.066416354,0.030521906,1332.89969038987,4167.4387819122,2757.8835918825,1889.52044670797,565.069438013407,0.694023461291874,1.88945088639601,0.508713962371307,0.331252856924078,0.143649845588364,0.00201374502881877,0.0073468662451446,0.752753505,0.809142113,303.43330236,1074.79079904
"277",277,2.51713946012011,19.4387400973242,12.3736057611608,7.3082374463154,1.08410013855407,0.050497948,0.0524281887026429,0.074120338,0.073348342,0.064320501,0.010993296232546,1333.75960707336,4165.87744158517,2757.09670788498,1889.84866802784,564.768537507382,0.630127629632001,1.13650558610982,0.640931422442177,0.279878254668044,0.089596385568767,0.00603841963857768,0.00933898309441892,0.824494632,0.854831646,195.5679588,436.93938732
"278",278,2.72390412715717,20.6609019259937,12.2499000120015,6.82451443509148,1.16663259418079,0.0527110089703864,0.049778839,0.067133001,0.06863226,0.062461228,0.0133974012920641,1333.31077621222,4166.75464276372,2758.11139989069,1890.41345964212,565.052529857425,0.538997647908525,1.17817835068139,0.61944525802104,0.265900601252344,0.112435464139134,0.00368959998902122,0.0095472947672961,0.874734666,0.845473538,212.59283064,672.20561508
"279",279,2.09323851502128,21.1308447049151,13.6019855888932,7.97835294173629,0.84412936623685,0.0450120805622238,0.055039805,0.079893726,0.071039478,0.061771236,0.012393078607903,1332.8543467781,4166.82470617798,2758.23955792316,1890.88029009666,564.969471363378,0.854702694983867,1.03096499065502,0.557935370593624,0.379930995541222,0.163113326494207,0.00542571051800678,0.0170311969586161,0.831554872,0.802111138,984.01240488,684.0143814
"280",280,2.59879421410066,18.6751913127865,11.54678010441,7.20511221563652,1.06512473102846,0.049924164,0.051038242,0.075497017,0.07583113,0.068999866,0.008983779,1332.78899752593,4166.44203866857,2758.53482881855,1889.93472806041,565.014436730835,0.820861602239512,1.39831930345416,0.597824227379171,0.247906340402428,0.138090244769244,0.00151003794677456,0.00769302794787605,0.725929074,0.770049735,947.65601148,775.93161972
"281",281,2.59665445417557,17.9542701685037,14.5646355546568,8.15925051,0.888744575372919,0.035113558,0.0527853309613307,0.080225332,0.081421702,0.06436487,0.008543888,1332.7257126985,4166.5773506204,2758.21119503348,1890.16890412536,565.402306262576,0.659594464414088,1.1687752503637,0.613533396585133,0.270457280334909,0.134330067067181,0.0226191843144342,0.00732218597174306,0.882365744,0.845068477,1110.50918592,629.89055724
"282",282,2.39986887503653,17.5199973933837,11.9637067495983,7.52687259695722,1.07617573683878,0.051010214,0.055127164,0.073766191,0.070225472,0.062334017,0.0114279416031868,1333.11675841995,4167.191611837,2758.21303870926,1890.3146629426,565.136689776964,0.605399178594521,1.00896172489642,0.627177201609826,0.298350369697547,0.114410409132502,0.00215343045330497,0.00845217528762683,0.79623438,0.831982937,913.2645468,1078.58779764
"283",283,2.57844250754291,20.622592809569,11.5325598781034,7.49209512962828,1.13588492511115,0.050351277,0.050594803,0.072881491,0.066619337,0.060408764,0.0124442417712674,1332.63987710183,4166.46044445259,2758.08536083415,1890.17753469188,565.236930423534,0.668705405894516,1.18575945999134,0.663531018235691,0.288432181948522,0.126481586552463,0.000172765647560428,0.0105583849692655,0.708707708,0.808622241,734.45045004,998.77806132
"284",284,2.35851571993026,18.2358200624108,13.0670970699221,7.04671194032002,1.00364627461058,0.049014322,0.054192184,0.074774358,0.076753692,0.064520147,0.01062698,1333.21892489474,4167.73504285927,2757.67356122487,1890.0504460181,564.915511520184,0.886044228860536,1.28467339937507,0.601518648010392,0.308153702342636,0.138151352757496,0.00090778713261493,0.0128913652484637,0.731521112,0.821898264,374.8733856,303.63219192
"285",285,2.18556758185398,18.6330928502084,13.8334715843986,7.62567041040867,0.733385521011902,0.0392416789527065,0.0570462131877243,0.08124866,0.07441102,0.06482088,0.0112848395971316,1332.77057416904,4166.35617431215,2758.29112124854,1889.77018885492,565.473693908354,0.964727701779638,0.96358295808813,0.617484981599415,0.371720317952724,0.167613532195885,0.00140345160149455,0.010373081195194,0.884296124,0.80765901,246.93277428,909.50507688
"286",286,3.07045796457277,18.59985338114,10.3291348760064,6.55787537099332,0.929718595618508,0.053961128,0.0538372214337031,0.065291903,0.0605025700951068,0.079085323,0.0247590842758197,1333.15702977118,4166.885497,2758.16333188157,1889.68502806586,564.962693,0.602414544804089,1.72967765551868,0.680397234807204,0.331076644711689,0.126646728615841,0.00752554840170283,0.00670099825262018,0.809718387,0.848519821,1071.30740952,614.8184178
"287",287,2.72174815229269,16.7492360600544,10.2325597584721,6.04947745357517,1.11183244096686,0.060660467,0.0567990662402705,0.068272605,0.068625505,0.069674573,0.0170797488782436,1333.04713945215,4166.64146315986,2757.84361244437,1889.08168476798,565.105404628133,0.451304626211779,1.02427529591806,0.603299740654392,0.273517658939439,0.132444039238968,0.000453491290625496,0.00712263740761972,0.847005113,0.885336179,637.92154812,777.40708716
"288",288,2.34598587515842,18.6804622640805,14.1881646751465,7.90235533872451,0.892792137817698,0.037225623,0.048466551,0.079957511,0.087541535,0.067760498,0.006109534,1333.15570464992,4166.29066646275,2758.25774130966,1889.91269735154,564.918143262434,0.729655948292743,0.813179453296116,0.525517064967716,0.243336597919348,0.124146130167638,0.00344097485384037,0.0105227239137831,0.81764111,0.818358374,615.24687996,584.09077464
"289",289,2.83823358628246,15.6452484489946,11.3973139576723,6.06609235505043,1.13118775800942,0.064443239,0.0612141,0.058753503,0.062552333,0.070101182,0.034207714,1333.02134317837,4166.21133316393,2757.89515208841,1889.99319718073,564.524100122669,0.616688853514714,1.53610603833133,0.620071146592349,0.400852461014062,0.135915512530087,0.000748047101923906,0.013243092918111,0.795204328,0.951612475,83.672967372,233.8474242
"290",290,2.41931920116532,20.4772926196586,12.1301962230163,7.04027487606316,1.0485544377042,0.046569631,0.0500583289224624,0.07787247,0.077587299,0.062585938,0.009356594,1333.31164959399,4167.78663741711,2758.33317609476,1889.7867425463,565.070335960183,0.65933932911104,1.0145582414103,0.5867850105035,0.274502973506126,0.13163509815399,0.00304309391737591,0.0101669676594753,0.909347901,0.878340615,609.3180702,585.30425088
"291",291,2.34674153102019,18.6831877163576,11.4789799640313,6.8778735576395,1.10871013393861,0.05433487,0.055053535,0.072502344,0.067918342,0.059392716,0.0150423393514007,1333.01429309184,4166.90530836035,2758.36062005519,1889.89891608154,565.128277724001,0.755880370565409,1.3374351548831,0.603147855307966,0.348010940772064,0.122720640969636,0.00198926183013069,0.00589294231772327,0.747134697,0.828169076,663.3607806,755.05485108
"292",292,2.426858785337,19.4927745495078,11.9417011552531,6.93298293710799,1.00703709602509,0.0473915094345798,0.052447496,0.077849747,0.07690046,0.064451222,0.010027403,1332.38760625735,4167.12562186243,2758.09746902303,1889.66731981322,564.887338829227,0.629557771780908,0.939872933939209,0.571649773153564,0.29256787027085,0.130571876502182,0.000853509794677951,0.00643777455897875,0.753713422,0.835400085,1131.62095212,1198.87709652
"293",293,2.40652689586,18.2266039100826,13.4044580820267,8.61504808132817,0.963157823036866,0.0407811920370237,0.0534709072480416,0.078332998,0.073894565,0.061588896,0.009061387,1333.05299443468,4167.45839437841,2758.42245359795,1890.70071879609,565.000153612972,0.689743692716075,0.888481019685999,0.56610048297826,0.297369267835905,0.109971499821985,0.00292607336684177,0.00764356482172127,0.772525969,0.836377165,136.98522924,937.00400964
"294",294,2.34415489272739,20.3227095981603,12.3165021843877,7.114269639,1.03650940775712,0.052385105,0.05358011,0.071963704,0.067413341,0.0609519775041888,0.0148571902532526,1332.99050208279,4167.23661745671,2758.70664778272,1889.6482606587,565.067753509698,0.796250386077813,1.28830155418883,0.587905513674661,0.357419177981503,0.143380093922428,0.000385144378289151,0.00615590699658233,0.825647555,0.852141495,953.52569628,666.10565112
"295",295,2.75691025379096,18.8715655065851,11.2050815638262,6.93711641635228,1.07703820541336,0.049644302,0.049591655,0.073640299,0.075678422,0.070884236,0.008538328,1333.62037477065,4166.68865492366,2758.42051607205,1890.16500679758,565.038256276289,0.729203502072554,1.32258829559423,0.558338003027005,0.223329681408911,0.131313417526503,0.0014903653881374,0.0123779091252988,0.80827619,0.947705443,258.75711144,201.50721564
"296",296,2.4723722801468,18.1074686677406,12.2139431131091,8.087341511,0.896314550511368,0.039878951,0.050885021,0.083704933,0.084237295,0.072265749,0.006566651,1333.2605916211,4167.1314862176,2757.83638207554,1889.9963918248,565.116466782756,0.757240672313524,0.931856960822728,0.593202945331413,0.250427441558575,0.157472395694218,0.00240293458899862,0.00724060407653786,0.720624723,0.897485926,1128.75563016,911.70693288
"297",297,2.69092114295488,18.5872177755188,10.0636332186547,7.30512172982298,1.20294425422042,0.0517821916527302,0.052159556,0.073480414,0.063583195,0.059492409,0.013475629036819,1333.1383728002,4167.38132138176,2758.58803053975,1890.15688381069,565.046585868346,0.631596849456738,1.31828930706326,0.664946005913876,0.273628224650984,0.13092541409958,0.00305190233498162,0.00806478175221162,0.771685814,0.827130169,296.8766232,1028.21494032
"298",298,2.60937445285253,19.2738580063005,12.4315973871148,7.84815772985718,0.950436767,0.040216609,0.0438001423673176,0.073486127,0.080068992,0.07362659,0.005864213,1332.51970998737,4167.05510251812,2757.50028826144,1890.25451698397,565.005887337347,0.786557049526035,1.43373755202933,0.523876739775344,0.192454007913121,0.14756510223748,0.0104707304025481,0.00708056560238745,0.83175809,0.832425849,961.406556,943.63968792
"299",299,2.86310367160637,18.1451011783828,12.2353022832845,7.1416869020381,1.10739792750314,0.054339713,0.051992571,0.064229996,0.066813791,0.070272927,0.0122480267955485,1333.66543213006,4167.99181085392,2758.02291901536,1890.06056827482,565.043952321345,0.624209987879082,1.33430644905494,0.65287475811796,0.231238591468612,0.117863277264176,0.000334089960421911,0.00909158118279856,0.77794869,0.804743835,147.01554336,707.47948848
"300",300,2.43577637757444,18.8420398,13.6479471245108,7.70007467451196,0.890993816,0.037333947,0.0540784981066214,0.083483952,0.082797395,0.063460887,0.008201402,1333.4179208589,4166.29723983658,2757.96190395867,1890.26015660388,564.907496134297,0.596864608930584,0.689593447358727,0.5833986987458,0.294708629463403,0.114565648871604,0.00410076353284789,0.00793255586664089,0.79779002,0.842630999,817.89091536,899.34593256
"301",301,2.483696665,17.0454087580255,10.6837282,7.93849074815504,1.04659499786818,0.050432063,0.0572717854637589,0.076839231,0.065525611,0.06325477,0.0127807335997612,1332.7175729121,4167.40460989481,2758.04434678456,1889.56197202263,565.037323538219,0.70922446261709,1.13772891303574,0.615403362818036,0.32635956757769,0.11989733910199,0.000514103774288088,0.00908666864378544,0.886750231,0.846691411,311.0361228,1087.45572924
"302",302,2.47646220614193,18.8587329428809,12.6782958133324,8.407082671,1.00357628214881,0.035999022,0.047151341,0.082546371,0.085530828,0.064783437,0.005737399,1333.01340922102,4166.62966143569,2757.80698464187,1890.04455986014,564.560832276964,0.746295938203916,0.92315684858438,0.570784463295846,0.225039869754944,0.115847894480963,0.00701859763908657,0.00806068500138766,0.987607737,0.816546052,9.409150548,1080.61291584
"303",303,2.66603478410039,18.2260166419837,11.3065764944326,7.23444626170181,1.09849881869128,0.050284947,0.050114546,0.074219593,0.075817439,0.070402346,0.008086713,1332.64854199134,4167.18015238161,2757.57707322232,1889.50481556944,564.903413992522,0.864772661702867,1.57548714264539,0.538332909169619,0.224071480073641,0.119767837412497,0.00291701433634151,0.00808297917747589,0.833931918,0.888806308,158.46474372,262.86580272
"304",304,2.48108667652393,18.7887717452597,12.6986252382973,7.91549048133864,1.0131535007863,0.045726599,0.047473544,0.072806736,0.077249965,0.070308731,0.006814729,1332.60325668919,4166.9760189264,2758.51576049649,1889.881061,564.907046646857,0.622725703689202,0.978065230315414,0.606922062442995,0.213822381300163,0.0982065208795627,0.00254213483920219,0.00624739843286154,0.749410949,0.78777385,887.41700904,1180.58406072
"305",305,2.23835294424906,17.7915994887458,13.4334124204205,9.056456221,0.817002061070486,0.032206736,0.047347582,0.084938474,0.087258088,0.066523407,0.005469563,1332.69311479874,4167.66447668962,2758.07287880681,1890.28688927645,564.870180941619,0.918845499246904,0.830465792704739,0.604908995106684,0.234066565946438,0.146240172895624,0.00424453424781383,0.010704342466353,0.94089266,0.784622192,105.742324644,1083.71884884
"306",306,2.59350447908915,16.1969424819687,11.0674893548555,8.45032999134736,0.882290146,0.043014719,0.058918033,0.081979295,0.070532016,0.06989908,0.0106202591577177,1333.15423363983,4167.29693822932,2758.32419026938,1890.45907157875,565.311889615465,0.994866424226235,1.38485013498868,0.529690872783293,0.332361258629383,0.151817547237508,0.0038232551218953,0.00758623234217893,0.948827333,0.811533067,128.0228742,994.1208396
"307",307,2.58754004057066,20.3259125141853,12.4758195889474,7.7527200036386,0.925324237123836,0.050314968,0.0544860776025732,0.071029007,0.0642078,0.069453416,0.015982989,1332.00562920956,4167.71235759957,2757.89814984709,1889.87255291643,565.403776704485,0.634051116844491,1.18466973969354,0.646593008919532,0.351244056707428,0.0955392226023228,0.0073124138230353,0.00900374776347243,0.713287892,0.826085565,888.9550782,571.47242388
"308",308,2.55817328425722,19.4670736185575,11.8741635326947,7.10049484826293,1.03372514367058,0.04753145,0.050933913,0.077698888,0.078178635,0.06747577,0.009040648,1333.23858768781,4167.17718521725,2758.15125120506,1889.85580003991,564.855244111628,0.876072967856804,1.34319285974034,0.581949595850858,0.26691081784631,0.140527080077828,0.00123343784469774,0.0182570523090717,0.856039757,0.834688774,323.89301088,921.2550852
"309",309,3.01934974808995,18.8147002362395,12.7234372840685,6.73029771082337,1.20570685911362,0.052828632,0.050231055,0.059761994,0.065809361,0.064349405,0.0141874623658723,1333.3046346027,4167.59307319057,2757.24913786727,1890.0741680769,565.114673370165,0.611800463287511,1.47664453566134,0.57102402891233,0.233875586340478,0.122682849630499,0.00178245265184692,0.00905096191377746,0.768727349,0.775692311,738.19894032,1033.23023376
"310",310,2.90648229000562,19.0088684012935,11.7343662232314,6.76587848369905,1.20259560398697,0.050375809,0.051127522,0.067493044,0.069177601,0.062280305,0.012606961,1333.2335502277,4167.21093634246,2758.82829948867,1890.48689312117,565.072686788229,0.532723886727472,1.25456318642102,0.60890346817409,0.24834703384002,0.119984469257199,0.00474415335909429,0.00735756081989155,0.807141774,0.800182908,1088.65063608,784.5448038
"311",311,2.31599013470476,19.0541263460002,12.9872506146417,8.12239491692261,0.841320987597471,0.036588528,0.052292056,0.085541679,0.081363624,0.06432083,0.007757197,1333.25247909114,4167.046345,2757.46867576712,1889.55625078216,565.133648945169,0.79899022157126,0.816560681121927,0.566467214998512,0.292899855815556,0.0967997655225773,0.00144615413000138,0.00534741093028865,0.748168593,0.881409706,1110.93420456,577.61253336
"312",312,2.601545429,19.1006236623922,12.3449726215703,7.15939059776497,1.06873504468973,0.0502308099075417,0.0527191174422875,0.073333948,0.073957177,0.066351288,0.0108386162467148,1333.25727083774,4166.81109006258,2758.2835226961,1890.69620131698,565.050670013365,0.701047041952607,1.26697724905602,0.549530674630429,0.282106042547808,0.13808286060702,0.00316507567620047,0.00854418101944266,0.87817409,0.87681438,552.87918588,320.03779788
"313",313,2.72437295310622,21.3318173364303,12.67622293984,6.38457510796035,1.11427034433867,0.0517047691292465,0.048915912,0.066419119,0.071774811,0.063819648,0.013339246233029,1333.17014743238,4167.21533828282,2758.106786,1889.91127154807,564.872550380742,0.625197896121793,1.26885062143002,0.634378158780967,0.270852381727358,0.139227846831312,0.00156560334037512,0.00861909535516128,0.82098104,0.851175986,541.75536576,507.81677076
"314",314,2.40730210859903,18.1973309983177,13.1772146754386,7.6028509780064,0.907163064203572,0.0433178977723889,0.051870438,0.078280137,0.081207943,0.069963608,0.008005853,1333.47701108354,4167.19748376068,2757.64102205709,1890.37414524397,564.994640978902,0.766484516408115,1.0255764564241,0.592027068844328,0.268890883942109,0.117166165003218,0.00301120142063845,0.00648575260669527,0.891326317,0.831404789,483.1687074,796.91542788
"315",315,2.25714738415027,17.9539899123004,14.1894678109517,7.83537468340633,0.834432338,0.039361823,0.0566480397492281,0.082672153,0.079426464,0.063343427,0.00958508,1332.95501105877,4166.59791530315,2758.24199772618,1890.43193759038,564.861810988778,0.824535085689182,0.876680141578926,0.597168787250594,0.33778587240778,0.142413583159023,0.00230965421094871,0.0100690873029386,0.728076555,0.857748637,1111.99232652,560.14476552
"316",316,2.32822165748477,20.3021979573572,11.9164750601388,8.018377077,0.985443983849936,0.048828574,0.050856403,0.079242816,0.072731437,0.06638597,0.009741969,1332.95913309654,4166.066536,2757.71662879564,1889.79501142222,565.184529004739,0.699119966688297,1.08606064915425,0.647482334570008,0.28222073767029,0.137207718656012,0.00329575844143338,0.00762229987475579,0.833476925,0.849665252,845.31307356,873.43587816
"317",317,2.61168745993761,18.5228980545283,12.5272442916206,7.72786208374052,0.966366084,0.04460079,0.0513346775648838,0.076169139,0.077152504,0.070837107,0.008218557,1332.94989555531,4167.38732620394,2758.58151148085,1890.15277963651,564.944345319758,0.723244940781772,1.09001371540684,0.582142438876435,0.255578293522576,0.137450072501481,0.00133578193412257,0.00528372185510667,0.797970561,0.93262171,1098.9590664,207.76164456
"318",318,2.43810379799685,18.8715849575119,15.02142854,8.15669910475417,1.01669613285602,0.035348932,0.047843171,0.080084526,0.089067259,0.0618139555542895,0.005987068,1333.2006316562,4166.65795120892,2758.17747237969,1889.92960227233,565.057528063468,0.878858513255622,0.957758959217935,0.62188244931129,0.239767920987123,0.125279204893257,0.00103101054327655,0.0108782468968764,0.706549129,0.809139908,785.67510816,1061.18668308
"319",319,2.60375592653603,18.8678864352578,12.0352321671754,7.33417434423331,1.04668478080445,0.047200455,0.053159117,0.075805331,0.074031098,0.065124261,0.0103243784254369,1333.04078346145,4167.03412034911,2757.79362440306,1890.58631304527,565.352004561822,0.560343380310212,0.959958884644147,0.666530003268988,0.276539644057595,0.137090042613482,0.0033715167100534,0.00857502791664671,0.77730886,0.890751514,137.6087682,460.04406804
"320",320,2.79034607477433,19.5099456243406,13.6789133129541,6.57465297554854,1.13275917000662,0.052524937,0.04964143,0.0598706303011807,0.0680034,0.063865876,0.0143915071744742,1333.11980118651,4167.33794034203,2758.10609993788,1889.474679,564.932335210922,0.790076634061804,1.69556445695738,0.649839984188603,0.261130738041721,0.149996231981893,0.00173963277226954,0.0113166407348254,0.874755281,0.813449923,418.1990652,967.35381792
"321",321,2.81761096238637,18.0490758692263,11.0900005315826,7.11083963930681,1.08901573790675,0.050162102,0.05378456,0.075298663,0.073376787,0.069526782,0.0104040620935445,1332.90572494461,4167.54540957724,2758.03017889539,1890.641549,565.0734264,0.779877296133552,1.49195472831417,0.55314541743317,0.260605402431201,0.136106955352663,0.00345725604971639,0.00967725005442761,0.780349869,0.776914261,537.4390896,855.35890128
"322",322,2.63139313076079,17.9890120303945,12.4668360672345,6.86079817272538,1.01423713530593,0.049930339,0.0548841437320361,0.070986492,0.07264366,0.067386359,0.0123676525608864,1332.86284560215,4167.0206391819,2758.58431842976,1890.468647,565.030251403613,0.791892360746714,1.35892317243557,0.604306934294355,0.302475590747456,0.114252320888939,0.00186377140977102,0.00807423143570207,0.859323511,0.809766569,941.48060376,1093.54008156
"323",323,2.57470044823206,17.9025757655439,12.6695848492082,7.59851392839799,0.918584306564801,0.040956249,0.055091709,0.08017754,0.07872981,0.066982075,0.008913892,1333.52677570542,4166.61076135734,2758.08055954608,1890.26600558956,564.873159769182,0.631757924056897,0.814981775395325,0.591731823151673,0.294754504495834,0.128023769737157,0.000875191683411845,0.00949596703382784,0.968100276,0.819308499,71.617930464,656.20399104
"324",324,2.24118309223457,17.99881175713,11.9281521230727,7.820670472,0.856766921408088,0.041939057044233,0.056117811,0.080658948,0.070649667,0.061364912,0.0115414571897954,1332.76671783013,4167.30502312741,2758.49280929084,1890.24891545226,564.993512039306,0.987520688783251,1.14218113731448,0.630580353173376,0.356171944042641,0.145372930464477,0.00152899891584649,0.00766159779862357,0.744381896,0.841517236,555.54187536,367.4622174
"325",325,2.42407258750049,18.2660169497601,13.1858024426706,7.41636944195005,0.898070871,0.041335246,0.053415014,0.07907156,0.079002079,0.065674541,0.009227331,1333.17687787165,4166.13582660261,2757.87326017709,1889.62996820978,565.050530660895,0.840457515864347,1.1018003555473,0.619403176126687,0.298190442829377,0.164300690773931,0.00340504733011289,0.0069470262339146,0.789885958,0.858878764,210.14549976,1142.58032472
"326",326,2.72975194230073,17.8703419118443,10.0755755630923,6.60930587267399,1.09369532450356,0.051569314,0.055471779,0.074963335,0.068281235,0.064211328,0.0149374789771613,1333.1506038742,4166.65923427687,2757.66459106407,1889.88288168818,564.823582850626,0.76473205462077,1.59810199237892,0.579742916249377,0.312167029901322,0.127443315593879,0.00783603211018355,0.0112210447057608,0.855229144,0.82890416,207.55991028,959.81481012
"327",327,2.33759190611516,18.0837935007554,12.8422764256453,7.48638641668595,0.951418972871617,0.0436122589396854,0.053516133,0.078476717,0.077830187,0.063795646,0.009028443,1332.90139652494,4167.84750527168,2757.79786226423,1890.27163613589,564.9621001,0.758937701835657,0.95619460953191,0.503652436540795,0.301503489909171,0.129587110571025,0.000117828083995358,0.00914815661846157,0.867976435,0.79469495,114.617152788,398.63161008
"328",328,2.44394197113721,19.1205918667752,12.6221910297658,7.43648895198302,0.922149703058454,0.0430934145948715,0.049831495,0.078137691,0.080951864,0.069860782,0.007661991,1333.10095545429,4166.32627509584,2757.92016418984,1889.52954069897,564.690585030927,0.605019032991162,0.872185694403112,0.597597989599976,0.248188587684542,0.111774781988315,0.00522246389161222,0.00774093506469061,0.762526204,0.884296239,938.30023152,484.77610896
"329",329,2.36734460910819,18.311707045204,12.0390828217213,7.70431260981572,0.977964911992259,0.0431091663188666,0.049909768,0.081709635,0.083146893,0.068431374,0.00676232,1332.96825511181,4166.79977404799,2757.60704944974,1889.690032911,564.854092629086,0.973905404977567,1.20491355033809,0.485814530897829,0.257055520529759,0.177999245393426,9.85283584138233e-05,0.0110317234637679,0.903021751,0.862494289,199.8973224,957.32350728
"330",330,2.24883533943963,19.3614461301165,12.441993328069,7.77094418952159,0.880431145705367,0.040782518,0.053309396,0.088284927,0.084154401,0.066307773,0.007909796,1333.34352515599,4167.4880520819,2758.15701829835,1889.68125948569,565.159513513093,0.820455457388452,0.89140069563365,0.543865338498702,0.30418799434969,0.114450106258367,0.00127142846802114,0.00585806400139621,0.765274144,0.857567686,643.62947844,805.11064644
"331",331,2.95422639416164,18.3721066092269,10.1494838323553,6.77374702171,0.997213995469998,0.0515001788132729,0.0547768740512066,0.073887279,0.067425099,0.073736875,0.0144428992199875,1333.25000124552,4167.04884907404,2758.91098045815,1890.07916981665,565.4223791,0.523247018230147,1.12418035312478,0.58780241733029,0.282456400655667,0.132711212774862,0.00417543769700648,0.0103919514422821,0.725796789,0.766057826,288.39920568,799.67087844
"332",332,2.72943345104353,17.8657022316268,12.6184558067119,6.6961026177673,1.12862499840521,0.0461616730879969,0.055286861,0.071312915,0.073785083,0.05957785,0.0122608976121983,1333.29177521572,4166.38205671729,2758.66042634703,1890.06803549928,564.802471888125,0.585424501122685,1.07541658159926,0.582664462892395,0.301596426961623,0.106582950752862,0.00697787143280837,0.0114810989443354,0.817311144,0.841437739,1012.11881244,609.99207396
"333",333,2.58128326651774,18.8175973531266,10.6172190585273,6.90215550304288,1.02604695867137,0.051353835,0.0552648244061026,0.078049152,0.071522221,0.067107019,0.012715818,1332.72448029305,4166.79308708579,2757.72221119997,1890.01005638851,565.375027497592,0.552317595432229,1.00572951325202,0.588862438298113,0.310767729296457,0.10980748096868,0.00360442283948439,0.00708427212914465,0.854641023,0.843528431,822.53133744,770.20332528
"334",334,2.4434750008732,19.1916987889636,12.8884790062671,8.30303966306638,0.802973552943104,0.036234503,0.0528039407544169,0.084829193,0.080179162,0.068135339,0.007717358,1333.25333718713,4166.94733281638,2757.76406497146,1890.03390520278,565.298466946524,0.650033579331307,0.685152525615242,0.56390649464083,0.287643735035357,0.143261508089387,0.000831277315154812,0.0100805099226698,0.719205483,0.846440937,391.4779158,590.3198322
"335",335,2.32173499872469,19.8066921999353,12.1638433452966,7.34080296175033,1.06253319838845,0.050109007,0.0515771943531412,0.075179676,0.072125665,0.0612935490932737,0.0109124776935704,1332.94875094867,4166.3496590262,2757.74100829932,1890.07833582942,565.117658832294,0.652790302826826,1.04696824459413,0.587536457379846,0.295220242884995,0.11178252013074,0.0029648290467951,0.0101818073234222,0.879391804,0.795687792,887.70708648,1095.43276356
"336",336,2.33713075527971,18.9316370840248,12.7222175398176,7.20218872871565,0.905891601484318,0.0446040801377033,0.0541623919731642,0.079880175,0.078625543,0.066000105,0.009728653,1333.21091266064,4167.62112562176,2758.14541787311,1889.92352392955,564.6522326,0.624932858954185,0.800959713652238,0.678541709326231,0.304319535915659,0.11199288353314,0.000241961535149637,0.00755140593137383,0.726218155,0.826721466,523.65578244,518.46906768
"337",337,2.30444235378983,19.0476192901904,12.6174655658189,7.69905026359457,0.96748637027892,0.0462068952645105,0.048971607,0.076601177,0.07806787,0.067679781,0.00812712,1332.85465985437,4166.09926517054,2757.17567919111,1889.882438,564.8656511,0.64277403801774,1.0832786568516,0.652114527394932,0.242975297959688,0.11625827713125,0.00927245937468793,0.00622880047276952,0.784334675,0.812811102,96.461513268,640.09581708
"338",338,2.3812054145072,18.085441629601,11.88693392605,8.06693481101495,1.00032332213091,0.042719506,0.057909707,0.082144253,0.071633703,0.057985462,0.011402683,1333.03948213369,4166.52876072828,2758.43472178619,1890.66711508434,564.843463972902,0.646176645167279,0.848895294944679,0.611947188112283,0.352296342208413,0.144888871848276,0.00356668578708736,0.0142857610469766,0.848395207,0.836331475,122.62234512,772.56286692
"339",339,2.481353777,17.8189685623276,13.3543267081578,8.19376498766039,0.945957697,0.040242087,0.053264149,0.080453983,0.079799461,0.065732821,0.008107616,1333.16192487635,4167.22356972511,2757.92534336978,1890.28779381553,565.051437892938,0.956338696790282,1.21716479504031,0.536005680440988,0.288487000731838,0.155408171292426,0.00265598142901739,0.00621573126673868,0.724416992,0.826700542,228.25581432,1148.61214152
"340",340,2.38190274184591,17.5711601462231,11.5680235626131,8.05239045913741,0.942038171208703,0.0391085224126911,0.053822325,0.090227411,0.086180808,0.066489183,0.006964663,1333.13829229122,4166.64270278209,2758.520031,1889.69092565579,564.960481368923,0.755016197773957,0.861027260212916,0.665784309573515,0.273299823869389,0.153183307059238,0.00313882749426925,0.00843622930054806,0.708049882,0.976275523,850.8702264,172.62901092
"341",341,2.96173622267722,18.7718912401963,11.2274004449503,6.74636071905913,1.04216882901992,0.052246512,0.051615558,0.070970394,0.073179361,0.076108704,0.010374618,1333.18364511104,4167.87606583038,2757.26259771311,1889.90930628348,564.847379668621,0.730361723353065,1.4398904072487,0.464417327165563,0.235390939363839,0.116063547246712,5.99115438594752e-05,0.00731530401580346,0.894172687,0.842140558,910.28191656,508.07779488
"342",342,2.5072872469822,19.8336708306818,13.0674148772553,7.59975830394906,0.953709041945912,0.043937554,0.051524182,0.077157836,0.076226902,0.066343149,0.009486377,1332.62738455677,4166.90669019303,2758.05795649739,1889.56427656726,565.204598562019,0.778304888533434,1.10634883800634,0.619200782321503,0.284896983119981,0.127828685170628,0.00378888316418862,0.0175506677792301,0.789489985,0.89120492,840.14758044,356.83225728
"343",343,2.31929603325608,18.1455478985262,11.7633901372824,7.80701001652607,0.943986289616485,0.050679964,0.056463955,0.076530376,0.06819602,0.066002439,0.0128011881324676,1332.59844108392,4167.30075514863,2757.48472683186,1889.43225988574,564.977860528029,0.7445890844393,1.09540380626767,0.641633994000664,0.343678651917162,0.125509084409958,0.000572423931474464,0.00740707190720007,0.959400106,0.885234173,83.916099864,623.1609774
"344",344,2.38290066149028,18.7991162091697,12.7337038205537,7.67772563413459,0.96208233549742,0.0459994168483764,0.049103983,0.075603653,0.07841507,0.069414562,0.007729356,1333.13922958546,4168.33975190756,2758.09175755804,1890.19802019982,565.043479182358,0.773012733752293,1.07647240012043,0.730589336980609,0.239153558668594,0.153325656788557,0.000152667371127746,0.00753319646749901,0.843900348,0.825924771,745.0995654,821.02183644
"345",345,2.47310671296557,19.0586146970257,10.6257232982154,7.00031437481261,1.13232139482926,0.055073404,0.0532442556775431,0.070146562,0.062435368,0.0595829028905538,0.0175798060953885,1332.79167327266,4166.32846955522,2758.28499300324,1889.76883774728,565.23352311194,0.541265558706998,1.20580294393058,0.637814377773866,0.327529115236638,0.0861161806070714,0.00871700557709958,0.00785968290649815,0.836351311,0.840709012,521.77134084,743.44032552
"346",346,2.483107018,17.682776894237,12.8217090181667,8.26009882105784,0.928137252824965,0.0424365888324385,0.055434531,0.079308945,0.073933703,0.065397322,0.0102137701517283,1333.26952138903,4166.46112186176,2757.84411258832,1889.39592169029,564.9962207,0.78922943035797,1.2860394405956,0.605525124496964,0.305820439355007,0.150712078091711,0.0149609323798772,0.0116233405823143,0.714893267,0.814022149,1127.01174576,547.58524728
"347",347,2.58762218861145,16.8852701857317,10.2036680234813,7.3154251335412,1.0741526923414,0.052317098,0.0565139213460555,0.07661953,0.067684397,0.066183624,0.0135914828102715,1333.0192476412,4167.2949933311,2758.24800984662,1889.58017192945,565.423104032848,0.580474208140817,1.5443516746429,0.607144324317178,0.293272289908896,0.100317737193043,0.0165714077232901,0.00652387203592741,0.887193839,0.845276863,60.638769876,720.44068596
"348",348,2.45248977355542,18.7147164481699,12.4438305319825,7.50212039038303,0.939475418166107,0.045099229,0.052533073,0.07818197,0.077166551,0.068155175,0.009231272,1333.40380815826,4166.37587376019,2758.07164942026,1890.24954449712,564.838251651739,0.711194814615427,1.04327446517385,0.608551645499081,0.281173899240773,0.105152570450835,0.00397967453570185,0.00645228702572124,0.774016277,0.842595993,345.22440924,499.2880788
"349",349,2.69665920766458,18.9970471017101,10.9008751477921,5.85761287154178,1.19811619990077,0.051535407,0.0518328085408158,0.069450635,0.072187647,0.058343917,0.0142857301594757,1332.94566828868,4166.90886859478,2757.64743820209,1889.789519,564.962510835693,0.535527315377864,1.09115619108371,0.673434965848886,0.279179053117595,0.12828674148301,0.00211703902966977,0.00980654043401238,0.878968527,0.80297355,177.0651234,516.46944888
"350",350,2.4704762559811,17.7763541112834,11.9352389750516,7.1724738538189,1.10990436148465,0.0498095288195969,0.054612282,0.073152378,0.071257841,0.060704278,0.0117194115016525,1332.73996978322,4166.5371456291,2758.45532351324,1890.32550195756,565.271089161583,0.561102786915555,1.02316333357349,0.555341078551245,0.298611747222509,0.0986826634052657,0.00490238457631491,0.00593031092549101,0.893618505,0.84483587,932.28908196,919.794699
"351",351,2.70576950448881,18.3879657337572,12.0591851720211,7.48282438567707,1.05851812250936,0.046595485,0.051976069,0.075137572,0.075971447,0.068404284,0.008613977,1332.78705792,4167.95877507902,2757.87486024141,1890.16875272345,565.19602051482,0.664749240872786,1.07004819804321,0.60400024503086,0.249701668276003,0.119610976039478,7.38474962654172e-05,0.0100381262517748,0.706533507,0.876264726,917.86824444,473.21217732
"352",352,2.44550790503277,18.3763395976436,13.6908438295671,7.97069163997673,0.818838327701226,0.0360651740961952,0.0500874263303561,0.081468625,0.084173989,0.06983042,0.00700274,1332.95183842611,4166.66225963348,2757.54260696118,1889.70575412304,564.922629544549,0.898385120395117,1.06124895485609,0.524737463410294,0.262080979384755,0.144559732729868,0.00685328408739106,0.00732033651856039,0.827212201,0.804762307,604.33825284,897.338685
"353",353,1.52935280984793,18.8099547232237,13.9019652651125,8.33981906392108,0.583080280487126,0.051523665,0.056852057,0.083588486,0.073566641,0.075370893,0.0114927768592373,1333.10593235096,4166.94316296242,2757.35867316944,1889.82298357512,565.161749689576,0.952547980569587,0.829337343313354,0.599438821133391,0.398635997648608,0.130665313531877,2.13339895451738e-05,0.00856254033555803,0.799693754,0.832772078,69.55709508,869.90566236
"354",354,2.74494205168916,17.86006854,10.5550661861578,6.34429249251787,1.14621295018585,0.05788839,0.055743069,0.070468055,0.069013872,0.066729095,0.0163302521022196,1333.13390436709,4166.63755139978,2757.8449058542,1889.67318578189,565.016727398066,0.599655233475472,1.33630064182096,0.628356618979759,0.293996017984441,0.136287211322196,0.00200476302797316,0.00755583541544811,0.772964804,0.83410483,421.23230976,551.28214716
"355",355,2.29746684413644,17.8617550615905,10.5812550433118,7.274959162,1.05640662342651,0.051636841,0.056003207,0.077610206,0.068361993,0.0603279699066914,0.0125408379257043,1333.26709763874,4166.50923549774,2757.60719574066,1889.81835139747,565.146465725289,0.489184021905324,0.775592692802034,0.598817413921797,0.324956532408121,0.142397504469527,0.000408448950225914,0.0104585953102226,0.741864581,0.870407637,218.91982392,474.2710284
"356",356,2.57944209010187,19.468029677955,11.5971126859232,7.01913999767179,1.01271679939211,0.045963882,0.0489446209397211,0.076407671,0.079127604,0.069345717,0.007679834,1333.04952104027,4167.47795123842,2757.48661249889,1889.5482386663,565.334796547175,0.530739291195544,0.83377253908607,0.610604629495666,0.229648456388008,0.128005867481474,0.000548490135415192,0.00712758273602138,0.732359208,0.794661235,755.70585528,650.65531596
"357",357,2.39415909995736,18.02422102819,13.0879744489067,8.75257148792197,0.921485404779599,0.040612115,0.056742472,0.081728235,0.073398394,0.0618772943851675,0.009932174,1333.38885535362,4167.41223079863,2757.94287704969,1889.94870182136,564.844266151301,0.719733621111506,0.84587051528017,0.61079561225136,0.33272532180469,0.14764070317525,0.000165591791107822,0.00798066431512039,0.714228333,0.837263719,825.24319704,437.79918036
"358",358,2.49155521454495,17.9134384423893,11.6672044765763,6.88323670266122,1.3075154199671,0.073026157,0.048953172,0.0509161503251985,0.052063929,0.0613758,0.032571937,1333.10626567443,4166.7409295185,2758.63184723017,1889.89318474236,565.12148773263,0.521319303112643,1.68200695043515,0.639260449806612,0.25321335514057,0.125007535218434,0.00184941356612721,0.00680672886804363,0.819268582,0.793297875,905.37609504,905.7219606
"359",359,2.17314361138313,18.656276103552,12.5985318127812,7.35798170696342,0.842547614,0.0402902874479455,0.048139272,0.087114752,0.097403623,0.076353943,0.005268207,1333.16174136484,4166.60914001799,2757.4487723278,1890.19053466987,564.995569717598,0.793623010157971,0.851916630282631,0.562704663203422,0.234797628148872,0.165754665166375,0.00397177898882319,0.0102403061650355,0.78268899,0.797732596,897.05749944,938.8957362
"360",360,2.2559470859049,18.7978292069007,13.3277002482002,7.98352313716426,0.881088858046499,0.0365822441700636,0.0498122645820184,0.085420333,0.086104432,0.064197486,0.006796919,1333.43925429995,4167.57005577742,2757.88117380244,1889.70545258073,565.029438195442,1,1.01070310036093,0.588244030993941,0.267877483846072,0.101113746733891,0.00352409076748577,0.0110508973001514,0.721016464,0.886241511,515.05668888,424.59975552
"361",361,2.14468023326956,18.0894292699008,13.7929029253326,8.0963306232082,0.840342217504157,0.034566881,0.049819187,0.088237296,0.093148498,0.065901576,0.005920419,1332.96413006367,4167.54508240909,2757.75752813341,1889.51115126932,564.848193968678,0.696510449165992,0.730665963202502,0.602483887294087,0.248676269639484,0.150714614786648,0.0101707939468377,0.00640450696893074,0.756246962,0.795072555,541.32762012,755.56490892
"362",362,2.25353652392318,17.5174599569219,11.4682267838963,8.773663133,0.977496289418677,0.04163953,0.05747442,0.08221707,0.067954626,0.055810001,0.0114530572985074,1333.18134161856,4166.28161992941,2758.01934442892,1889.31691655647,565.170116422991,0.696473272122918,0.867262699467926,0.605090995563975,0.355058567882598,0.11894195732579,0.00448028798259712,0.00967383893236984,0.798199671,0.883817572,507.42765624,968.37416676
"363",363,2.60141435906018,18.486094873569,12.1831180422928,8.57746420449382,1.00215362621407,0.0346142906432,0.0475314412555485,0.082464076,0.083697889,0.06525656,0.005594974,1332.83268698051,4167.77015864797,2757.54103819455,1889.73829194956,565.006205451542,0.668495207825377,0.817420897421265,0.600226898129374,0.219654926562959,0.122462322674574,0.00468616895404019,0.00756722491056479,0.751770423,0.78792118,404.38623648,669.4700958
"364",364,2.7154869765632,16.064170836699,11.485405941473,5.98791699106041,0.993036070231345,0.060481822,0.058156204,0.059526436,0.063701296,0.07349645,0.026019946,1333.27884647159,4167.48381859502,2757.70654308546,1890.26958935732,564.827376934632,0.508102757605228,1.26314230021204,0.601961578419473,0.347195178594995,0.108883989214427,0.00470083968640314,0.00885396519636223,0.890310906,0.922785448,835.14026472,280.82512236
"365",365,2.43564120627888,17.0534738917642,11.5588958387423,7.93743395020357,1.03269412396509,0.0505105945676172,0.0564603956371432,0.075206338,0.067907701,0.064407773,0.011975161,1332.92000799564,4166.64684972247,2758.19380518416,1890.46543140974,564.864566130022,0.826500788643879,1.36930332521221,0.553411422720329,0.319685937399872,0.14169356678629,0.00273489114883299,0.00705843070025247,0.747510877,0.842565994,988.03829364,996.23678976
"366",366,3.1427687382508,18.2079883664679,8.44744676442136,6.53443685235576,0.939456522997607,0.05814226,0.049827355,0.068129534,0.0561015917769835,0.084586144,0.025571336,1332.90238298555,4167.87988121181,2758.24078022338,1889.5979390302,565.048575212992,0.768054808347527,2.06075870216994,0.638882000259442,0.238685713109241,0.145178741052172,0.00317709659257811,0.0103231997329619,0.90199498,0.891267516,454.77458232,957.60913068
"367",367,2.50086875471099,18.7078152329868,13.08890182,8.58185015798318,0.858335455279193,0.037877556,0.054896974,0.083008161,0.075669338,0.065054108,0.009185117,1332.55653430915,4166.82839880406,2757.88253872447,1890.13044699962,564.8833491,0.774561866207985,0.872598411332413,0.686889835442143,0.310832963767629,0.14144048248094,0.00047123898050099,0.00982705786126508,0.771439742,0.766631589,597.20390568,1143.72134916
"368",368,2.45524762959533,17.9615468420332,12.4278601145293,8.42751777095451,1.00315199247039,0.0494749852587761,0.055295926,0.074538532,0.068230421,0.066316577,0.0109955930441433,1332.59774169406,4166.47852402494,2757.73992757534,1889.65775335304,565.048976711707,0.566424158184108,0.900121798214807,0.619844625539547,0.300582191848742,0.112235649241211,0.000823580141138964,0.00800768937901023,0.780117967,0.861126145,355.29480336,342.23041512
"369",369,2.659021017,16.927960201307,13.7292850930984,7.09771278740347,1.15303626630861,0.067623438,0.0508506745010988,0.044879729,0.050197431,0.067581813,0.037242131,1332.94041259858,4166.248759,2757.65090472045,1889.65329914345,565.021600340583,0.744385747358455,2.2114037217685,0.604166683204398,0.297763013086278,0.117844753267659,0.00110921780969295,0.00797379229814155,0.778519507,0.817471684,642.93919488,1171.390362
"370",370,2.63459177289162,19.7649123987944,11.9581965943595,6.93952781789729,1.00042978572016,0.046937897,0.0517130029696177,0.076248837,0.076719929,0.068169096,0.009925338,1333.40589294888,4167.54225426998,2758.27928371566,1890.49154976594,565.194536471647,0.5719410505266,0.980228777344945,0.517616554377823,0.271017194061308,0.102093417235986,0.00790462999691396,0.0147993738885872,0.718342064,0.888790032,1126.49434416,438.4980402
"371",371,2.83336162074608,16.2809177421498,10.2832441874914,5.62132314047367,1.02898633503985,0.066644605,0.054159484,0.05770622,0.063537792,0.079600596,0.031283205,1332.37984767224,4166.56346284309,2757.98338293697,1889.83987792382,564.718013102902,0.475849318068429,1.46247164158527,0.621658166806189,0.249916996353296,0.0901719455681215,0.00505917834522949,0.00708745426795676,0.988333444,0.90334346,105.496844304,430.45892748
"372",372,2.53444316315234,18.8048863937733,12.2269269683699,7.99511652959711,0.957039303,0.04345786,0.047264245,0.075282638,0.077020842,0.072118724,0.006810931,1332.71481385815,4166.54942072049,2757.66189141679,1890.35950540323,565.335630967344,0.91848432346643,1.34757009286878,0.51080212659326,0.225972866600208,0.183190585344045,0.00354853335193707,0.0165720088999198,0.708821219,0.781333449,1060.4223912,716.94886224
"373",373,2.07414236028192,19.7310930158322,11.3298437660361,8.42051725406061,0.845256546327342,0.046562297,0.0535428749376899,0.083595721,0.069896586,0.065034981,0.0108025210397117,1333.03611025435,4166.76558065458,2757.85158149722,1890.20101120608,565.179020333361,0.80925791574322,0.957659819628457,0.719356951505895,0.331544968656504,0.125395255627331,0.000578778186489349,0.00825477634617701,0.725314473,0.831276897,1174.65327684,1095.8991792
"374",374,2.59498067125406,19.5632002547927,11.863886447309,7.30627847480497,1.04194206613272,0.0471827697902694,0.048832635,0.076009118,0.07768567,0.069126885,0.008063829,1333.29944012608,4167.20763852507,2758.36087025376,1890.41095370887,564.856902923342,0.777796023974133,1.27340424506151,0.580474473047721,0.237716058235296,0.134429824248949,0.00191292614543979,0.00739288110452154,0.712786958,0.880363026,680.22258672,531.64267896
"375",375,2.6081745053501,18.3177302988931,13.8125043950065,6.84869268014515,1.05959106585397,0.051136525,0.053397956,0.065314332,0.071247456,0.064982139,0.0127915502697973,1333.28651149873,4167.19504830014,2757.49548326223,1890.29063676036,565.455072755778,0.661670333163439,1.20981693086925,0.567876733842909,0.292079911782061,0.0860712751453473,0.00213559679195539,0.0102054878715746,0.705307618,0.762769233,1079.48051724,936.0009618
"376",376,2.44729637912208,18.649038698731,12.8401722604204,6.90580293653298,1.00034605349173,0.049250124,0.0547676802162631,0.075425355,0.077457148,0.066264365,0.0109243940145298,1332.81530270502,4166.86930136094,2758.39746893725,1890.02840183175,565.201486852128,0.652562301973605,1.02704282370498,0.608788513836741,0.306382550805364,0.113118401455228,0.00210613968118814,0.00647161031371711,0.73007875,0.874362229,145.98053832,333.04412484
"377",377,2.7058953093748,19.0367468626122,10.2623887627705,6.29910403678453,0.8691048895202,0.061514448,0.053493795,0.06510051,0.061375334,0.083989625,0.0255951613592523,1333.16928691299,4167.09322197429,2757.94660996308,1889.96887265178,564.821827670509,0.70982978825806,1.50649732262291,0.593858822757104,0.354991701430188,0.0912276731834606,1.53874482139447e-05,0.0137895593719783,0.860782768,0.880664927,97.965972516,580.42409256
"378",378,2.13423257380873,17.8536720136156,12.7708723109233,7.73338771103162,0.872218670872501,0.0350817235813181,0.0506613629980465,0.089062672,0.089967169,0.062433977,0.006292909,1333.2796269733,4167.00947190284,2758.52334552628,1889.73651696267,564.943697462719,0.95789352878002,0.85433868765093,0.556176675912547,0.271923524717447,0.150734794606387,0.00124157682314278,0.0086839343377799,0.765225838,0.852173766,66.798405276,1059.33614124
"379",379,2.68334905214494,18.6501632910837,10.846695649337,5.69129944715562,1.06567813576433,0.055658898,0.054772256,0.071505576,0.07560637,0.068250129,0.0156370456148236,1332.90252596783,4167.40764554734,2758.12835182615,1890.33508521172,565.0294235,0.61079089735404,1.31042121299082,0.55974433907643,0.308732360968865,0.112785984088969,0.00437054055961176,0.00703675461992216,0.816889828,0.86057324,254.91389448,635.35212264
"380",380,2.90712494014309,19.1373813586745,11.6025666430071,7.38254256176981,1.11514924644893,0.0501725264911318,0.051225962,0.072037786,0.070948063,0.069564481,0.0102103853179648,1333.44679983535,4166.46874822167,2757.946874986,1890.16819573984,565.381208664544,0.707019386309989,1.38884283681212,0.619161536537608,0.237912578074774,0.129176325406581,0.00205057507661077,0.014619211114726,0.740206769,0.865301354,616.43943312,539.08140996
"381",381,2.38794139229125,16.6674747824651,11.0739134884172,8.16839836055086,1.0340782651714,0.052531168,0.057265047,0.074563336,0.064371188,0.064172867,0.0129432486488633,1333.366885,4167.25516111944,2758.07634857689,1889.97858106428,565.239972432687,0.722284296848054,1.21531910658774,0.539632611377542,0.327158149700167,0.105650257889729,0.00274352619122877,0.00799253078822643,0.933340907,0.853791601,295.10201136,744.48782712
"382",382,2.76477198272753,17.5357121779811,10.6204623971914,6.09840007801177,1.212202061,0.059989925,0.0513114459169064,0.059545824,0.061208772,0.062501079,0.0225028300769949,1332.77796825251,4167.18263684246,2758.05264,1890.22115850252,565.269604221113,0.660925515085736,1.81606894285142,0.510154691715687,0.270091457455892,0.102230615330342,0.00463396448700351,0.00791883020515478,0.783158375,0.881413751,572.52221568,1027.02694212
"383",383,2.47613148217114,19.7257136864397,12.2953862222994,7.63911729676479,0.968948707489555,0.046168126,0.0489213499490099,0.076912371,0.077686809,0.07043999,0.007990215,1332.86958791759,4166.54830754144,2758.18144109389,1890.13879444679,565.1206982,0.617467783738949,1.01631796143004,0.620505768226922,0.237445722574774,0.142602796307832,0.00804223457296086,0.013636487990473,0.770561362,0.853218161,192.12636192,548.9233476
"384",384,2.50719159947064,18.9732816956733,12.2132351371029,7.41961362554305,0.959010225412812,0.046345796,0.051369256430743,0.076929688,0.077048755,0.069838904,0.00880217,1332.86941592098,4166.88170395286,2757.86767768595,1890.38825457497,564.9378596,0.670038903972757,1.01261751363848,0.60227612525493,0.262468969030245,0.119043578341899,0.00313090057725088,0.0132211882215183,0.797341043,0.811247996,45.298206012,854.334627
"385",385,1.69316182131327,20.3998024262802,14.2623608912936,8.68698504898553,0.652342644126318,0.0415578360104127,0.0540708688918389,0.09196871,0.083121682,0.068781707,0.008457333,1332.86644844417,4166.48612488061,2758.45577033382,1889.88987808932,564.845917360982,0.842256693557855,0.699617347725389,0.602842924287843,0.337427764505568,0.15753971718987,0.00414723073354868,0.00703855881041322,0.720871185,0.861842178,813.61539684,359.24337804
"386",386,2.52529122420957,19.3998976097046,12.779386173469,8.959673884,1.03324618808431,0.036186162,0.0422061573186676,0.074112248,0.078765856,0.065905531,0.005068599,1333.33951748281,4167.32557024959,2758.045771,1889.89222092615,564.834891395341,0.715959735228178,0.973578651407516,0.641203091546049,0.183746990794922,0.130102823711921,0.00482902648791749,0.00775521507584669,0.881977278,0.878920393,120.7502742,261.15491112
"387",387,2.32726186791284,18.9448776621995,12.6216583841032,7.78916278036092,0.929488667961563,0.0443950191701857,0.050763771,0.078798969,0.077705968,0.067322078,0.008313926,1333.11518067021,4167.396119,2757.53367052901,1889.83862695555,565.303386392455,0.836524115912435,1.0839245424323,0.577155031593418,0.275032468930003,0.129012044751853,0.000814556856940595,0.0069295480633426,0.866665361,0.870331905,1157.01773052,871.9593066
"388",388,2.80408008961264,20.9985564329692,10.4062110809397,6.01806231764369,0.964775059,0.05339442,0.050850963,0.06891594,0.066580342,0.071571423,0.0190961899948224,1333.290159,4166.40040879684,2757.84310256154,1890.09744801059,565.297098405635,0.570347826810646,1.18819224476272,0.654824346591867,0.319230822174137,0.105459576914128,0.00182051945388772,0.00675708632911574,0.835489944,0.854428379,641.66990424,824.032239
"389",389,2.76038432611161,17.3624501529098,9.74639117052502,6.83663125096848,1.05997399900194,0.052646594,0.056616499,0.075667744,0.066694151,0.067649105,0.0143783886660488,1332.86410461217,4167.75883028237,2758.48316116005,1889.84085694181,565.2165384,0.565404413686482,1.1035839376881,0.50425220230684,0.306815615869073,0.138731584457782,0.00152036242769187,0.00794613903695006,0.841190531,0.853260665,655.24271688,1044.38524656
"390",390,2.354329305,18.5605527569736,12.7032019359465,8.24680745825873,0.900994384,0.039600261,0.0492454386787215,0.081179156,0.081670563,0.068494947,0.006678369,1333.22158210244,4168.0892125177,2757.55956658907,1890.25217611218,564.966535290711,0.78615133222467,0.919983529905119,0.566994330538003,0.251032045883059,0.121313259205892,0.00130682863239859,0.00576483870757469,0.731477157,0.814376148,591.81333624,792.47351592
"391",391,3.16542520195883,16.7901998301031,9.61892626577316,7.003537244,1.18882371990131,0.058829623,0.057229116,0.065131951,0.055705276,0.068335947,0.030005685,1333.03349760297,4167.032769,2757.600608,1890.20743245925,565.029148288935,0.55095613484328,1.47228134331489,0.633464246596364,0.328463951014592,0.106662363124098,0.00117221021593272,0.00798613734534403,0.780248137,0.756805056,1080.96411588,1075.05022908
"392",392,2.44187084584646,17.6691673061626,13.2489578514979,8.022960739,0.886876017015095,0.038969994,0.0539551763864039,0.079819342,0.077275289,0.064565559,0.008925806,1332.66383974266,4166.62910399722,2757.87780897069,1890.16964244799,565.045995262111,0.860571283707893,1.07106100347185,0.544853733214565,0.300707164580312,0.11477018156905,0.00556485085863683,0.00726515464699398,0.825177739,0.808864226,706.16027904,867.05709204
"393",393,2.82464629457412,16.6897567014418,10.3750275613391,6.75482849934509,1.0081538971563,0.062139187,0.054021471,0.0618621188219725,0.0589119969521244,0.07895637,0.0236900811392854,1333.05168491191,4166.67438590029,2758.04862331245,1890.41279031391,564.847521828309,0.456230249533911,2.42025265575479,0.587669875672667,0.256155501884816,0.138084063662844,0.0137506182253178,0.00667732169210356,0.965297559,0.843868633,27.583897956,378.53993988
"394",394,2.43243400497382,18.4714461889424,12.3690647813093,7.44827983174343,1.05041456130296,0.047769633,0.054072684,0.077004002,0.075042373,0.063065106,0.0101517294516128,1332.74652338272,4166.31504868173,2758.23834136168,1890.27344305134,565.027395852306,0.725333356534945,1.08024728537083,0.554574131985493,0.302201780037222,0.138630093176185,0.000702479327592505,0.00752420984874911,0.731175412,0.907342618,904.93373952,350.05822692
"395",395,2.85412694611141,15.8467268097853,8.85981282760334,7.35198538546346,1.29233102759477,0.06334467,0.05427598,0.064218373,0.05057963,0.0622832685287679,0.02671076,1332.98589744742,4167.5568764291,2757.45821431526,1889.81736362205,565.140546640619,0.544241602812276,1.65592250427833,0.645427219404127,0.242637772468367,0.142085349693666,0.00285570149497748,0.00822340719974248,0.715079395,0.83053946,373.48796388,1012.20688116
"396",396,2.63724393416061,18.5440675838577,11.3950276739519,7.13967983113245,1.1486732240699,0.0508824400058136,0.053263663,0.072305515,0.068653534,0.061384878,0.012488176,1332.09245140681,4166.47394649037,2758.39307355248,1890.01240323045,564.8198463,0.808011980757638,1.45314385325101,0.581471147660104,0.293937938462658,0.155739701892868,0.000581729240750073,0.00768433486868451,0.970888222,0.773514837,21.870042012,930.25216116
"397",397,2.35785527736849,17.2151757210598,13.1575689382251,8.28299711269719,0.940196563714875,0.050633957,0.059861638,0.071481292,0.063810246,0.064401307,0.015834628,1332.93027213713,4167.538649,2758.52008250225,1889.78574321322,565.21904580018,0.800532889180847,1.23354013195463,0.65783020227525,0.397240991483398,0.165319848809219,0.00186116261180248,0.00963732702527926,0.746267449,0.946150782,516.56992452,242.7374868
"398",398,2.37490858045824,19.0881963592536,12.6929094164661,7.48726281306818,0.95269375783955,0.044662588,0.049158919,0.076847396,0.079534812,0.068107095,0.007860616,1332.61756115346,4166.52049871768,2758.21289358117,1889.46691968805,565.024790833376,0.695027799613297,1.02190002117052,0.644861922115036,0.245381017687257,0.140783686146936,0.00545024252031089,0.0107987878570284,0.738947198,0.836042683,25.79429658,586.84988964
"399",399,3.08486281069748,19.07498588562,9.57116535880008,6.37267216322072,1.24970289837609,0.055014286,0.046627706,0.061123144,0.0566758159752065,0.061430645,0.023524954,1332.7932943293,4166.43345647915,2757.60146265342,1889.94557905234,564.758575906454,0.551401127569582,1.96527675414466,0.56955386500214,0.230047375346267,0.11680836582474,0.00599673640079927,0.00509050954557852,0.761169479,0.813865035,363.30130668,447.83486568
"400",400,2.65897776682543,19.3598595504008,11.6772610083534,7.08067159648024,1.04743321617886,0.047508645,0.05002899,0.0751639,0.076839743,0.068751827,0.008541817,1332.83095568016,4166.55860411737,2757.74916165692,1889.66476521782,564.863810896208,0.547970714746783,0.929517346111941,0.616944510026387,0.237088331728076,0.120993282482966,0.000838277049653276,0.00533062530046808,0.702245861,0.825256623,172.52123748,740.61202908
"401",401,2.33508600983737,19.6000398587205,12.7281417179904,7.81447025718761,0.814248183959093,0.041496685,0.054044417,0.083106524,0.077541775,0.06873858,0.009512625,1333.05837570619,4166.44572906719,2758.04741997229,1889.88941961368,564.726639489043,0.657852250210187,0.801592720727679,0.620381734424541,0.312582723821746,0.108296171579125,0.00414050045803993,0.00720918085908305,0.966080895,0.833618941,618.3045864,629.5412712
"402",402,2.90512426981388,21.3174907079154,12.9280471007168,6.020656252,1.08313370780201,0.052078271,0.047557732,0.061887623,0.07222141,0.067957467,0.0143261513636872,1333.25125172802,4167.1123493436,2757.65259191912,1890.29813959499,565.098070791939,0.57273188525166,1.4045019468938,0.60376151771999,0.247479014486294,0.147447937757466,0.00449428743977769,0.00916441605416639,0.860767263,0.844564759,1168.8422808,382.7964822
"403",403,2.37589204470899,17.138589941723,12.5517399574247,8.141589811,0.912119452707776,0.036750381,0.056817868,0.090478469,0.08653626,0.063584002,0.007497848,1333.28274549962,4167.13746444284,2758.08603691752,1889.72964485662,565.100397085657,0.666667327924096,0.702351068045361,0.621291016526441,0.297934461598948,0.0990166800479059,0.00568345230401314,0.00954005545581982,0.753590082,0.769244312,575.51195124,431.18182176
"404",404,2.64714679382313,17.3967729455957,12.1625059994909,6.69108874101992,0.896743236583123,0.045096828,0.0572398427298902,0.075236305,0.074935154,0.06930889,0.0121127695238738,1332.85782326488,4166.93274948253,2758.05832591493,1890.43771282968,565.363362173469,0.763936338544762,1.09421804081255,0.677760943425409,0.325965609983957,0.120152596495493,0.000279277371789897,0.00986221721660703,0.754289329,0.866777588,593.44286412,660.804849
"405",405,2.43643446342179,17.844349657468,12.2324861857114,8.39614864581637,0.938648638049174,0.040942639,0.057128523,0.078474563,0.068280128,0.0591103,0.0114885722033661,1332.95912307476,4167.32166980466,2758.04264727104,1890.51015714616,564.952618820871,0.550576001376031,0.713430293883746,0.596259243458118,0.342325517566297,0.117022655567195,0.00155711569972222,0.00788066654915936,0.772527769,0.832719908,136.12864644,842.2802082
"406",406,2.711742446,20.1200744575465,10.7470797688241,7.53910515752138,0.978131598227198,0.0315531076437874,0.0397333039112838,0.077302734,0.080378663,0.064841625,0.004825553,1332.59183539597,4167.06298019553,2758.1508750616,1890.44388261992,564.949625680026,0.823348130236083,1.02020462043397,0.616292796520317,0.17560048850199,0.128698157783151,0.00263366370270535,0.00572446413282958,0.868481399,0.873297574,86.227692732,552.77441868
"407",407,2.54095307871552,19.7352343346844,9.71745628605922,5.77878723859716,1.386849926,0.06752928,0.049198517,0.0599951354932631,0.058816507,0.0546554429399784,0.039368349,1332.89614692233,4166.12935794694,2757.21492796432,1890.21530984853,565.277830351643,0.497737343090245,1.5084491545948,0.624730970303822,0.377801816065806,0.113436476076576,0.00323780669181255,0.00699476622869338,0.873259132,0.933866865,954.46072872,226.90730016
"408",408,2.79305206378552,17.6936908128873,11.9336990394883,7.45329841530697,1.19585726317818,0.0516048600724426,0.051093471,0.068326922,0.070769293,0.066622826,0.008916793,1333.80083969826,4166.95413742312,2758.83570057308,1889.88974418292,565.102215607231,0.687798413073077,1.34023159020495,0.625905895023743,0.212455574262284,0.121770354969016,3.09946136871575e-05,0.00744965484568695,0.836661387,0.739576297,587.18532696,938.16287148
"409",409,2.41663295695409,19.4018390443819,13.6013587545088,7.31305439254443,0.878379413694542,0.03963528,0.0499234816352401,0.080102515,0.08481636,0.068314024,0.007531055,1333.44689909108,4166.73393610825,2758.24850909225,1890.187907,564.962074361219,0.801281432545941,0.978455114648555,0.602731060307095,0.265086598044141,0.142724845096183,0.00242768480457696,0.0063649557383364,0.710832064,0.868264791,232.22824548,934.37824944
"410",410,2.49480817576583,18.7819212256372,11.5348955243895,7.12143875176476,1.07625832436757,0.049963153,0.049865821,0.075425814,0.076937438,0.067378735,0.008417754,1332.94399029979,4167.061619,2758.035020841,1889.99946512451,564.91475397415,0.725689243003192,1.18340012683029,0.655131490587173,0.236576896061536,0.11852022750758,0.000475047989646413,0.00568680913862425,0.87366553,0.894081197,570.64258596,391.57092096
"411",411,2.54647622851031,18.9691279412236,12.2435024710091,7.294855505,1.00782517861268,0.046769782,0.052427587,0.077874222,0.077522779,0.067510015,0.00962242,1332.81986247199,4166.73579276017,2758.1242039387,1889.24120931148,565.071498806518,0.932149164970328,1.5254361790831,0.59615513419852,0.281516761305966,0.144854999382357,0.00497918068794621,0.00808959768224496,0.850600559,0.781489918,806.55636336,465.6860796
"412",412,2.08775247563139,20.7229814384209,12.1157989979526,7.71165278307655,0.742913686084602,0.036282129,0.056202876,0.088651351,0.075692095,0.0596709981837968,0.010344651471655,1332.64843763309,4166.68559349161,2757.61699522955,1890.23676888009,565.149352052692,0.660166340663002,0.623755503781843,0.59428172035185,0.355708714098264,0.132411472877008,0.007268685685408,0.0113691354168706,0.89842584,0.856416796,302.25841668,524.41024404
"413",413,2.13836918745315,17.2661923321759,12.2503975658099,8.56245134671769,1.06353621997011,0.045438256,0.058878604,0.082010598,0.070846183,0.054423154,0.011424408,1333.86909800501,4167.872944,2758.15042681716,1889.68914696764,564.815758250157,0.666917272509798,0.84409445503724,0.58955544619179,0.366443428823316,0.130213108327203,0.002651030681094,0.0118614539423897,0.748539801,0.835856552,794.9059428,521.346663
"414",414,2.67574912392974,17.45623729,10.2786124553155,6.70895609294978,1.14896320358985,0.0547481007383432,0.055828813998942,0.071978846,0.066141094,0.06284654,0.0155223739186681,1333.42530813602,4166.87587224386,2757.6256007158,1889.50580069838,565.066541057474,0.802716250240125,1.55531036719624,0.509720634599047,0.316792672693839,0.127209319091778,0.000868026943283406,0.012344688476609,0.845079706,0.826723771,823.05726336,992.8356486
"415",415,2.63329671952929,19.2673918385158,12.4214155320313,7.26780074716238,1.07252929849758,0.0490086701543617,0.0527068480834613,0.073138808,0.072540993,0.06504368,0.011777423397799,1332.77734087093,4167.25730837645,2758.16631379142,1889.63203874795,565.131849881095,0.616478093013587,1.4373395283144,0.506984822433414,0.28433338163715,0.118133962445688,0.0162415153989248,0.00990166387657582,0.712882562,0.783102545,250.29015252,1125.91751352
"416",416,2.67131584439271,18.5292348419597,9.57864237434003,6.42643472400219,1.11057168411862,0.057822903,0.054679635,0.074357054,0.066694166,0.066769082,0.0173118284704933,1332.8638280466,4166.7441,2758.206657,1889.58835426908,565.161523403649,0.568511886468182,1.3321405657585,0.623113872326444,0.306592272594113,0.11752604123337,0.00519717942508661,0.00761440402457546,0.775303186,0.877800288,877.47452112,657.57805296
"417",417,2.49201568746705,18.5530529648431,13.3165086243308,7.22246021805877,1.02608583576339,0.045906891,0.053794298,0.075498591,0.077724292,0.063663007,0.009939356,1333.19203736192,4167.20029904806,2758.81499674578,1889.87087544654,564.606838067318,0.741763642543486,1.09270311189871,0.595780132001622,0.296903869911178,0.138311362337621,0.00143545767710929,0.00907207135203222,0.842346901,0.785447836,1024.72402884,1184.25669468
"418",418,2.38250140236279,18.1053901602304,12.8370599336387,8.86044571624145,0.945279154817209,0.0446907811769641,0.054624334,0.078290989,0.07121576,0.065333605,0.009732186,1332.83092439495,4167.00689531942,2758.01652381458,1889.24923892076,565.105637979406,0.676714404391325,0.91509873520915,0.63614058154933,0.303215554208633,0.148693055084309,0.00104088208835405,0.00821324621237139,0.830501365,0.895183807,222.42585864,354.08230788
"419",419,2.40852789870731,17.195136007715,10.5982662107035,7.79627209143424,1.07228254136588,0.050537191,0.057025416,0.077982628,0.066920508,0.061220413,0.0124376526233574,1333.44520871959,4167.2754473766,2757.55157053615,1890.0380866323,565.15891567291,0.61959519546671,1.01818986004598,0.56877303682556,0.327051500645428,0.13351648040699,0.00251737208048711,0.00965764617656443,0.793918084,0.912410499,1132.45035384,389.68620432
"420",420,2.49123439378598,17.3137992059548,11.427383484783,7.75555622020417,0.997815372,0.04788469,0.056899366,0.076293633,0.068299303,0.063940514,0.0121955422790527,1332.68853172505,4166.55874752747,2758.37439894764,1890.00045882718,564.856745381964,0.659190801835422,1.02219693785259,0.594040206000024,0.32587468007589,0.0995066617378911,0.00256025197251161,0.0109244407360004,0.740778403,0.826740927,590.1583302,969.67098252
"421",421,2.23589837262253,19.5172811370532,13.0545484708043,8.32456484983985,0.957026828539522,0.0478861231849227,0.0569242822413503,0.074864675,0.065205241,0.059313869,0.014235131,1332.89220417686,4167.10553044149,2758.44342620904,1890.01464454161,565.017095028934,0.600041891378703,0.838770411354825,0.505783704979605,0.392622981757246,0.125124165810478,0.00120622537640911,0.0143867763137919,0.744412358,0.833681772,397.56810348,1156.82480196
"422",422,2.80599693387114,19.3334671419365,12.4150893774995,7.1056000349741,1.20412219565459,0.049646544,0.0511681049840181,0.067503776,0.068620179,0.060424885,0.0121374510528598,1332.3351550163,4166.81329681654,2757.353107,1889.78102929515,564.769842583906,0.63669182397927,1.26116451956106,0.546806015839645,0.268320275780424,0.115160231286224,0.00128265915805483,0.0106975717956164,0.870317529,0.889193278,657.07913208,483.52576884
"423",423,2.54601934559438,19.4017216801543,11.9321404305069,6.78910466543876,0.993214860370949,0.048078935,0.052044856,0.076090122,0.077135985,0.067843862,0.010081743635273,1332.87273998705,4166.943036,2758.00639977227,1889.81143274908,565.052401323606,0.665684809596465,1.04275104227152,0.60378602245484,0.278901670852896,0.140760203499217,0.000770932419732934,0.0106683530872526,0.773247512,0.795077549,1077.73139388,1116.45607464
"424",424,2.64367488714328,19.7736891414241,11.677384645072,6.98931394995765,1.00640648389221,0.0459235819194378,0.05257167,0.077348156,0.074896259,0.065857335,0.0108398652639439,1332.96944268372,4167.42285931824,2758.04972197934,1889.95267121027,564.894464564139,0.555995466354583,0.998022265959975,0.618690281399244,0.287478585297439,0.128343414242067,0.00515757722566815,0.00592218425854875,0.80267981,0.854996844,775.3732512,438.07470588
"425",425,2.7809135724293,18.6840890710944,10.6277203816552,6.423270451,1.17018936137285,0.068445038,0.050896915,0.058799938,0.058634295,0.071178304,0.0300268058894058,1333.20103909055,4166.74275324096,2758.4383953154,1889.85648799821,564.943056146839,0.656688155615865,1.86672592112169,0.594578660425669,0.276235369843977,0.105998117939493,0.00228209396457359,0.0147130693772521,0.841150376,0.8663823,725.17724664,487.01657952
"426",426,2.0100562126449,19.527308197486,12.0034959560405,8.78078448259711,0.945668058255641,0.045385061,0.053852181,0.077141704,0.063212866,0.05439388,0.0129550109424361,1332.6292400502,4167.26401769388,2758.23503545249,1889.63633106866,564.8216411,0.719146773705058,0.908623860915385,0.649629423348421,0.362285060018164,0.113144476013951,0.00335791358290352,0.00863553059220229,0.744290859,0.797358738,236.7479646,973.05257352
"427",427,2.64531260972799,18.6997842066031,11.0760386495737,6.86458228586083,1.05856289486845,0.049892669,0.053085356,0.076433232,0.074498875,0.067305617,0.0107775950290512,1332.96658833205,4167.0479094568,2757.00899563643,1890.34644893083,564.556190017405,0.645108552327756,1.22948746513723,0.529153792578543,0.276430960359225,0.120797343963692,0.00516731236728455,0.00713798109485084,0.795393578,0.836151632,772.65244368,1042.8446184
"428",428,2.51501109258727,17.7408233280045,12.3697305665988,6.88182574088955,1.04128642868421,0.049149163,0.056085101,0.073711932,0.074077071,0.063603069,0.0118668621887793,1333.78922640883,4167.1871390692,2759.23103560969,1889.71352307649,564.794526099737,0.606345781334315,0.979434418455025,0.629796040203499,0.311759481875692,0.107241854012359,0.000953474759829663,0.00523090503510241,0.761558612,0.850735771,236.30135424,450.51553368
"429",429,2.6501296458166,18.1488286396896,8.893948758,6.63193103911454,1.44171983023716,0.065920085,0.051815983,0.063266365,0.052683905,0.053378204,0.0407832108349049,1332.85071950536,4167.40439839038,2757.89141222409,1889.95387688761,564.735544055625,0.368418729188355,1.21390653924184,0.672663942171586,0.371418038789456,0.122787464258579,0.00308586628598378,0.00556840595931909,0.865107297,0.851462026,1082.59474932,803.78707944
"430",430,2.70363272000577,19.0269608230435,10.756250774722,7.07353299765032,1.10069549857978,0.0557365301055247,0.052104502,0.069568378,0.06403703,0.067046727,0.0153727745355036,1333.10131831786,4167.91106902323,2758.18135046339,1890.16123299895,565.0608042,0.672160845305882,1.64570674965963,0.603579168915857,0.277985663252433,0.150435935975307,0.00750873899944983,0.0116444730730655,0.727640747,0.807383383,708.97440156,844.61835588
"431",431,2.42954395550232,17.4871219293013,14.551485993051,8.39584100939768,0.92455343395975,0.032971396,0.051430445,0.084399989,0.088462648,0.062170086,0.00644258,1332.83032249914,4167.11196112637,2758.16884049993,1889.67454867241,565.141022761802,0.798236425894209,0.866711376610483,0.567658117721601,0.259669783968734,0.123067037541367,0.00823907626929545,0.00652006633844911,0.709058944,0.857444466,871.85558532,1100.1971688
"432",432,2.69155128754947,16.8966296042673,10.5202905996114,8.09277698352657,0.901815893874181,0.0433010137266046,0.0581437947764543,0.082857455,0.069891214,0.069704854,0.0111768163254671,1333.02733455614,4167.54405426582,2758.12644945692,1889.81388073552,564.612382687123,0.899992522841231,1.32641617313,0.681045315048548,0.321733802347492,0.158398903729007,0.00369557321514795,0.00805796972533841,0.881194497,0.846342607,340.35725892,1060.225905
"433",433,2.4084519723527,19.2385555034683,12.1826042170237,8.2646860087714,0.827367768260269,0.0386154409296581,0.049421195,0.085558414,0.083498134,0.07342335,0.006734252,1332.732159,4167.21181891096,2758.09849957283,1890.21576091268,564.69261945395,0.771713679503683,0.956683033278763,0.591815462368061,0.250139510896611,0.125439321803936,0.00763021661045332,0.0076450343084949,0.857985271,0.888425569,234.76149528,388.79389032
"434",434,2.162097715,17.9449542987936,12.0284007221295,7.22069442341815,0.968730402830159,0.044548875,0.056915659,0.082321722,0.076256088,0.058313860904547,0.0108819871152782,1333.10420208897,4166.172414,2757.45365229879,1890.63552039843,565.081705767002,0.645399080954144,0.833214727612267,0.536581055183313,0.348494425943779,0.12711708660068,0.00576524044643813,0.0095234765355279,0.830031396,0.862011753,1012.7196024,275.74106412
"435",435,2.53879417491828,18.7042546023219,10.6750424174896,6.76390159499154,1.10506917429088,0.055850368,0.054759986,0.071281368,0.065143727,0.062631793,0.017254414,1333.66047223897,4167.14700997612,2758.91188677008,1890.33725488027,564.487762474335,0.727644419603162,1.47417347610635,0.625443271095556,0.335619091218606,0.107461670560036,0.0066215683150355,0.0154313878027362,0.808086098,0.848660456,458.67349416,401.081466
"436",436,2.46095536468025,18.2243202108965,13.0056368655082,7.76277546606965,0.897207736026848,0.040980898,0.053489698,0.079036146,0.078525413,0.067207766,0.008295523,1333.30760510723,4167.16101149027,2758.27178849415,1889.25538478201,565.017815714268,0.574063744306067,0.715574072563217,0.494712906314871,0.286781962381469,0.125131656634416,0.000196663353272679,0.00886082988999384,0.749961379,0.883698516,1067.80776744,370.96913556
"437",437,3.40704261446137,18.4257409929806,9.97271600608801,6.57198695639057,1.09052177685135,0.047583282,0.0528603616052793,0.065681189,0.059421038,0.066692002,0.022756215,1333.12944944555,4167.10968927953,2757.57709441588,1889.81742136223,564.996136265902,0.669583924713793,1.8368270663172,0.633261609683292,0.30886569157618,0.127364606830019,0.00758014213790328,0.00939447300166838,0.743573291,0.80241625,850.98475008,826.33016748
"438",438,2.57449286331071,18.6808124403901,12.5376239366266,7.51417207559305,1.06403273676026,0.046776676,0.051361415,0.075937776,0.077855581,0.066787289,0.008750652,1332.64410416398,4166.62637416668,2758.08140251901,1890.34132907542,564.965418255985,0.773713220645249,1.35655119719914,0.611723337802154,0.255809519048388,0.121319046351074,0.0055288502373882,0.00609631231614861,0.81954848,0.856066328,462.65384088,429.66661152
"439",439,2.60795142828856,18.4744225296642,12.5081145299147,8.73417911395802,1.00047043302126,0.039819926,0.046310238,0.074635247,0.076646386,0.069954085,0.005822909,1333.01812256081,4167.32867390555,2758.07906439695,1890.35662162916,564.9777382,0.769086383036056,1.03900020326116,0.532623268773032,0.211551284771655,0.132079748462437,9.04928900635356e-05,0.00705493569193111,0.702561927,0.836797364,772.38489456,627.84960264
"440",440,2.44127992320762,18.4272831014186,12.8983909498481,8.31524057307534,0.863577331001396,0.03643473,0.050724353,0.081618105,0.081442605,0.067528216,0.006645786,1333.45488657846,4167.48866191085,2758.09430881251,1889.78688886764,564.840009429537,0.568191649342009,0.63007910018302,0.542713973588596,0.254820443356453,0.118827207600406,0.00080210828405344,0.0058786857989874,0.75073264,0.865722382,1055.32752972,490.1321064
"441",441,2.17555576579027,17.7672290592512,11.2830573860308,8.254908955,1.02919069297371,0.049922576,0.055246487454943,0.077512737,0.066107738,0.0588593430282635,0.0120663635901257,1333.05883546582,4167.13014186135,2757.83992410683,1889.7285178329,564.925369309476,0.71144866450801,1.02800822772354,0.687362539757529,0.329928915496973,0.161148858074249,0.00141251130568328,0.011484660007125,0.840992471,0.773296472,829.74870216,1091.58907752
"442",442,2.54222694171719,18.4832706657865,12.1367096699653,7.08569987502634,1.25521589925024,0.052849993,0.053450646,0.067495356,0.06628705,0.0558396056590518,0.0140643645707557,1332.99278499628,4167.3729386528,2758.00790683844,1889.18768878974,564.981599946132,0.379346335193186,0.861942408870961,0.596021441698248,0.290208587809797,0.0993288000493918,0.00525252267534062,0.00623660369230681,0.715339028,0.836790006,735.82255884,895.29588696
"443",443,2.53107517120575,19.1466114795979,12.7323754848297,7.25362781369448,1.04647597235793,0.048176322,0.053264901,0.074152392,0.073888897,0.063994953,0.0110032680362191,1332.6999221739,4166.92616337755,2757.71215009893,1889.79866797751,565.334152981469,0.708992042533717,1.13875749598535,0.641881832339579,0.296825792598966,0.143560209337266,0.00096547842098023,0.00579438742723689,0.800387165,0.815156118,293.11542432,918.60546588
"444",444,2.42551329415952,16.8048599896642,10.5899035362249,7.51963031238889,1.04679791453547,0.053953273,0.0576888058865997,0.077443001,0.068307338,0.065988168,0.012846117,1333.13754016041,4168.70974308919,2758.37860421978,1889.937146619,565.101556581666,0.819177968666394,1.49876419189129,0.613019264824717,0.319807110406475,0.156654218843799,0.00514316466837673,0.00960322008185285,0.841451496,0.821070552,797.0484522,1111.90637028
"445",445,3.10037529737709,17.1146736688219,10.8007894469323,7.21431395246581,0.962889301592304,0.0544786956409208,0.056718343,0.06423496,0.05811045,0.078377588,0.0222847458396712,1333.04492870599,4166.93068961362,2757.65352170134,1890.08079527272,565.023225523709,0.838231190496578,1.93913437452198,0.640579150143717,0.322663158904415,0.140995918727791,0.00216503102848966,0.00830705204964752,0.70901203,0.828517001,624.79682028,799.1239458
"446",446,2.51928413161337,19.0408202016609,12.2044997769474,7.36847262781016,1.04779979798569,0.0467739535658429,0.0532505867775867,0.076534128,0.073986561,0.062905618,0.0106722560201716,1333.08199062605,4167.48359647548,2757.50118766134,1889.69841288073,564.839554135361,0.606958778292198,1.02914263966821,0.649361328135868,0.287336032327848,0.112211743563137,0.00847504237739012,0.0122023653729267,0.753062024,0.865984566,290.43113916,531.1833924
"447",447,2.69631600492198,19.9284240618527,12.2661533217723,6.844244012,1.01856266888978,0.046258574,0.051785504,0.075368701,0.076701397,0.066818909,0.010670065,1333.41714400174,4166.12289848184,2757.77067809634,1890.15735508336,565.040231855493,0.655615929206504,1.21797633616309,0.622571279568312,0.279592115743482,0.140879016136946,0.00540276550834948,0.00653004456727525,0.879472354,0.85676461,518.80998552,1187.13657876
"448",448,2.52362230119451,17.9346343659637,11.370871515582,7.25178723388387,0.825781317753292,0.0397672471229459,0.053984213,0.086656207,0.083971712,0.073243579,0.007843208,1333.16901439972,4167.36928819603,2757.37736940474,1889.67024209597,565.216789079399,0.787669459234411,0.907876103448236,0.650595752019716,0.281043362092163,0.122083470055518,0.000704432537261877,0.00791379617159673,0.943200829,0.791811721,745.64957844,1103.40829668
"449",449,1.95767073113915,16.8560925595807,14.895468872545,7.927388532,0.792099015926511,0.029486713,0.062285412,0.098907507,0.08926258,0.0519607047541576,0.008105945,1332.80274560233,4167.35331621201,2757.78178676982,1889.65041532797,565.232950310534,0.869234705401797,0.543636877570701,0.627839067449767,0.359868609110624,0.156695371081309,0.00105622818302875,0.00741989637699434,0.78356986,0.796351411,94.828870716,848.51860776
"450",450,2.82045929377529,17.1281839955819,9.90474966653408,6.03169363939998,1.06206762564466,0.0587538612886804,0.050239183,0.0564509098029428,0.055213107,0.067604654,0.031782347,1333.26280756723,4166.59853319977,2758.33338256,1889.57795447135,565.145605776494,0.49550334329282,1.30206566101725,0.647283598750553,0.289809279996552,0.110567314364499,0.0019336355083525,0.00974474544693512,0.86796904,0.789674285,808.1840406,1188.09107604
"451",451,2.64320074045644,19.0013619949388,9.99961789608438,6.58070261526929,1.07829179078591,0.054229824,0.053635989302618,0.07450407,0.06743283,0.065536218,0.015079875,1332.52810953185,4166.60254305535,2758.5985326125,1890.13459437662,564.9909678,0.577206684402837,1.14041046139628,0.652338226260208,0.301027732963963,0.102088217309094,0.00224033354007047,0.00852918577994506,0.817353777,0.868179522,1195.01144952,420.86843916
"452",452,2.186989171,16.7749396556405,13.1053681346474,7.33802288533612,0.632970958860945,0.028343972,0.060755829,0.108534266950303,0.104629851514454,0.069389767,0.006244523,1332.66018276261,4167.23840170866,2758.24163314579,1890.3464576531,565.042535117057,1,0.61508322483582,0.557115114092832,0.321373873793956,0.147399904569455,0.00625814808126913,0.0104226235657183,0.921513284,0.970211308,545.71912608,229.7167692
"453",453,2.33159593899126,19.008069321557,11.9479634536223,8.96066356326048,1.0257647754833,0.041315575,0.04865207,0.082617705,0.076356748,0.062642883,0.007151131,1333.19319877959,4167.71980720602,2758.36950722818,1890.39507668805,565.190338206451,1,1.23330660554828,0.650089464617316,0.253289729579908,0.131853220261091,0.0010268613086357,0.00844601129689247,0.74576417,0.86660505,331.09242672,1106.63486028
"454",454,2.57951184046107,19.1125564811302,11.6139986772903,7.49666273759718,1.09068615268683,0.050089318,0.049745371,0.075111624,0.074575771,0.068199331,0.008664576,1332.66341450539,4167.4832601074,2757.8114458658,1890.086714,565.207937397003,0.726796121351206,1.32836429036736,0.631914319894218,0.232038195353956,0.123620320602963,0.00564915317502168,0.0126008183208765,0.811405361,0.810986529,506.24568156,1170.25991952
"455",455,2.52299041033895,17.7429299040108,10.7117736304752,7.990332552,1.01368071229466,0.065248182,0.0561604749173438,0.062736854,0.051728165,0.072171508,0.02839869,1333.59525567714,4166.8801694132,2758.38400996804,1890.06153095908,564.920359746739,0.530147233297109,1.25245534442369,0.591418736794591,0.387251238874011,0.121015885980078,0.00137490636725903,0.0115291142779,0.822317691,0.855688174,438.06767592,563.1473136
"456",456,2.3740763000824,17.9130841025361,11.5345101065877,6.62822933867232,1.04991372707341,0.046835946,0.057316565,0.079727246,0.076301405,0.0587243791855105,0.0117701103651234,1333.29976940324,4167.13670380677,2758.4507517104,1890.10890212385,564.907977168981,0.578058030969209,0.815465641776907,0.691502183561634,0.335706322617126,0.105022894181506,0.000294761393675972,0.0124680725663373,0.812542319,0.873071395,599.51067156,448.20131616
"457",457,2.53823744345529,18.4597024849904,13.2058672365309,6.86061869705998,1.24677989560722,0.0692188,0.045878651699625,0.043749521,0.049098336,0.061266334,0.039305132,1332.88643709959,4166.10846787592,2757.32022883809,1889.67985436747,565.063774926102,0.480581706644504,1.60190746079903,0.612100898312214,0.266220199060062,0.100454569562738,0.00187983705804361,0.00586408090070038,0.742759877,0.843319332,988.76099976,1099.752696
"458",458,2.180143689,17.6331217006656,11.4100998331338,7.74710861576239,1.05044646452973,0.0514043003899155,0.0553249515344579,0.077387618,0.069456362,0.060140014,0.0121683536214022,1333.24728224001,4167.06740194141,2758.3949674828,1890.58058936221,564.835237607594,0.51370716956789,1.05796109353182,0.618354421830178,0.317581823752436,0.133064834844644,0.0124413135246269,0.00679265939003571,0.918191653,0.868101748,36.223896492,693.64055676
"459",459,2.74206304172336,23.1756142399023,11.1668950392132,6.85764842813391,1.02094823190479,0.052240633,0.0460809641266297,0.067362392,0.063070766,0.067684407,0.0153671186768244,1333.41160550181,4166.96198333703,2758.84556209099,1890.81616097501,565.097735931397,0.720662410204701,1.4598612040588,0.596529340839154,0.277217029470298,0.134194368643402,0.000521930578122486,0.00670784727546307,0.828604485,0.808644465,137.44944648,607.7547714
"460",460,2.68487356002146,19.8252828437978,12.6153662270804,7.78858689940468,0.986087668679985,0.044709072,0.045470483,0.071805907,0.078096122,0.075834162,0.006291513,1332.82297726927,4167.1031655857,2757.69622574286,1890.60651149129,565.044119370634,0.650318118600841,1.07246776073935,0.599709001087472,0.194874832628216,0.138538481234838,0.00247601000461194,0.0112353247932628,0.8296916,0.871005546,660.54614112,815.99303448
"461",461,2.51291234662946,17.8911931909636,13.2110043852141,7.57440356616851,0.88470799536385,0.043235188,0.053134581,0.076438187,0.078708203,0.071450421,0.008625033,1333.29734891333,4167.63391828709,2758.22383849879,1889.86607188666,564.910088106302,0.688733851216624,0.971417511577075,0.548800835275012,0.275579839665327,0.13565577156468,0.00458125679103219,0.011296730094449,0.847760942,0.831262036,772.52714724,354.29664528
"462",462,2.48104874391548,18.1709116971023,13.0289459761224,8.3813629858812,0.94305561801515,0.04161929,0.055580477,0.080415618,0.07504198,0.064371138,0.009646848,1333.10333112716,4167.41418449497,2757.27632298222,1889.74161326973,565.20263082893,0.670885247944748,0.953037503066639,0.526734162881528,0.315994714249921,0.142947666067983,0.0048833911489413,0.00581900958462493,0.829569092,0.856222761,147.91679148,1067.95786992
"463",463,2.53568241184283,19.1967916388989,11.5017495005801,7.03940047417304,1.06543569750952,0.049897721,0.053339652,0.078504597,0.076189047,0.065708175,0.0104171680879386,1333.40776674272,4167.56257135387,2757.97342505887,1890.05126676397,565.075175727079,0.723436675188213,1.15500887103932,0.682291204346244,0.285107292446658,0.11901165358901,0.000456805940397691,0.00950828103563878,0.793461264,0.845877604,113.067641304,1021.09536816
"464",464,2.4770680079956,19.710527125578,12.1500535324456,7.42897768662772,1.00134892719287,0.0464543215744033,0.046500416,0.074775051,0.078808882,0.070580988,0.007238416,1332.65995774651,4167.51626,2757.26989450926,1890.35629819614,565.011821308035,0.679210609701308,1.15900175054641,0.669317767135646,0.211761469776115,0.136682365246853,0.00614203615892295,0.0091042910479549,0.876933318,0.851923833,98.956132584,341.84792748
"465",465,2.12839387506552,17.9838559943484,13.80979783108,7.90825358865025,0.89220201758129,0.037142672,0.054588947,0.088377141,0.087530577,0.0608769680141138,0.007370363,1332.64973298796,4166.71551500518,2758.02787931984,1889.69063318154,564.860619254629,0.69187951845265,0.676110216148757,0.522812645772186,0.303011030062738,0.120924037358303,0.00392296703919757,0.00705032887677283,0.765755173,0.845474552,704.53544976,1108.58456808
"466",466,2.32885737128679,16.8346706002373,14.3572276426854,8.665156717,0.877239021383658,0.0292001224944731,0.044887335,0.076814757,0.087446907,0.062773037,0.004731231,1333.31336972279,4166.09456091288,2758.23815691607,1890.42400180496,565.262640540936,0.732005140908814,0.671222504013896,0.577893501460129,0.204482539926209,0.167792812004548,0.00255144190413141,0.00570098309746734,0.725777233,0.789822181,1081.96556436,1134.12267072
"467",467,2.47333622841479,18.1886911065282,12.32677234,7.43627074669726,1.02643603690484,0.0473595151100626,0.0538251734403595,0.075721582,0.073833351,0.06406479,0.0106551520428009,1333.45581270284,4166.47937191106,2758.19383711755,1890.95274143835,564.8650729,0.750557676599523,1.30771675628904,0.572715139899392,0.295663623467978,0.140797995587169,0.00767642151402842,0.00893927561723912,0.811874587,0.812590865,1189.86421068,1145.5733118
"468",468,2.31733295613639,17.6139739107864,14.1790112287622,8.261678919,0.915578781285786,0.032370759,0.0511521951248242,0.089270807,0.093899468,0.062623019,0.005780787,1333.11842258024,4167.02363303735,2758.06295946308,1889.6382825408,565.0802477,1,0.883095758588669,0.539978837582124,0.266331849543624,0.143352893518673,0.00118773393929994,0.00564116184861743,0.907748525,0.852676516,11.098865124,718.48643364
"469",469,2.66795025715158,19.080804664504,10.2931766120695,6.61401464648541,1.11520495409902,0.056475415,0.0545061530791658,0.074150069,0.068239241,0.066148974,0.015608214,1332.68708767859,4166.65513300633,2757.57660535333,1889.19553943791,565.057642900996,0.690960348620409,1.36712289394156,0.648051531312209,0.310076949556856,0.119939711149638,0.000916210287329546,0.0115718351616674,0.72702369,0.816884304,106.776498936,443.03089824
"470",470,2.59966859949022,21.3420346344123,12.0452237716237,7.25165210803355,0.994220512837357,0.0464262261307611,0.049786969,0.076234134,0.073307627,0.066493078,0.0111254297609558,1333.496091,4166.58639698687,2757.93065405552,1890.14395634304,564.87712095793,0.594581136070285,1.29892654704819,0.540536512626922,0.27549951735406,0.11074646453934,0.0174491058305969,0.00908233296028867,0.866465205,0.920032882,291.27400392,350.26878036
"471",471,2.18160966298713,17.9055258364924,13.2693702645149,8.0642000941188,0.811424407826021,0.036604581,0.051633603,0.087414214,0.088975964,0.067931951,0.006468134,1333.55376941622,4166.75475537951,2758.29684379495,1890.33661830162,565.1815751,0.729356613501815,0.686053099074214,0.688733345748235,0.264086224801475,0.129024463775694,0.00112085310056924,0.00790786641389196,0.850234518,0.883039268,598.35777876,336.90018804
"472",472,2.44424697098938,19.4683762131529,12.1042069763679,7.129648021,1.03364841330722,0.0490189060137883,0.0507683071972672,0.075543093,0.076124682,0.065836768,0.009834604,1333.41776562878,4166.89669441659,2757.6538501039,1890.34683105855,564.747312470579,0.552887407508348,1.0757200012598,0.575896832603647,0.257200161036381,0.105182907107413,0.0150484849543907,0.0111224544831149,0.840549234,0.877639381,1183.12944528,433.39728396
"473",473,2.74267005785686,15.4444555793307,11.8777853768771,7.53277659289585,0.984791680693301,0.0583219356902353,0.061425357,0.06398903,0.0601796944299316,0.075215071,0.019691743,1332.88551176553,4166.48319050826,2758.08186996968,1889.56385995457,564.95398858424,0.70706520980402,1.51052558656024,0.570186014906253,0.343279038506922,0.101772608225008,0.00207573048926955,0.00713348443549869,0.853237194,0.84148333,771.49258152,714.43868868
"474",474,2.34202924676634,17.0429865099298,11.5185560646085,8.75604918674126,0.954969355723413,0.041808451,0.0586696496805627,0.082929339,0.069637391,0.059080341,0.0109755137303955,1333.015810243,4166.75141,2757.21115053931,1889.85955267622,564.940872793453,0.680813462613775,0.836261067771989,0.587137648943309,0.352311383579423,0.146372561789394,0.00192459352129305,0.0110798051814052,0.814597439,0.802644249,65.126497404,967.33400484
"475",475,2.46121078013061,18.5775516975309,13.2441083703859,7.79535212551905,0.932017572281116,0.041728829,0.052349117,0.078413524,0.078396152,0.066130754,0.00857077,1332.83054592363,4166.84224971838,2758.50639497046,1889.93257790514,564.915049010425,0.747501829898827,0.982843924621493,0.581308738641031,0.282313171955676,0.11458649192098,0.00257477114925599,0.00778832333039656,0.861838666,0.823501347,1038.44323104,848.1714648
"476",476,2.42300874959599,20.072407820538,11.8303313957588,6.97707538717031,1.07039086588852,0.0513781861949025,0.0529927448731535,0.071722169,0.066894674,0.059694206,0.0154142040127268,1333.06546296092,4168.11818118205,2757.8060710203,1890.11175631773,565.0571013,0.822789986874628,1.58517797568503,0.641434535164125,0.344377776185533,0.141923672135977,0.00664740617334235,0.00885011095429815,0.71440206,0.825393903,932.40566556,928.94185272
"477",477,2.52586794765452,19.0274661223141,12.4789272248229,8.47949616988329,1.016732609,0.038478647,0.044669562,0.07439169,0.077014719,0.065627022,0.005887483,1332.75193420703,4167.43511328762,2758.06438751635,1889.64402802555,564.924636601578,0.640499817102496,0.899512631439017,0.646738043862917,0.198490738329836,0.120195039661681,0.00438724309685082,0.00906675622603856,0.857463416,0.856880025,675.151788,1129.50219072
"478",478,2.39336028743848,17.6937442598971,12.8428867940602,7.64849181663535,0.931375886957545,0.045050016,0.0551518830773064,0.079886871,0.078222108,0.067380063,0.009746232,1333.11229418489,4165.993515,2758.34304252634,1890.01728701154,565.573593011423,0.978594224776639,1.39961756753151,0.705583006870712,0.303479663323964,0.167427215142979,0.00484515309115045,0.00788218531496207,0.795907829,0.792315304,983.3838324,1036.44536172
"479",479,2.53137216692308,18.9149199855636,10.39837982,7.12319101006795,0.951007664,0.058631531,0.056417158,0.072927254,0.063072674,0.073435244,0.0187618383589727,1332.90053217633,4166.58573686547,2757.25500503008,1889.97404972402,565.026574432862,0.710083855669852,1.35264790095586,0.629276715741666,0.364392585024538,0.181033750619326,0.0019071097862017,0.0210345136345737,0.777583764,0.812447404,590.5002696,714.15729228
"480",480,2.53670172599732,18.6831963708639,11.5044118563563,6.95506610884928,1.00600431480053,0.0557529476459184,0.056796475,0.07024329,0.065428813,0.067672295,0.0175394494129902,1333.07870730429,4167.61256494405,2758.08383231952,1889.58488528859,565.034225230989,0.542326755192168,1.03397139825236,0.530889483623733,0.365033763045426,0.11182294255673,0.00147966429577023,0.00735157480796395,0.710821732,0.83350048,346.62628452,806.90149404
"481",481,2.85271449143655,18.6607799042689,12.077660453516,6.32401455283984,1.12852601786117,0.051066317,0.0528979172392533,0.066452791,0.071087313,0.064162499,0.0137741998434839,1332.71363327256,4167.13056924712,2758.32534475907,1890.2551996598,565.266800152467,0.57841299509485,1.15022713167907,0.581657478349278,0.278127201017039,0.124107819758517,0.000121415989483249,0.00912380468441076,0.750066756,0.891640604,1147.16735184,494.42790612
"482",482,2.5063447736011,18.5787886581939,10.3582733126868,8.43648876766774,1.0580382265472,0.05266231,0.051805389,0.077721444,0.064819598,0.06809651,0.0105176064097157,1332.95317312481,4167.75893111185,2758.08423137302,1889.96416014286,565.035917413922,1,1.73415346496925,0.579886678100145,0.269403915716443,0.133688418841027,0.0012490615551095,0.00661985867107818,0.760282305,0.847400707,504.1551666,840.22346712
"483",483,2.35998595588126,18.6173168060866,13.1375518820966,8.096086049,0.828960621504743,0.0376146297528089,0.0499502250453998,0.083368204,0.084737475,0.070602874,0.006692994,1333.10427641744,4167.67245948289,2757.69499909524,1889.96051050583,565.010105513398,0.863716547231812,0.933138473513121,0.579310888784176,0.260352084025855,0.158096735946041,0.00164701008928449,0.00721585305820606,0.878345494,0.852531314,761.473368,998.39715756
"484",484,2.35149788241694,17.3906582075803,12.3181015148781,8.317813521,0.885170293112573,0.044274916,0.0559993329541436,0.080528763,0.073322107,0.067579822,0.0103475266366871,1332.87467399643,4167.50920430025,2758.81433806421,1889.77287563626,565.0647487,0.880124160471708,1.38246215320592,0.512780047375389,0.323056163705728,0.150676766287112,0.0114990915852618,0.00837302742163947,0.721719636,0.820221955,295.66468452,782.1674604
"485",485,2.1300980529863,17.6000089528257,13.4257999702687,7.66794617908134,0.775219033513379,0.0403630959403599,0.057004849,0.090391158,0.088026226,0.069766618,0.008290061,1332.98670437446,4166.84040348136,2757.92251894804,1890.19900857276,564.9585407,1,1.0188754009039,0.582861035854873,0.330116460925547,0.184718194444158,0.0056737296840586,0.00976280648531169,0.748861699,0.820118077,486.50212848,663.36815892
"486",486,2.58607550815218,18.4351811585858,12.2163759934734,8.09477926558906,0.917971602480321,0.039852258288025,0.0488129792754982,0.080122695,0.081755756,0.073009404,0.00642273,1333.02895647616,4167.28412164155,2758.54877243214,1889.76694564322,565.174625127364,0.817726667375926,1.06170242872604,0.626103934742966,0.230507460427794,0.128836827713974,0.0023837974694264,0.0100609246323013,0.747446867,0.814632926,165.19780968,673.70546652
"487",487,2.81784884809405,17.8602991809283,15.5163020087664,7.3403151056344,1.22408611959009,0.065206015,0.046482475,0.038031939,0.0463096910549487,0.064255265,0.046123259,1332.86813763212,4166.48000560935,2758.18788397247,1889.72265537969,564.64238856049,0.632318040288963,2.30807734408247,0.618187341331992,0.270980228638581,0.157381386708453,0.00228835107952014,0.00976177292559242,0.717793239,0.842468733,66.287839152,891.77553048
"488",488,2.54002335030985,18.1019650156692,12.379529730962,7.59823840826332,0.976171152070225,0.046331521,0.052155832,0.075870464,0.076291629,0.069663714,0.008824903,1332.85834610458,4167.65322336249,2758.04227979689,1889.72284744559,564.933317698664,0.807251600018021,1.21284766678381,0.661490338427844,0.260056705687147,0.121005778736624,0.00260378406969056,0.0139423692915794,0.792036534,0.82474199,251.09040444,1004.07683748
"489",489,2.551840163,18.4194362738132,12.7825552777321,7.03655799230938,0.99740294885102,0.0486053384819536,0.054558672,0.073399285,0.074994301,0.067105287,0.0110005862140849,1332.97579372036,4167.34308509814,2758.22000360812,1890.51612462001,564.777090426357,0.684107251475154,1.07948092325927,0.499053674500552,0.305609182825654,0.164321686890944,0.000542573185237879,0.00897691185244414,0.958589587,0.846549649,114.411485664,373.77266172
"490",490,2.45312604917505,18.4068550173224,12.4097884000452,7.56641500129358,0.894558353152031,0.043560789,0.050510059,0.080508551,0.08399912,0.074615786,0.007219751,1333.02525217702,4167.12468135114,2758.11946772262,1890.73954511764,565.05679842845,0.718129939558687,1.03178612840337,0.694641029703418,0.240062050943514,0.118736058733858,0.00638415742879739,0.00763361802226576,0.792584885,0.92321714,317.7232062,223.70879532
"491",491,2.7321722796013,17.8671345750175,11.4318281040922,7.6764208731307,1.22167127269081,0.052591005,0.0523442137997986,0.068582269,0.064908211,0.0619662605454198,0.0112018798856547,1332.98498738764,4166.09947316843,2757.6211126458,1889.78349127545,564.685811332252,0.526704123769659,1.07260765676142,0.572198902636042,0.243231198581123,0.102819881922315,0.000369315945674153,0.0159394497930491,0.769293552,0.846144664,1065.58411152,750.65963232
"492",492,2.69655401028966,16.9969694783865,9.42539798837641,7.509641029,1.10395211291238,0.065740036,0.0572269846711868,0.067883297,0.054138864,0.071493152,0.0276195954908106,1333.0288587746,4166.08454791862,2758.19390975005,1889.81748744144,565.019775185569,0.615863540845179,1.55866648015968,0.661742638244912,0.341709054963183,0.0890972735431617,0.00271393674643327,0.00867762679346584,0.761518121,0.844464483,123.2463126,717.54599616
"493",493,2.46884336122139,19.3708315024384,13.0549206774651,7.93184221351685,0.932421269,0.042009112,0.047190329,0.075702213,0.078763475,0.069767402,0.007411339,1333.02823921043,4167.22685240829,2758.0192092341,1890.39558490226,564.813458049745,0.769815532520384,1.23536335054432,0.639997128556406,0.228892127693006,0.115084169228949,0.00912361123395306,0.00633534857947872,0.933702332,0.847270945,48.658580952,860.55490608
"494",494,2.47616649974659,19.4432031061015,12.6789579799955,7.529408118,0.937182917,0.046303396,0.052155909,0.077460351,0.076221884,0.06922718,0.009876176,1333.4596910918,4166.99165154674,2758.47420515129,1890.94014188428,564.956860490001,0.753121351074965,1.22373462784805,0.658341207266461,0.284754001467404,0.149126671705829,0.00503932726345353,0.00644719044663746,0.90277652,0.800645471,1134.802569,473.29535532
"495",495,2.43936879244586,18.0357752287796,13.171231506704,8.21806622438552,0.931522331,0.042542708,0.055683598,0.079280411,0.074531965,0.064487453,0.009985903,1333.12881159824,4167.50190118424,2758.46834260649,1890.19506148894,564.95773322824,0.803164685080339,1.0649592595697,0.522231591129722,0.324228712113201,0.118859756717837,0.00310413934341642,0.00647753949878237,0.703483041,0.865377693,566.14506552,476.241315
"496",496,3.07316979693731,21.1001085204159,19.0145477349103,7.87014440157019,1.86722246131893,0.068010908,0.043202049,0.0336567454373008,0.0462996916984406,0.048184410972593,0.057794316,1332.7629409956,4165.92857206389,2758.11126898428,1890.5101153287,565.065007147942,0.650897120057997,2.92552202308329,0.672311916642884,0.274299925393034,0.120080599776199,0.0010476495340458,0.00816337339076502,0.786083894,0.838521686,1143.31779012,587.99594856
"497",497,2.47589174827965,17.2924116585503,12.3163017466952,7.58867614356268,0.951230189432194,0.047183819,0.057245547,0.080053968,0.078006049,0.069797395,0.009803097,1332.86581873498,4167.46365669481,2757.95859606843,1889.86774194011,565.014108574002,0.64807296499999,0.963012654414151,0.621403134166157,0.303599953263981,0.115229222247809,0.00393951248473476,0.00851623060882072,0.748215467,0.822277734,43.553298972,692.59744152
"498",498,2.38418322212306,18.7288387117274,13.5764854213129,8.390816938,0.834555811,0.0368622416365178,0.0555226759696698,0.084226823,0.077078496,0.062953794,0.009333684,1332.94203619365,4166.41216147103,2758.297295,1890.22022143444,564.873397584893,1,1.05285093917007,0.500541765698649,0.337027642572281,0.157985573543339,0.00351024009667393,0.0137442689770173,0.725364643,0.790555973,1055.17949388,649.80399732
"499",499,2.95624473658601,16.7474799483653,9.12470271446587,7.00178555709668,1.20883570868366,0.061375245,0.055967038,0.066226124,0.054499888,0.065976408,0.0294008237296134,1332.85179797993,4166.75611275591,2757.77352009667,1890.18313901786,565.053170506851,0.624026314299227,1.60762134514378,0.574899849632159,0.323470778561947,0.127526793944144,0.000481951427557788,0.00832970932462327,0.706269887,0.845818405,857.90340384,542.93436
"500",500,2.55932139905847,18.7109149399454,11.4264412701258,7.63048115707321,1.16747968107887,0.050263070342516,0.0521897312728118,0.072223686,0.066059084,0.059096436,0.0122886275402329,1332.94821294757,4166.4057485937,2758.141248,1890.40533927453,565.067857374482,0.656252023190463,1.27273473340192,0.701403587183336,0.277631946182934,0.11771728139867,0.00593353919943995,0.0115107496546177,0.834590472,0.821475154,609.70670472,801.23526696
"501",501,1.79975064543285,15.503600827339,12.9521387762936,8.28541278209241,0.864683940224999,0.040742355,0.0590322824316147,0.101020889115984,0.099701962,0.06548593,0.006567997,1333.37564389446,4167.25188750667,2757.87554956324,1889.98820390064,564.7902184,0.880635862701964,0.755229882793956,0.602331399433348,0.32080239700721,0.136560189091504,0.00675901703962775,0.00590381846425155,0.932014973,0.833278159,1104.32705928,1135.50375192
"502",502,2.52767204235668,19.8467399586775,12.0998116053922,7.780683082,1.08476007280723,0.046906968,0.04571832,0.072889208,0.075847811,0.068299368,0.006728326,1332.771662206,4167.165086,2757.36576685712,1890.13799865746,564.994135394107,0.644626349365518,1.06784451927619,0.557610112318932,0.205988656874397,0.111437249979884,0.00169658117173482,0.00781647674376734,0.744010326,0.808819006,683.75705664,532.86084948
"503",503,2.73661306343587,19.192205771246,12.3815122702951,6.72635970125261,1.08809153699625,0.056897538,0.0529307130358967,0.065216524,0.068356632,0.06956566,0.014977381,1332.84699059219,4167.166383,2758.47831268956,1890.13337191251,565.138952476352,0.52628166255651,1.16340371392927,0.575388235160767,0.278347133846074,0.102296130718683,0.00188514158964157,0.00838153455573172,0.787286517,0.825002495,479.85340344,960.9079122
"504",504,3.17563446258432,17.6517116118506,8.79907641525242,7.43371109601419,1.14498475631238,0.055863313,0.0514121289405385,0.068931756,0.0535674814272519,0.070059356,0.0194639838287894,1332.79205393478,4168.07533180946,2758.90013980122,1890.74774538554,564.397628222678,0.575505034627017,1.52081456888091,0.68813403574824,0.21700808528479,0.0937612730379454,0.00189110708183564,0.00823466031503668,0.761443175,0.878436663,921.9479346,347.3672004
"505",505,2.29401084316698,20.4955152583432,12.69968106,8.60964016039612,0.680734256881786,0.03749812,0.0499385565171314,0.085020272,0.077582983,0.075735234,0.008251032,1333.51235042982,4166.96089156245,2758.36075628647,1889.8508582645,564.9310488,0.732440000976776,0.893181302127968,0.662491968773673,0.272906026019189,0.129705804550858,0.0127973453687023,0.00776686890240607,0.920094863,0.926935154,498.62819856,292.50845796
"506",506,2.13586694378303,17.042638858997,13.4342284196033,8.39119929277995,0.788922118246048,0.039022749,0.057863715,0.090791183,0.086317949,0.068066304,0.00789298,1332.9887372593,4167.57335930784,2758.37866440067,1890.11573928383,564.974565010392,0.805930327933512,0.74849519154258,0.597483735760351,0.325343426587957,0.106471417536058,0.00196121395224235,0.0100063182971806,0.794616399,0.765377151,41.85438972,465.982833
"507",507,2.47658035293493,18.7744659927191,12.9305466729362,8.28074700734537,0.911318813,0.040383321,0.054951975,0.079929422,0.073290791,0.063087663,0.009909851,1333.04842544092,4167.49646286999,2758.03758664532,1889.62380095658,564.906827297676,0.613883369318134,0.768259023763367,0.654126776150802,0.31305697992215,0.131508503021419,0.00076502718920943,0.00797877321540641,0.727074846,0.863144097,862.18525212,666.0543372
"508",508,2.51296205709988,19.4230210132898,12.4491824010153,7.42676331309351,1.03979911824634,0.0462727084463685,0.0506635524329368,0.076983121,0.078007898,0.066006991,0.008615901,1332.70656859505,4167.25097039513,2757.28589740935,1889.964098998,564.800993416051,0.741036704925187,1.12217662140884,0.593346587324129,0.262976089045582,0.128536780432391,0.00126219189366116,0.00772738943284429,0.754967228,0.81503991,238.79189436,810.03828996
"509",509,2.54698499226803,17.0608231306908,12.2577262370767,8.62285883313891,1.07223230704481,0.0360509192499568,0.0526619959213019,0.080679645,0.075995199,0.056728548,0.007538139,1332.71780463327,4165.9584893758,2757.23686905193,1889.96284739155,565.032588984425,0.692919861603614,0.826685723508634,0.542329526298131,0.271813276268805,0.104912181385998,0.00114222379277855,0.00776443512972565,0.702362961,0.859902296,918.44436372,584.41751088
"510",510,2.57844043566459,18.5690086930957,10.6659441152195,6.8698047255714,1.03099544132389,0.048316819,0.056863578,0.07992013,0.072023172,0.06322404,0.0130493380231214,1333.40098854129,4167.71727721228,2758.25783011014,1890.32721496263,564.9143941,0.735709220334548,1.13028196357491,0.658783328758046,0.341325520387469,0.139833662604639,0.000213649414279129,0.0148960610118523,0.809914037,0.901437092,467.46795456,380.61867888
"511",511,2.54700785667811,16.9657696295525,10.1286380977596,7.21892378959844,1.08332134807354,0.05300647,0.056498355,0.076335739,0.066910686,0.064433918,0.0132506725847693,1332.67145013295,4167.30861267125,2758.43518297054,1889.35231207759,565.061127474162,1,1.72184974188448,0.585069901784178,0.314284558182789,0.155521501120544,0.000809969713707183,0.00823844799778357,0.861080264,0.833125328,1006.21151388,1162.02474036
"512",512,2.30361067828267,17.187008606383,15.1038555270228,8.18237308025925,0.943325402099473,0.028551239,0.048147436,0.083759005,0.091861888,0.056491727789065,0.005440717,1333.17289908743,4166.4427977786,2756.79613739153,1889.96369930522,565.218270121595,0.883930386592974,0.761427428884015,0.550316251399728,0.237337385963633,0.136433991864969,0.0058769923030501,0.00962362996092969,0.844029233,0.831060403,57.68188632,1062.26743092
"513",513,2.00657518416993,18.2498185897825,11.2296500450205,8.97673189,0.773770589210543,0.0422942853970747,0.055276683,0.086844686,0.071826617,0.065314257,0.009832696,1333.24069610723,4167.40891141578,2757.85307441168,1889.8302099426,565.055544233264,0.7193014644082,0.811073316013822,0.549035818173892,0.338782855730397,0.165201366921557,0.00480815863025969,0.00545207030295857,0.869105313,0.809069109,1088.42482656,867.36542448
"514",514,2.41853613237271,17.1378666341009,11.185069387165,7.57622201525071,0.990199479957737,0.0569912264377342,0.058744387,0.069753414,0.060942967,0.067030786,0.0186032601542362,1333.32415680465,4167.21422606827,2757.6493173522,1890.1500146465,565.041223482026,0.528570108674579,1.04800094908685,0.60636438616767,0.374635265127505,0.118393206500491,0.00411753918217882,0.00829914904675783,0.758820415,0.817723996,510.871035,1185.37587852
"515",515,2.50721836482543,18.7975772185989,12.1618790697111,8.47420007187234,0.825240890698363,0.038024765,0.051370075,0.084643868,0.080303504,0.072641494,0.007084099,1333.47446367911,4166.34336047373,2757.96705385276,1890.11075618211,564.957817803141,0.74552204644452,0.834731473156882,0.569336429170769,0.26742324036932,0.141948352315808,6.51935447928902e-05,0.00851242600988587,0.750140145,0.820061643,664.00630092,1148.69101776
"516",516,2.46890067052436,18.0071115729312,13.1460192731565,7.730713629,0.8638613080053,0.0377314902996622,0.055000372,0.082000044,0.078479026,0.063876276,0.009168746,1333.20447310696,4167.43617993716,2758.40282356073,1889.38944689136,564.923928742534,0.871176967263538,0.972385840720654,0.634178253637268,0.312895098903893,0.120668770231548,0.00145521017861555,0.00886969778860375,0.749005976,0.747429704,723.14374128,1075.43907324
"517",517,2.23752717297874,18.1630659290701,11.3675645029981,7.75568542933656,1.07425646823788,0.0518604082456136,0.056239607,0.077266902,0.0675487,0.0588143583492583,0.0130864259405578,1332.96427037869,4166.32042168616,2757.67355803339,1889.54596964021,564.793372890737,0.834368966919656,1.2472999452259,0.592114410425169,0.353846995952774,0.09610539351939,0.000847308421047148,0.0104971083797503,0.71893392,0.820004017,549.5408736,872.20793352
"518",518,2.53934583601458,18.4676865936331,12.6520704897508,7.4680669323634,0.929248091646788,0.0447281649154101,0.053918866,0.077506445,0.077248519,0.069384417,0.0095383,1333.26889684606,4166.81274628352,2757.78496224854,1890.40726216397,564.567618239543,0.539800954528555,0.836772963850721,0.653802214374145,0.279759821879714,0.0911235811968378,0.00518815752801082,0.00584136519576837,0.756593077,0.942808865,583.25506284,257.47880844
"519",519,3.0553511666251,15.9211452307483,9.36112238761309,6.80007438822466,1.21294641079861,0.060922468,0.0581450493960543,0.065061646,0.056132871454973,0.067149844,0.030596571161583,1333.03289439483,4166.95161891575,2757.89752647037,1889.92534272285,564.811372934292,0.554739465423527,1.56144055740091,0.614429555655262,0.317089141497344,0.112913557790161,0.00266708809803097,0.00802768799770449,0.960747692,0.849739057,1041.14617188,722.46748884
"520",520,2.41661420786651,19.6283679730147,12.4486745271243,7.23549121837662,1.03110610792664,0.0469309480481362,0.051702125,0.076980184,0.076440958,0.06328446,0.00973666,1333.20535174512,4167.5916,2757.49671591316,1890.17557961719,564.944784415223,0.667170353455896,1.01938219419121,0.580779464024371,0.285738845111278,0.136149227160471,0.00288346631290939,0.0102967139814527,0.716794234,0.84468843,557.37604836,683.36100396
"521",521,2.79879207276674,18.2709892266192,10.5050034297852,6.254943674,1.19729940481284,0.059824593,0.051234351,0.061805946028195,0.061403284,0.063848194,0.021511219,1332.8484038837,4167.3886253813,2758.06623122406,1889.90197354171,565.115382480023,0.641658881617704,1.60537890968377,0.661202096085216,0.269167283812503,0.11711951043864,0.00133034903765366,0.00812422437349586,0.884764662,0.834187396,363.03649248,676.71199764
"522",522,2.58301965370736,19.6445837531045,11.5152565313611,6.98674599972451,0.982021531,0.047701837,0.0517678810867547,0.077450686,0.075426199,0.068698313,0.0101791279133199,1333.50102250279,4167.09411463994,2757.12812257927,1889.86739854414,565.097459260819,0.800054256732043,1.23014152213725,0.581196443335431,0.283493574803223,0.148587934703269,0.000270393404465064,0.00874227752860293,0.853785186,0.860533042,185.31682644,555.27709452
"523",523,2.57641007575878,19.0555296907453,11.3325170030698,6.9049248,1.05953704293406,0.051519795,0.0522710704446442,0.075588927,0.075143984,0.068130372,0.0100686701752874,1332.7643541538,4167.46078669959,2758.02105841561,1890.1008871718,564.596819939367,0.535245110277353,0.933759476713863,0.635849573581288,0.258816988719378,0.119288543692528,0.000536591738597856,0.0114611504011865,0.868043704,0.825197696,85.272496224,1103.45927424
"524",524,2.76130527185408,19.2349711653564,11.4208603275766,6.78389432719163,1.04214823317763,0.047964898,0.051559725,0.075906371,0.076735063,0.0693727,0.0100015497114395,1333.0387147013,4167.2115152114,2758.24192478403,1889.43609753146,565.12805771953,0.751699669158932,1.41941820321014,0.527033801626878,0.261346217207024,0.118051946135003,0.00592147507923812,0.00825061455463878,0.835676114,0.834836124,322.80532716,1098.0102144
"525",525,2.33811345210421,18.7637763127234,13.5941361710298,7.70517653176814,0.964027512145949,0.047249505019811,0.0508252011472177,0.075108004,0.078135316,0.068183922,0.008783161,1332.83685681531,4167.02624962851,2758.41954914628,1890.1110938046,565.199086273536,0.909488740252901,1.36106235359317,0.656606597114342,0.266100539833411,0.121980212161085,0.00482950998439873,0.00835407864761623,0.784055117,0.84586178,327.931395,920.46693444
"526",526,2.52662059321393,19.6388373405874,12.6393569196158,7.25577851191843,1.04880823969765,0.047711288,0.0527739550256032,0.075240442,0.074435216,0.063622793,0.010838934,1332.6350618301,4166.92764199377,2757.95385094269,1889.58024089375,565.017361639449,0.669441942994334,1.10027080018141,0.606611216549179,0.296302397898333,0.126688743470469,0.00291270340714499,0.00811446104750774,0.705026488,0.888669128,96.211878324,408.45828864
"527",527,2.51898832154653,18.134000784339,12.6650539831634,7.07913802636703,1.00674403731885,0.048582698,0.054966103,0.07438065,0.075034171,0.066148014,0.0110768059073202,1333.52621724125,4166.83897023401,2758.3257841243,1888.81737743593,565.015803971676,0.913127396616788,1.37668276084992,0.515063134909815,0.314450705720456,0.166523930124429,0.000140789983840131,0.00765226822633929,0.839437754,0.814403827,509.1911052,776.81662464
"528",528,2.675112183,17.7698381732201,13.6954902954004,6.94016404036006,1.11173188797377,0.050605985,0.054314496,0.066227971,0.072571503,0.064068613,0.0120300988285015,1332.88979153471,4166.73358261411,2758.23154697215,1889.8814012456,564.961468624333,0.58187907144012,1.11462349472071,0.64880804840323,0.276873359539647,0.0910196355200818,0.00221150977189335,0.00529937460857563,0.762085288,0.808510631,1028.40551988,883.24643832
"529",529,1.98831377486437,16.5975530121188,13.5136864086403,8.00317484136609,0.890693822435174,0.042058592,0.057589225,0.088536733,0.086223016,0.062370902,0.008144418,1332.7704652605,4167.28455635058,2757.85872983732,1890.18121004985,565.284154404498,0.735205430199247,0.734019150385559,0.647783318856019,0.322745606925225,0.158015726053553,0.00240665333904541,0.00898385885263813,0.718720096,0.815962275,595.81392756,927.16391136
"530",530,2.69137590714935,18.5052880721781,11.7973049949006,8.01761835931169,1.16288996190579,0.0624695651032222,0.049973484,0.060687553,0.056904202,0.06979201,0.0142252171408959,1332.91381143438,4167.10954526614,2757.79105845363,1889.61129096423,565.061727346747,0.662262000414046,1.61530094297721,0.611589294161389,0.212915845579909,0.119813399675353,0.000218279321637885,0.0117711414617734,0.735731957,0.986388106,64.942794996,154.50375084
"531",531,2.33834684020346,18.1414672045947,11.9201082567799,7.4578563558347,0.966513885265956,0.047734233,0.056603948,0.078203634,0.071772797,0.063057379,0.0119604796226903,1332.88313089644,4167.03748487068,2758.78572146852,1890.21148645019,565.04102608483,0.655744419899748,0.945117289786734,0.60740339149586,0.340671190780949,0.146158922926238,0.0019828344471398,0.00932655953302992,0.816133079,0.841956798,456.21472332,529.2068886
"532",532,2.4754519580806,21.3582036127866,10.7592148888132,6.90024034160452,1.05560683186181,0.0624435985971412,0.0467748082399221,0.064757207,0.0601697553484264,0.069392144,0.017784064,1332.69304174353,4167.10993105136,2758.18342021954,1889.72778535318,565.057106393692,0.645726783385879,1.6447964865144,0.587211261114682,0.264146045092804,0.115330703920052,0.0048015724570994,0.00740024491100284,0.833209605,0.845404537,931.34844768,936.05803584
"533",533,2.36635909636477,18.4047633557849,12.6546668020465,7.60371460601617,0.945220870079794,0.044187208,0.053496871,0.081549671,0.080761334,0.066936887,0.008553872,1332.92073996537,4167.28421699034,2758.30251480379,1889.41217196026,564.990878216886,0.776502417868742,0.996286315706304,0.631040106673614,0.289008192221911,0.114782125392657,0.00113637614239808,0.00633277277048063,0.885517619,0.842152894,23.714472324,1162.8141816
"534",534,3.22275475369724,18.8462981240501,12.0378830053949,5.61726443866842,1.05960639140372,0.0554196616393494,0.050737588,0.0593302603015378,0.073112871,0.077196351,0.0162991557842529,1333.22654580165,4167.04095791391,2758.0215947013,1890.19974583816,564.941923328061,0.604142298258924,1.47823786340416,0.623568601654278,0.217239637499924,0.129700352386472,0.000124157756092725,0.00730031585271218,0.766680236,0.842926017,328.9487148,872.57555028
"535",535,1.79994952456364,20.3505576101773,14.6568872418547,8.61702952745454,0.677819620166942,0.037778944,0.053610051,0.090706458,0.081465042,0.063779875,0.008683692,1333.03921660754,4166.64605286227,2757.56039440973,1889.83208318492,564.924455575594,0.98150634148914,0.780391910515509,0.735163363124615,0.326880508813006,0.14562054807818,0.00738663270173474,0.0220779566002848,0.765231142,0.803206177,1146.92794068,1039.11208212
"536",536,3.25242910735324,14.4056158949748,10.6572130210673,7.15721441321084,1.20694554040216,0.05944152,0.0609235165033746,0.057865268,0.054032472,0.069795466,0.028274431,1332.66846647546,4166.59640632273,2758.70232225034,1890.0853737311,565.078464136693,0.484265895674055,1.38706278738167,0.636778426694196,0.257463594167086,0.110550753783345,0.000730875103442069,0.00741056210817368,0.917413008,0.801108171,273.2183022,650.3548188
"537",537,2.59253576028475,18.6630630988679,10.122106343939,6.78472558514732,1.15496692343745,0.053849102,0.055264311,0.075870051,0.067324072,0.060819868,0.0152182828954862,1332.5251721214,4166.64079060696,2757.4872970453,1890.36869459157,564.93323922139,0.710301114641797,1.31242997347536,0.684147354496061,0.325646783899029,0.103093922992351,0.000682518125075763,0.00750615962487813,0.817170683,0.895963635,444.05317884,296.48966736
"538",538,2.36201735380717,18.4944271038231,12.4267002400476,7.53957283503209,0.931313848,0.04649241,0.0524908081858987,0.078546488,0.077325992,0.068635717,0.009121513,1333.23974656211,4168.17431164661,2757.74593719375,1889.48711319054,564.948871538479,0.951058659574586,1.26766547457799,0.635613932944186,0.286346158219864,0.140715127709649,0.000233886136179114,0.0076030581828856,0.815124224,0.818460385,1020.31307904,878.32067112
"539",539,2.75883775556593,18.7138281633514,10.9907085920046,7.069553667,1.10029494428462,0.050988796,0.053090021,0.074938228,0.071897864,0.067618845,0.0109368341335709,1332.82612173069,4166.295286,2757.96502935782,1889.36859655672,565.0054782961,0.506784277879536,0.999461073451746,0.672498484446006,0.254198477028284,0.120656887779291,0.00286439505614767,0.00917704069406695,0.767796958,0.847122371,451.49711724,462.28968024
"540",540,2.80191435104411,20.175354926255,10.3955239683451,6.60190981538005,1.06393633342257,0.0545189969285159,0.0511749263354605,0.068193069,0.062612604,0.067090287,0.019255367,1332.82007359938,4167.1825536042,2758.11239761771,1890.48694786288,565.295170367898,0.587896484592646,1.39240985111827,0.657490004539521,0.30630603044015,0.115176846849005,0.00596236553321518,0.0105726115707266,0.913706544,0.865782247,1064.67981384,573.90801168
"541",541,2.94709037008692,18.0662046743503,10.733216531042,6.72961034566936,1.12201153491337,0.054568498,0.053735499,0.066207694,0.062985424,0.067229885,0.01775196,1333.30238179957,4167.39009320392,2758.3471231431,1889.74126101872,565.01186219711,0.753385863865246,1.72563062380775,0.513477517399408,0.292744902497244,0.156180129444948,0.00153567848550489,0.00718384037787935,0.966438428,0.87625677,207.68792892,414.5091012
"542",542,2.06772450930523,19.3685243923799,11.7742972785256,7.448060767,0.78866566236226,0.0410970501848547,0.0542755203613514,0.086295372,0.076712452,0.063440709,0.00994065,1333.02408968383,4166.806825,2757.81494663742,1889.87488124082,564.899594861009,1,1.01211155849106,0.558939691555032,0.345653955886411,0.185467800416384,0.00142658734631353,0.00927020776744133,0.911544352,0.804302068,968.11242792,742.4745138
"543",543,2.49593781179231,18.0826553717985,12.1968749167653,8.08129289595626,0.904303755653662,0.039356942,0.0511556883662154,0.083708043,0.084459433,0.071452383,0.006528068,1332.78813372658,4166.14364282188,2757.93453699155,1889.63286094252,564.90163348739,0.607622567195623,0.743429886957696,0.709732549799901,0.240304497287782,0.106058748841556,0.00242501056104577,0.00790322491623648,0.75360244,0.818406452,648.32396448,812.25580848
"544",544,2.28131565699755,19.1010495919234,12.1101397023762,7.3614939069232,1.03482271446291,0.05354112714355,0.055137044,0.073174166,0.067519802,0.0616239153846405,0.0141659591574607,1332.93075198108,4167.116137,2758.72056125018,1890.18991073124,565.0671225,0.724546872742256,1.15351346346236,0.555678130817455,0.355415987834843,0.143932613499473,0.000321585509365427,0.00853290484170689,0.906569325,0.871450939,139.98840312,903.57575388
"545",545,2.74446354110695,18.1449119376467,12.448673431348,6.85515399684269,1.09899689533414,0.045489426,0.055099438,0.072487566,0.072955193,0.060477733,0.0121461664284433,1332.7273197135,4167.01305188985,2757.54800866198,1889.87981007353,564.840448818236,0.753955972495807,1.22544392881784,0.65356054369427,0.309260537674451,0.145578832401097,0.000484566590383016,0.00772569383235981,0.803696646,0.797187458,1178.17950264,673.20644388
"546",546,2.82584466265646,19.9490548875194,9.66977319730804,6.598460765,1.09747284236826,0.05836018,0.0481407489777796,0.064716963,0.057700421,0.068065134,0.0230674342962946,1333.24339801907,4167.33528484765,2757.81972076375,1890.75473395036,564.887100718154,0.592773163741247,1.79479454420082,0.638509757719974,0.271187693639089,0.130723794904293,0.00684093993798826,0.008166630877266,0.750083589,0.828311898,900.86714748,549.35459892
"547",547,2.5215359161929,19.2497749069496,12.7574306093538,7.13700184429393,1.06186059837212,0.049647394,0.0524835808868733,0.073246156,0.074505569,0.064589906,0.0110500052618626,1333.60853615309,4167.08556445633,2758.27126373074,1889.73677187424,564.8238904,0.713147307309187,1.27474410891923,0.663887699564764,0.283209847166915,0.121561692507884,0.00541797055975362,0.00919886560611539,0.725409213,0.812281087,102.463449264,935.38728888
"548",548,2.75457086790838,14.4787035971795,10.125673193251,7.99036973853168,0.974263271128279,0.066492931,0.059360597,0.058418622,0.047865774,0.081308938,0.031142811,1332.38440475401,4166.76539736802,2758.27450823478,1890.129028,564.872094103127,0.514465150680205,1.34431886614525,0.572352361704353,0.292188905830081,0.100045834838941,0.000236772696006863,0.00619070907927746,0.720641608,0.882051678,115.775716896,286.43378148
"549",549,2.51251363374074,19.5558418816525,12.5542913973836,6.79955750226185,1.06207243223803,0.045270141,0.052814995,0.076909179,0.078196513,0.060906256,0.010134751,1333.0241110015,4167.7263923575,2757.96750594523,1890.35765219959,564.98039600923,0.65135913127027,0.950548331088375,0.586924954705402,0.298085165639869,0.110141253103738,1.17613284917738e-05,0.0104034385666255,0.771337527,0.866303581,1087.362552,1089.54049512
"550",550,2.47275241,18.1255740665648,12.5418285915762,6.84286568413426,0.992415080719666,0.047244843,0.0544128207488724,0.075351767,0.077157181,0.065257417,0.0108349524062555,1332.78215227869,4166.52180584328,2757.97058027123,1890.25240472809,565.240836255963,0.634947503736248,1.05281013447539,0.667454868517202,0.293197163004225,0.109728256922626,0.0071397355930813,0.00850153352024994,0.813965239,0.891423544,771.5705574,333.9077772
"551",551,2.41909960599975,18.6966013210741,13.0117882190357,7.70639227118535,0.946959427311435,0.040069147,0.050333055,0.07858167,0.079246788,0.063734722,0.008054643,1333.16895244513,4167.030494,2758.4282452163,1889.8062169948,565.078775453225,0.70807629435461,0.945881453097614,0.670129044612001,0.259476489055199,0.115257296431543,0.00589444895187102,0.00823056793554604,0.750339789,0.819462754,553.74793356,774.97551204
"552",552,2.72503862883417,19.0826012216042,11.2417264930557,7.05935283146752,1.07164572352729,0.0510440959683792,0.052518574,0.074687557,0.073087878,0.069271842,0.0104143354350643,1333.16791448157,4167.87351876781,2757.77741664244,1889.66279284802,565.070432292462,0.474427418665247,0.925007708689142,0.551726228592095,0.255287968038716,0.0937938108367384,0.00329421113033959,0.00815747013182355,0.727504513,0.787852141,1115.98837452,1046.93180208
"553",553,2.43523247702772,18.4636490864988,12.1150099972137,8.39647494330424,1.01442866237626,0.039437717,0.050346972,0.083131609,0.081368121,0.064209392,0.006574669,1332.99453106456,4167.09851351623,2757.35044946085,1890.00407815117,564.972813930809,0.638626382254802,0.771220459996547,0.602954032779558,0.248842971564325,0.0891388098015262,0.000274458302703758,0.00677220313670519,0.814869747,0.836205738,606.24632172,716.702685
"554",554,2.51806627933743,19.1862890771513,13.90297201,8.46834420859198,0.840340135228114,0.03292636,0.045891008,0.078861355,0.085503574,0.070127479,0.005410175,1332.92391542488,4167.68349250661,2758.17866542141,1890.26534313184,564.884443266792,0.695692044784245,0.722082517712641,0.606456152974903,0.217974483667738,0.114076951634295,0.000380074871376138,0.00611263360724159,0.792975542,0.84976191,568.83181452,513.9277848
"555",555,3.24994895625761,14.0836958452048,10.7045687430598,6.86561080535315,1.19432340986568,0.058496357,0.060472368,0.0562706154639268,0.054677452,0.069348111,0.029935068,1332.67607792006,4166.5325,2757.70565729745,1889.88047553311,564.844074260638,0.623467398874957,1.91880561363634,0.553603714256164,0.263937228154344,0.114291554295347,0.00400562481961743,0.00850191537257438,0.838707044,0.825019167,83.753206416,898.2043308
"556",556,2.81884290629789,19.2083516295471,10.778075760806,7.36887330349951,1.1008299136678,0.0505209554736533,0.051988427,0.071323731,0.064252001,0.065073022,0.0131849543553593,1332.7576557641,4167.14222683859,2758.21627995253,1889.7723622519,564.900847423864,0.467195384953717,0.981643805973146,0.60946783910596,0.266940940968438,0.124179404265746,0.00353774616872109,0.0127713432086169,0.785477622,0.843711112,1054.76729868,520.37901816
"557",557,2.63335876798901,18.5450713252838,12.5356429261604,7.65128400960804,0.961372643856222,0.044402794,0.0507430867552686,0.075953764,0.077714889,0.071413374,0.008257131,1333.54875180631,4167.01943039728,2758.59931744864,1890.01921647453,565.018777106449,0.77574380383153,1.20361063122367,0.704314075904053,0.242418241671511,0.106699835735889,0.00486041364792408,0.0101334727970726,0.824152943,0.835830705,668.4847932,810.92442036
"558",558,2.41893297753415,17.6732728789569,10.1426337360018,7.240672721,1.069812947899,0.05119762,0.05484781,0.07785955,0.067640497,0.061724065,0.0126961651450426,1333.52536002827,4167.1068393766,2758.15057677064,1890.2128740198,565.342974570612,0.828739308452163,1.42709522476012,0.647892604958292,0.31270278932533,0.153052156162779,0.00295777202750595,0.00702303881919085,0.716761084,0.884524962,529.3747986,842.08340952
"559",559,2.64874957,16.7115841823411,9.21602342671786,6.81446188431754,1.16102751794051,0.067807552,0.0581530866524048,0.07149221,0.0608977660605658,0.070454225,0.0215013564350131,1332.7023952384,4167.64148040902,2757.85464687193,1889.97044568229,564.740131887408,0.471495407515156,1.14665024193329,0.631530239676913,0.291317875486617,0.100943168715538,2.36598542806531e-05,0.00704539932435975,0.783593889,0.806253774,1052.98222752,952.08130452
"560",560,2.43359427830565,15.9321357678151,9.85547954938098,6.83937418596165,1.3058847057467,0.067200018,0.0603377548140664,0.068392582,0.059900678,0.0585825429951789,0.0246425865684254,1333.356092876,4167.0619548011,2758.32498332445,1889.60553368029,565.3801683,0.605689079971963,1.5473923325825,0.549327506637947,0.378710830943004,0.143719060828544,0.00322396897813103,0.00709948564201015,0.793838528,0.819650187,1065.21604212,481.87242372
"561",561,2.693429512101,20.09135064,11.1291445778447,6.52349370003689,1.14524310524637,0.050888812,0.050846162,0.070897582,0.069303396,0.061017831,0.013599516,1333.40604924214,4166.33459179639,2758.04211784951,1889.57496068288,565.198522830862,0.576356564530043,1.19051990554847,0.536478272805265,0.287248574573289,0.120101406949774,0.00342932443232465,0.00717609658039447,0.78855833,0.822886843,1101.40994388,628.12689504
"562",562,2.74902531085812,19.0753860471436,11.5997339,6.91824956455485,1.0428670942104,0.047962702,0.051837357,0.075636503,0.076610254,0.069339509,0.009643336,1333.13787023864,4166.41109617297,2758.1073961852,1890.06551291259,564.743321003046,0.708331718702244,1.20302110471643,0.607253163423513,0.258022102489072,0.134224961860458,0.00104994083326232,0.00974359864502733,0.957629414,0.891987128,438.01217148,465.80472564
"563",563,2.39054647076597,18.9393241541009,11.8635920544493,7.62412886103816,0.980242634985326,0.047761822,0.049544319,0.077623457,0.07669267,0.06948054,0.008196746,1333.00944158521,4166.67778477089,2758.10258288838,1889.97799691079,564.697757879153,1,1.46868373217629,0.591628531882717,0.253912496245848,0.143929781738519,0.00182416994263933,0.0091132856192108,0.715495111,0.84520861,184.2808884,554.18097984
"564",564,2.72626855547301,15.1813204018899,9.78112728479082,6.17680517126125,1.12821343692483,0.067951369,0.059823734,0.063762525,0.061743918,0.072474192,0.026773547,1332.91255327511,4167.11383589287,2757.79422481784,1890.30673193512,564.757215461476,0.46843388677776,1.23828579919994,0.615269005408787,0.288034858753067,0.127132186139677,0.00102213952652579,0.0065656613452137,0.822896965,0.821692628,518.36117472,374.51855832
"565",565,2.27498451647303,18.1628994865205,13.2657889211135,7.46142378555773,0.941001422491742,0.049443935,0.055391762,0.075329224,0.074566796,0.066362085,0.0110706709233885,1332.71489402174,4166.96206587389,2758.47468429477,1889.80813186623,564.986669,0.609530252391252,0.912643454532072,0.643443257672735,0.315557589467417,0.108148912878344,0.00338548297073892,0.00690068515280447,0.758296485,0.858827192,266.88407772,325.89852276
"566",566,2.34699980247874,18.7295447814196,11.8812000213519,7.421429732,0.779229650608734,0.043075669,0.0568868063259859,0.083270161,0.076059031,0.071060807,0.0106318440625706,1332.61268195062,4166.67851020588,2757.78037784833,1889.81073161472,564.687431674719,0.505999344087087,0.63724371366648,0.67714198588972,0.327742418010429,0.0984537812649773,0.00406108952872579,0.00780070652504796,0.747340641,0.878892737,278.11267308,1195.0905174
"567",567,2.71469514124192,15.1625693754256,10.4858929608181,6.445043619,1.03139002208812,0.068467917,0.058332064,0.058191999855681,0.0575675958542728,0.07823885,0.0308107852954199,1332.88759438771,4166.89150116867,2758.31590128828,1890.32070091691,565.130165362072,0.637181013669111,1.61715009886784,0.634863039207375,0.295172598842323,0.101906087931081,0.000222107811241902,0.00939061593617867,0.795807826,0.943418528,103.771415556,261.779781
"568",568,2.44487215217936,19.3716506244145,12.460327630362,7.59949500590098,1.07068311525901,0.047749306,0.0498418,0.075909146,0.07587267,0.064409083,0.009068099,1333.13671648421,4166.352704,2757.61945029582,1889.37838261803,565.164679662219,0.888301751949455,1.59116072068962,0.638712843995558,0.257912739794986,0.168456911415631,0.00678524657557052,0.00893208854815485,0.755443361,0.809802386,157.61013792,1001.14112208
"569",569,2.4919171617647,18.1130118997268,12.3409068216345,7.42256703369716,0.918456521024345,0.0453673644302615,0.0521292171908589,0.078119673,0.079611458,0.072363665,0.008321126,1332.80906553422,4167.20199857816,2758.72703746602,1889.83096389212,564.749071724381,0.887071984805394,1.23697265821591,0.600313563602566,0.266439790113223,0.142558167207758,0.00166384350423378,0.0101332516366479,0.773686727,0.865323954,510.14096508,593.16127704
"570",570,2.44138086274466,17.6841918474754,11.9373284663292,8.095243585,0.907489571725558,0.047235542,0.056310513,0.07815317,0.070649796,0.069398886,0.0111665745456119,1333.24595578975,4167.2842774507,2757.59319235007,1889.86204928552,564.98240278001,0.848092170444363,1.24843626757345,0.527676272322973,0.327326228957665,0.107505126562784,0.00364085829572316,0.00690778766965374,0.843554267,0.922208108,603.15159132,380.16525348
"571",571,2.66377272694658,19.8929105868522,9.177486065,7.14459686274718,1.02393082919325,0.056251683,0.051793434,0.07330038,0.058480958,0.068321182,0.018980784,1332.66291012111,4166.88863521886,2757.93562442579,1889.81668561268,564.876348398032,0.61041108569542,1.25401868986068,0.657685085338737,0.317831792169825,0.126507871557275,0.000877872141275438,0.0110654714472491,0.741770296,0.860295442,1080.82498836,784.90568832
"572",572,2.60877496304738,19.8140076554341,11.9972161381907,7.06294540200073,1.01732336194544,0.04575525,0.0525459221694184,0.07636633,0.074851842,0.064679856,0.010517616,1332.91020220002,4166.67504263412,2757.83826704946,1889.78952467741,564.66095545221,0.423095111430981,0.779204980710437,0.565781761514491,0.282624385547853,0.127165887425827,0.00596913029845529,0.00663453917000534,0.79663605,0.884122174,460.02208836,374.26301304
"573",573,2.46742414731924,18.760424438419,11.4845280536662,8.144854758,1.10212143351393,0.050860532,0.0523801112093877,0.076631069,0.069186192,0.064009387,0.0102843929392917,1332.81308481611,4167.76929533483,2757.97991892308,1890.34498934349,565.09735501292,0.958861143835444,1.53927237897964,0.617724836970764,0.281723306725718,0.122795815579316,0.000162878277928208,0.00789668684945563,0.792455986,0.932532609,926.95912092,221.62179468
"574",574,2.41075795496329,18.4501875931509,12.3468463376079,7.65725235996254,0.935778514193487,0.039667984,0.050925831,0.082997532,0.083052977,0.065815815,0.00730272,1333.36452382664,4166.55011866865,2758.05485082021,1889.98501581385,565.114134762448,0.815823777336869,0.959749217584764,0.639650974488053,0.263356337058384,0.119244828395768,0.00144325903362819,0.0113799617194767,0.704116096,0.903788052,669.97594152,251.80244772
"575",575,2.51379653958592,17.5874286,12.8364178688493,6.77191634063299,1.08977529743963,0.051631697,0.056639994,0.072369386,0.075979841,0.06393579,0.0118096442711446,1332.97408898365,4167.03080943819,2758.12405787681,1889.79873895321,565.141109356901,0.595252146901643,1.01535186261041,0.609706544854344,0.307472543040788,0.123994347062926,0.00094475608350396,0.00625942616602563,0.750190858,0.888583512,1089.5495172,576.8365188
"576",576,2.722295102,16.0900262568284,10.0657902423658,7.48648927196641,1.06052065655871,0.0601406113488771,0.05628515,0.061220967,0.051279955,0.068611475,0.0317405757583576,1333.00027195862,4167.199077,2758.09878652518,1889.39215135388,564.712130235848,0.630858445795627,2.20213011211648,0.720498453097817,0.360335605878163,0.132014787575121,0.0111480660701009,0.00819158599040014,0.79796618,0.729007958,665.34109704,1181.55542688
"577",577,2.38828523558517,17.332693789723,14.2856508889814,6.736233672,1.51392238345561,0.069360009,0.046682928,0.0400946121932593,0.047594671,0.048034271,0.044480106,1332.80123209,4167.62249376996,2757.76571739822,1890.0473908581,565.100629967738,0.565826367742132,1.82840838425836,0.594186729776348,0.312356684454641,0.0977849362569028,0.00150030223516886,0.0130215215785214,0.722199343,0.882883684,1126.40569356,487.23679956
"578",578,2.81639775122166,20.3526410771378,9.49903564509812,5.90332510303113,0.948280267917533,0.06093661,0.0510538840628253,0.06797336,0.063825276,0.079375359,0.026067954,1333.22600843215,4167.191835,2757.93323740131,1889.69174488771,564.910721007103,0.664299913168763,1.57657792555555,0.567487261313349,0.331457581688376,0.140263152099997,0.0063099565115454,0.0316782342963653,0.864441691,0.788600404,74.334463548,948.5255442
"579",579,2.46228531673051,17.668671307751,11.1955207169344,7.66288326759081,1.1667758464401,0.041533361,0.057453893,0.080838082,0.069870131,0.050812856,0.0120237769351528,1332.77862208415,4166.759909,2757.42029795818,1890.98133639646,565.217770566357,0.676174748716477,0.943723572430254,0.675017490549194,0.348313843220456,0.113687936259403,0.00318501151400536,0.00948881502010017,0.943630015,0.877167327,129.6329232,936.58812672
"580",580,2.63665073684638,18.3582349768433,10.9769507684861,5.8680840632937,1.00856153466701,0.063882771,0.051707719,0.058377972,0.0619046615286844,0.073496863,0.0275075868221329,1333.00535714128,4166.93129247964,2758.23812372006,1889.6375606475,565.051434935842,0.628111804750011,1.50289694036077,0.588550646447719,0.320431147677025,0.112945365753332,0.00122813101987739,0.0151911309599058,0.759966514,0.787821649,991.78364328,861.80821296
"581",581,2.40836462704334,18.1247268190122,13.6158207653808,7.9196040961318,0.94321191,0.039640825,0.0544904166882644,0.079743956,0.077980449,0.061374766,0.008889101,1333.09176946115,4166.12014863138,2758.3189204139,1889.5636444171,565.077962905408,0.622506522278086,0.746868241634343,0.599081967089972,0.30125891497846,0.116010818585792,0.00121594984416543,0.0102311680011385,0.797883241,0.866255086,470.7658866,567.27332748
"582",582,2.708814036,18.13023263,12.4985385770966,8.74287347606604,1.02066482722256,0.035650714,0.045674998,0.075954278,0.077766267,0.065604305,0.005888892,1332.97265649449,4167.58736405989,2757.97298480208,1889.81558404699,564.856940405099,0.984851620331182,1.33521163663187,0.643782250103268,0.207920954230237,0.181554757113574,0.00295534255637488,0.00737809732894552,0.85949322,0.854264048,518.74886868,306.93262248
"583",583,2.5290433208412,18.3195629926256,12.1903105574635,6.9497577209535,0.981043316987916,0.047913457,0.055085511,0.076955062,0.077075695,0.067685315,0.010629557,1333.55625215453,4167.36154023213,2757.67610086695,1889.93753194332,565.160360364314,0.681076142092585,1.04163455465787,0.60981147930653,0.301705561263742,0.118046283488271,0.00179854770500371,0.0103108209630743,0.944836015,0.852525389,541.33844316,532.26492384
"584",584,2.87482617283623,16.4151198938829,12.2507082608015,6.72199264971655,1.31165486799147,0.064688514,0.052775124,0.048420778,0.052116233,0.061095977,0.042001942,1332.81336790446,4167.14950470096,2758.60995047873,1889.0207492921,564.774407519337,0.856433517850496,2.56314972562624,0.618863552548429,0.322272719095868,0.130895900680498,0.00114532204896215,0.0117750723186199,0.955238096,0.808024162,246.77889756,1031.736225
"585",585,3.36235580842784,21.6632600521914,10.8668854943686,6.00022984343292,0.95470609607498,0.050402871,0.044342646,0.059074002,0.062481351121182,0.078857697,0.0195964240682243,1332.498792,4167.05015793673,2758.34769898312,1890.00823747236,565.109890794599,0.51693552679224,1.38736544319014,0.622334117141615,0.215130796087319,0.128020515923399,0.00420909181654663,0.0156563669119259,0.822630001,0.797651681,558.54463428,923.89341504
"586",586,2.2885968111478,20.2915519808218,12.4264904262812,8.02568785200527,0.978278988996123,0.049988734,0.049868244,0.076579215,0.072180607,0.06716965,0.009882799,1333.10617649891,4168.07346161626,2758.02044250624,1890.15949073573,565.165653595653,0.90760601877824,1.53749503562067,0.538973347654267,0.283654388736048,0.147685907505807,0.00575554306296833,0.00695372971428011,0.728425504,0.84275675,712.50457152,594.0111888
"587",587,2.48021562855538,16.3941775439204,12.5234749016333,8.339745114,1.04297234534596,0.031560261,0.0539947296116134,0.088628847,0.086206993,0.055395856,0.006622448,1333.30788093024,4166.70358571319,2758.00526290274,1889.84828744351,565.178522992982,0.773916982315403,0.782854088259812,0.602090259662474,0.268644766250941,0.138508456982777,0.00868095322038791,0.0153145342623808,0.736176514,0.843869769,597.79721112,938.36049684
"588",588,2.78206181318129,19.4667359309868,11.7867045535677,7.57523429788029,1.04006202658836,0.0461852958113512,0.046185356,0.072919083,0.076034606,0.073842964,0.007102011,1332.95068473221,4166.679365,2758.24119321261,1890.40216368546,565.021117463331,0.948554583572582,1.76034929570246,0.642423399673705,0.196211759093834,0.134337167592561,0.00510192348686424,0.00928517574453658,0.735688391,0.861705965,252.53212344,695.80464276
"589",589,2.40315686278043,17.4115588638102,10.6617667145246,7.63337802104845,1.04625774328166,0.050688572,0.0557226765238743,0.076196552,0.066021008,0.0619110943448131,0.0131111866467299,1332.69581770773,4167.69811355701,2758.30267309818,1889.9397302206,565.288333018631,0.687434432070569,1.22632368628986,0.636423806365965,0.317411514188505,0.11597273656897,0.0081517510236515,0.0109973346534872,0.857302846,0.770775628,912.29387568,1166.06130912
"590",590,2.74168741581093,16.8705260373072,10.7599524278385,6.64566974466951,1.1768548407854,0.054978905,0.056334181,0.065744111,0.0621739810316227,0.060607174,0.0193280118174401,1333.16458861647,4167.82052327275,2758.49625786985,1889.58208776173,564.806900333415,0.554181307887946,1.28023950472759,0.625370316143487,0.321013357095022,0.144839867208548,0.00370852503008911,0.0106445185782367,0.88088597,0.923259135,168.31621752,250.9049982
"591",591,2.45798653526543,19.8304327404557,10.3405208536856,7.15430980448102,1.08629779759975,0.051298197,0.0534054941667788,0.076492973,0.065748972,0.059904401,0.0145009860224835,1333.49317231335,4167.1881946681,2758.1516462803,1889.37172666729,564.960431826332,0.607232499857883,1.11307607893507,0.595805911088286,0.332249195590222,0.112295011596391,0.00442042189433874,0.00813272925016893,0.846927758,0.795763526,1093.60787232,985.21370544
"592",592,2.87888255370905,17.6351465951181,11.8763376064989,7.77121321904937,1.17131770161624,0.0530717472062523,0.05097868,0.063131044,0.061240496,0.065986129,0.0121426095576406,1333.21243066974,4167.55883383139,2758.27602544375,1889.94735815886,565.141520391662,0.921722065360764,1.98956191601672,0.605912837638961,0.225557424719949,0.14667142076494,0.000691568286532132,0.00965083540639454,0.80604947,0.888521722,46.95973572,540.23341824
"593",593,2.33175399200558,20.1489749594775,13.3912321469744,8.61775790601518,0.810983274602989,0.034397608,0.0505739021860652,0.086402768,0.081196079,0.064230384,0.00741647,1333.23392135981,4167.61797038868,2757.73387253765,1890.3749776564,565.007711782708,0.761319657817423,0.760579838833038,0.656741820941233,0.27522322893154,0.132852386747276,0.00452836052058306,0.0117354753436772,0.759103614,0.816724648,957.13141728,882.38766768
"594",594,2.33946112791834,17.0990572009346,11.4879586156201,8.74811295147652,0.945808737687009,0.0414863330436253,0.0585629661556077,0.083523376,0.069751374,0.059168253,0.011034365484428,1332.6776398102,4165.83646389203,2758.23705877163,1889.56472449595,565.180211301177,0.787067524958118,0.935153280834047,0.636371360398296,0.354575618284933,0.122389537493646,0.00100937080554217,0.00818150814375146,0.774982282,0.895011191,441.53013924,420.98813016
"595",595,2.37910809368147,18.40296959651,11.5305153930629,8.39557770059298,0.971126663900428,0.040313548,0.057147161,0.082542716,0.068734692,0.056202605,0.0116612736385508,1332.47389159309,4167.3204322964,2757.46993600193,1889.78777188588,565.054323205511,0.759884054660033,0.916683588136324,0.666710714002562,0.357961608254959,0.141687566553735,0.00117368186439024,0.0111004994474331,0.821802652,0.876989701,981.29022468,473.06978196
"596",596,2.71287360186783,18.348283275607,12.2263595932417,8.85626942515323,1.04354293416149,0.03708019,0.045298034,0.075294281,0.076307989,0.066975048,0.005670119,1332.77238621105,4166.82136242284,2757.50472121472,1889.8784068883,565.369206017052,0.989977381401064,1.33873342547429,0.545713796534953,0.206786195548201,0.137621245436023,0.00140869891783744,0.00702151415160292,0.878763127,0.806760608,307.69251036,737.04322512
"597",597,2.41063631970204,19.5919814473961,12.8297749975841,7.39469350256802,1.05105539155861,0.047025254,0.05053075,0.075013015,0.076330321,0.063294687,0.009041695,1332.78553446797,4167.12729995173,2758.06174062945,1890.28022718886,565.377307049905,0.620610445513865,0.937930351886546,0.576864893821436,0.269035472784473,0.114683481383671,0.000732675663324454,0.00637448239164424,0.733081834,0.824247933,473.84854596,820.59834336
"598",598,2.6130757260405,19.7573293588637,11.4058661260801,7.50871229515099,1.14331796029605,0.049990622,0.051284153,0.07282959,0.066743833,0.0607113805022092,0.01254786,1333.195948,4167.24976818941,2757.65726382367,1890.3963670153,565.12999622546,0.674049949861997,1.32123048187083,0.628239589521039,0.282767504483992,0.0784290058247246,0.00658504052753421,0.00766506919249321,0.714359191,0.96015965,972.980571,323.2489638
"599",599,2.84216495244853,18.8491299278396,12.4753476143683,6.95616506511442,0.90651482215316,0.0614954574146926,0.047973088,0.049669871,0.0519318011960592,0.083060983,0.032252578,1333.12462358284,4166.86972091204,2757.21395039821,1889.93528430828,564.7983069,0.744915348507887,2.07683115128021,0.579247417949318,0.289266137294598,0.0964971754372316,0.00316774442970603,0.00902999581079065,0.877998822,0.824817921,601.5924078,1061.99770632
"600",600,2.41923875494473,17.8831123011876,13.4136053965724,7.740337353,0.85396045848245,0.038205204,0.0544550310338548,0.082477127,0.081499992,0.066117897,0.008433538,1333.17727895237,4167.98000134085,2757.58882135216,1889.94396347322,565.291775330809,0.779276745285467,0.896168253837211,0.595080994815388,0.300409858405398,0.141377719941179,0.00268381310998333,0.00551974779820265,0.767319565,0.861037857,1108.00645536,886.184439
"601",601,2.69924966938426,16.6194269880507,12.0328118784984,7.32993190385533,1.22429235660045,0.067139011,0.0523485278005982,0.0506294279108477,0.050309358,0.064985918,0.033209965,1333.17777081433,4166.4493813217,2758.30880351996,1889.60080416246,564.926475135825,0.639013096633121,2.05171697047964,0.631466418680392,0.27753926946794,0.115836094690477,0.00440681885034104,0.0102631951466894,0.726752485,0.875253077,1066.79984124,441.89490864
"602",602,2.36695133009003,19.0515229979746,13.8741096621065,7.37002734403613,0.846389883,0.0369040275713573,0.053760902,0.083546225,0.082854323,0.063201219,0.008595252,1332.97878350599,4166.97642526689,2757.67351193413,1889.9177184431,564.84457632357,0.848821453717344,0.89871425044873,0.551044426553585,0.312301781632061,0.148966313756106,0.00252237706567476,0.0101583819749534,0.741981251,0.849213718,1132.12644312,833.96257344
"603",603,2.43152253882542,19.416010057998,10.9781319053244,7.27290787664036,0.846587742436804,0.045209384,0.056136294,0.086142171,0.076532855,0.071090259,0.0108281607169961,1333.05359814444,4167.29666487307,2759.487629,1889.83517724856,565.160451338494,0.752466255182268,0.992380006241624,0.645913287912218,0.33496595389029,0.135329090540906,0.00224804847248765,0.00751017950133598,0.797531745,0.81087229,159.16523124,724.13073492
"604",604,2.32791167891757,18.8430478132153,12.3582455470389,7.85077777270386,1.0693535849259,0.046103879,0.0478050254653375,0.078469664,0.082730492,0.067222863,0.006441812,1332.91536369281,4167.69405735034,2757.896761,1890.67909630038,565.022181485146,0.757440751335396,1.07402538780034,0.687607574175116,0.221592884489648,0.121731635938976,0.00206174401824879,0.00904291135128513,0.758096468,0.840521425,1117.8826338,587.65637244
"605",605,2.39156725760748,18.1745561682316,9.78722888500505,7.04766146329558,1.05539068041719,0.050605172,0.0548865254035012,0.080889339,0.069270016,0.061587133,0.0126935820527067,1332.87159047107,4167.77507586483,2757.69686369205,1889.996978,565.3567085,0.849326245440923,1.4458794054326,0.598015577420373,0.324540274827301,0.140859342000826,0.00492286355108657,0.00824667613265918,0.700407865,0.838596072,1170.60829476,1044.397173
"606",606,2.87515693537995,21.3856129021991,11.6620591044226,6.49572278369981,1.11466055898831,0.050970004,0.047459163,0.066490227,0.068531778,0.065207032,0.0133445601417114,1333.24830465038,4166.54440381143,2757.57860299214,1889.90340194377,564.677828234847,0.587419721047143,1.29505637225232,0.588722757996264,0.247405622980549,0.121459620861617,0.0036463277290703,0.0127427356724012,0.888423105,0.946680698,896.96242092,240.48178512
"607",607,3.08420442034731,20.9657349163296,12.0675423843255,6.14869315970621,1.06294323177158,0.052689889,0.047118874,0.060535746,0.06755237,0.071546441,0.0156517215241075,1333.207403,4167.3892470491,2757.87319396769,1889.82054637591,565.149320887949,0.598273139780816,1.41511096280895,0.600143264012743,0.233240964184183,0.132253951128203,0.00109147713659091,0.0119072002785508,0.900839526,0.843050413,898.029588,720.31089924
"608",608,2.29247696859484,17.8126054364066,14.196425692732,9.31302369343243,0.769354710026149,0.0243556604816751,0.046079114,0.085794491,0.090772534,0.0610278247537486,0.004532008,1332.88398248878,4166.48921441638,2758.73322539205,1889.72124821333,565.075768130564,0.833312779256819,0.558081909190853,0.534587124998493,0.218529598648671,0.189170002622409,0.000792079234549756,0.0104854625013841,0.898128006,0.805424021,522.6760386,1107.32137404
"609",609,2.50459296927288,18.7851750333111,11.4232087193763,7.12706670263392,1.05416791957372,0.049859794,0.051087812,0.077242701,0.077193361,0.068173816,0.008855689,1332.75037070167,4167.41165843345,2758.11292415707,1890.01361813776,565.247108987599,0.755543326828269,1.24180457900533,0.617653120844098,0.252517620158868,0.136326409619399,0.00157841091729058,0.00685020646628104,0.761190728,0.888901991,1013.10772056,255.71877648
"610",610,2.77728937279127,18.1632838710937,11.3908185988341,6.985948263,1.09436158474663,0.051244329,0.0524137330644215,0.07358504,0.074796963,0.070410529,0.009823864,1332.768345291,4166.62161152958,2758.19282622626,1889.82612613261,565.129190966782,0.950000364152008,1.77469083089749,0.592194795871801,0.245080817012545,0.161467000244701,0.00222483317454716,0.0121305295529603,0.85157449,0.825495083,206.71168632,701.65287132
"611",611,2.78815975225311,17.4869879015299,10.5081873229227,6.58303095530872,1.15925405744521,0.053085881,0.055535941,0.07197012,0.068484293,0.063478892,0.0148250168233012,1332.79571292575,4166.32442713267,2758.58371874478,1890.28428593778,564.936779959185,0.754227272646179,1.60009054224969,0.722768389087336,0.290053479300519,0.147984614901374,0.00248134068063984,0.00603539691247036,0.838868587,0.835705091,502.5938046,750.47560896
"612",612,1.95308129012363,18.6680176004046,12.5872180595917,8.03840907565095,0.789506678897195,0.0380269345397051,0.053966854,0.085736062,0.075728984,0.058371759,0.010136686,1333.33121814947,4167.29602487448,2758.05194369834,1890.24599256491,564.889244628576,0.67240745879214,0.827282022036113,0.702394392328669,0.32005607125143,0.133107206073548,0.0193364939358148,0.00707139989097941,0.741806822,0.758013399,721.52155356,1037.65800828
"613",613,2.50145599983257,19.146599434239,12.6045350733817,7.40421485895453,0.962365293504601,0.045274473,0.050053108,0.075525027,0.077749998,0.069190885,0.008315628,1333.03162335644,4167.15274932195,2758.38667699887,1889.72063921652,565.123960610106,0.706372968520037,1.04424220571613,0.552013504760113,0.256510792313855,0.127607173658444,0.00170260206594802,0.00862649163833596,0.813057459,0.780237412,894.32329632,822.970836
"614",614,2.43672662875946,18.9199620493692,13.1098540065401,9.13998187,0.905976138075466,0.0404908478729866,0.053165753,0.080572937,0.072875597,0.065081579,0.00897957,1333.00509405098,4165.83110792005,2757.70281495178,1889.59772724811,565.089858309073,0.818784144827491,0.993205567561425,0.579616869225426,0.302605283995413,0.116488381975719,0.000717962306318495,0.00777652744118922,0.73829791,0.858414314,518.72701392,678.9694068
"615",615,2.47507775086433,17.9783100475755,12.6280978918734,6.81988770915595,1.06693811519946,0.049638888,0.0541982092623521,0.071498936,0.07326133,0.0619678909594746,0.0120272964227465,1333.29247790417,4166.99885506627,2757.929669,1889.81812729373,565.013744897901,0.90292556466975,1.4616252114346,0.617121741625807,0.307670533055643,0.108424132600272,0.00196800204569262,0.0096163500656842,0.81753604,0.845422673,385.63629612,668.6286252
"616",616,2.35711450694145,19.171553793623,13.1955732536444,8.29167489121496,0.872666533462138,0.038568645,0.046303427,0.081974299,0.088117775,0.074111314,0.005540135,1333.23796016952,4166.91434326014,2758.42244273707,1890.1649971169,565.256747227483,1,1.11697546254018,0.583534817522614,0.227386362028377,0.142756799311479,0.00203879588721943,0.0118071205459514,0.83078842,0.928131883,258.60330948,245.90364204
"617",617,2.58206809581223,18.8523119887003,11.9614430545358,6.01316098601492,0.972217108834491,0.058739214,0.0541728138059518,0.06520417,0.06989948,0.073131198,0.0183972353553809,1332.69278456932,4167.75496747641,2757.87512470707,1890.02036849943,564.911903835475,0.915878410048237,1.80027161930123,0.570554923930239,0.335989036090626,0.13689522553966,0.000803300844998439,0.00655535077784782,0.816437371,0.750967323,873.18883488,657.89038452
"618",618,2.75343903,18.6957244117189,11.5537444945191,7.20206848994202,1.016728377686,0.048044509,0.049859043,0.073968,0.07573856,0.073301037,0.008383688,1333.21920664112,4167.16143097272,2758.23156102201,1889.73894010649,565.057225534762,0.832629233903445,1.39075031678982,0.654002460313788,0.226238986907539,0.143642732942758,7.68312049611327e-05,0.00936783625277268,0.742677074,0.800589949,1060.00320144,642.9883086
"619",619,2.37684257253644,19.35798187683,10.8048829203634,7.03645320895619,1.01862133729477,0.053696071,0.054547985,0.075548366,0.067625521,0.064079857,0.0141547843042683,1332.52029400782,4166.18379654426,2757.30763237338,1890.36122609587,564.943549515836,0.562702673871089,0.947453343367148,0.603219011559925,0.334434715444211,0.106383145136317,0.000503202519218855,0.00763833272331089,0.822485428,0.877436346,618.6691434,544.47080496
"620",620,2.15171373991204,18.2724069034162,12.5028535391505,7.67126378240035,0.748014415209368,0.0427438663451702,0.055300897,0.078667877,0.070615863,0.066944828,0.0120800041581003,1333.04844409247,4167.372689,2757.35101038913,1889.92865707369,564.767897848195,0.830017300492578,1.08097563871701,0.651510992563616,0.350269615583678,0.142413209862476,0.00946783367709011,0.00756977795591934,0.745988844,0.821766804,634.23330036,1024.32599772
"621",621,2.51067325292516,18.4937250141846,12.334631272841,8.4358511094476,0.946312701952588,0.040200514,0.049202963,0.079246099,0.077831397,0.068501817,0.006919268,1332.48936570323,4167.24309519608,2757.76430375641,1889.63460499533,565.078034544391,0.817358418926612,1.03968150311001,0.574741783042744,0.244488941150784,0.123172776858503,0.00158546973305698,0.0173073650949039,0.852780306,0.77366957,829.86583176,1038.78464928
"622",622,2.61516218141429,19.578787817084,11.9186086923992,7.03099054222799,1.0096101570185,0.046159528,0.050997268,0.07695581,0.07734039,0.06747567,0.009342561,1333.1554438953,4168.04084780846,2758.12452202598,1890.11714820343,564.9425748,0.772242008416322,1.17638098563357,0.62570561483686,0.26750652174827,0.113620604490067,0.000324950670583794,0.0089910132682939,0.803199893,0.813172464,885.17382564,1002.2721144
"623",623,1.94442080399668,17.8323230722256,12.755859278447,8.2635278469824,0.788961593494948,0.0449496787108048,0.0600545027378595,0.085368465,0.073735826,0.063257283,0.0117841009528482,1332.78429526227,4167.02863357085,2758.34542685876,1890.57064105127,565.375208640718,0.861393053581775,0.897418556607449,0.560330503174281,0.404706497898002,0.152051439438054,0.00277839500034852,0.00789301404633343,0.746158987,0.794267502,1064.56381008,1023.02755008
"624",624,2.94303408843477,25.1536957996817,16.7753929929098,8.54427039186499,1.24231476671723,0.0378602590630411,0.0154914345715905,0.0497906053824648,0.040757422,0.069374153,-0.016339141,6.93954757373406e-11,2.48787724803932e-10,3.40941580999408e-10,-4.41e-08,-0.000132246,0.424970785423618,2.27809165120333,0.552237609128888,0.26321853372825,0.0902113805557623,9.55719161311452e-05,0.00589017247038631,0.877150878,0.8090883,311.7327486,628.938204
"625",625,2.86589694665508,20.2290659130618,13.7355041659467,7.09955293510365,1.20365571824028,0.066439682,0.044022189,0.042469051,0.0483221292317662,0.06738615,0.0524634934032597,1333.23404987542,4167.17970740891,2758.19949596213,1890.02348697859,564.899530827336,0.496746141533442,1.95927803555468,0.632748554536271,0.295516300871692,0.133105172247728,0.0035421913887501,0.0081791474726268,0.872134317,0.883306069,595.80227208,439.94179416
"626",626,2.531116646,19.804009392879,12.48121456,7.88156000902285,1.01435125509254,0.045882964,0.047979578439776,0.075698284,0.077166509,0.069764228,0.007427954,1333.40043987356,4166.58177576206,2758.11358159409,1890.56470998349,564.909203141783,0.754594501389269,1.1310446339766,0.586581686395478,0.234498231361548,0.122941571032753,0.000289026301265003,0.00715369044659421,0.937977859,0.863913492,114.487725744,567.96498504
"627",627,2.46134678423397,18.9501153688292,10.7215611222983,8.68225673192566,0.897649871498094,0.0403193541660266,0.055353744,0.083307546,0.067190014,0.061737986,0.0113200561398569,1333.13690567469,4166.37710783066,2757.66111760847,1890.41099289279,565.087249306426,0.522241994371333,0.795709249051057,0.575156802468875,0.32827215633027,0.138433558756148,0.0111786514798443,0.00880886307779668,0.75456816,0.864047977,932.39059404,311.65412928
"628",628,2.17199894986197,17.7453125911037,13.1191521206149,9.03061589085491,0.910187428783916,0.0359363950687199,0.051101385,0.088358823,0.08909379,0.064886491,0.005765254,1333.1062712002,4167.37782706919,2757.13528121308,1889.86001506648,564.791867116479,0.603480480355119,0.601522354624247,0.609102790545247,0.249591470988229,0.110460064633116,0.00550439243671245,0.0073293135509224,0.714618548,0.819344668,851.9324682,1019.10488796
"629",629,2.36264777990144,17.3635977753795,13.4936135282107,7.31207065180996,1.02148129946073,0.0448785122139636,0.0563959843614706,0.077394721,0.078123591,0.0605893276211079,0.0103819156547692,1332.70870261373,4166.45404826262,2757.43015361111,1890.10801281165,564.385189811185,0.722557807539412,1.05479033476687,0.632010167452363,0.319364758985223,0.138313868936639,0.00452331340628551,0.00651141839677578,0.871764184,0.895836564,607.39963368,394.67549076
"630",630,2.64782888991921,17.9512981781362,11.7153483713533,7.30668375693278,1.31175335419597,0.050546311,0.0521060701935985,0.065607517,0.0622147036674181,0.052878859,0.0143329902924265,1333.16511227813,4166.648029,2758.19092559924,1890.03184941114,565.087829361749,0.626697968544946,1.31460624285886,0.668807041350829,0.28202878635378,0.117846719838099,0.00208195058631004,0.00591921808418984,0.736574805,0.932355956,996.62023944,287.11564452
"631",631,2.59935752065506,18.618066161253,10.5421989125029,6.574740985,1.14577407349002,0.054482816,0.054829358,0.072973267,0.068129697,0.061600717,0.0152755312840517,1333.15922837505,4166.85130679437,2758.07759938608,1890.13821263205,565.207462855157,0.501278966549627,0.991241708943708,0.725318095777181,0.305947572556825,0.0839858433212645,0.00231413371754288,0.0111703189195231,0.871932852,0.865341498,204.07069572,643.53775464
"632",632,2.57902048617215,18.9065853746256,12.0576004393128,7.31664585893891,0.927538979737781,0.045885878,0.0501037271012106,0.076939414,0.078860075,0.074356266,0.008130734,1332.65821169331,4167.60352129433,2757.77071250543,1890.12687642261,565.227789368382,0.96892384438575,1.45403892508105,0.55469041128904,0.252364337491882,0.170594603012877,0.00161343355145961,0.00751937892814196,0.773616052,0.89179271,1133.16291588,278.929437
"633",633,2.58161587626752,18.9402799114591,10.3771571815596,7.09795748723605,1.20444369083159,0.0522392524659093,0.053933112,0.0739944,0.064794444,0.057416551,0.0161635908571088,1333.13906767603,4166.88446775372,2756.83388512321,1890.19870770785,565.004225,0.621147898526855,1.63183971806081,0.611481756303757,0.324779395539038,0.117202728895988,0.0130766660408572,0.00760173576027019,0.826215152,0.757396259,433.84354884,682.55250396
"634",634,2.84338720178751,24.2844965697154,19.2884284682808,9.119254924,1.42199614577908,0.068332288,0.037082396,0.031545245,0.0382038970955436,0.0581691635379739,0.064274962,1333.05313654213,4167.35397043874,2757.92225513334,1889.4372044765,564.948047237428,0.667768923892103,2.94809009343681,0.60994483728575,0.293609949965077,0.156177484003862,0.00124719447418156,0.00958709548229904,0.877255995,0.821430366,58.369051188,1169.04520212
"635",635,2.52484387821727,15.6732310329889,11.634739646377,8.44074915097685,1.43388984577547,0.069006113,0.052297639,0.048158784,0.041808279,0.053360315,0.044544956,1333.19817136591,4166.63592259728,2757.61270203756,1890.5926831104,564.949697,0.613006604196624,2.17089724212842,0.711702820902784,0.323779433095642,0.110599274710217,0.00428168981484061,0.00775338566467705,0.833946253,0.875976164,314.95963656,302.6441328
"636",636,2.37489498977409,18.7375094241879,13.2179716862835,8.08123751575437,0.820856899,0.038058303,0.055921701,0.08389616,0.077172637,0.064430485,0.009531119,1332.59405856458,4166.347467,2757.64236180175,1889.60577615019,564.9699322,0.74680452431328,0.796790320843436,0.630213584486594,0.329708766338772,0.159984945815627,0.000776508021695315,0.00955694708629878,0.88539291,0.823179594,1009.3969914,1029.51213072
"637",637,3.02034965468172,17.7079899112539,9.331468768,6.81762851265377,1.079059689993,0.056037398,0.054583448,0.068079076,0.057679753,0.07002063,0.0228747563640126,1332.897463,4166.41879065466,2758.13458141073,1889.640353947,565.14517154028,0.487290822716501,1.14788702784718,0.571203035999614,0.305684376690561,0.135108567569936,0.000133124374676609,0.0075964864437866,0.817711932,0.834722008,49.545685272,361.67995572
"638",638,2.31543700436958,17.8334965186445,13.1395182464716,7.3671340701987,0.787303445289632,0.041483764,0.055451061,0.083553843,0.082783582,0.071627156,0.008967033,1332.88327615859,4167.0978084237,2757.52714028842,1889.73052338459,564.945595539451,1,1.08502350679885,0.662845045104387,0.315228908189263,0.154173744434641,0.000687673693178179,0.0116997866099182,0.792609749,0.855953129,880.44355536,695.94581316
"639",639,2.51975447439145,20.0067378629602,12.5780422270337,7.46859683603272,1.02449812940198,0.046238682,0.0522316230910703,0.077810253,0.076011321,0.064770619,0.009820737,1333.2455578973,4167.3941460157,2757.80334728354,1890.23380418466,565.035513599168,0.779106970936411,1.14601009128976,0.523342471826358,0.297640545976674,0.129535324570063,0.000550643949759561,0.00990801178616139,0.894493942,0.881384952,30.254693904,255.89186388
"640",640,2.65464674982516,19.0550331543465,10.0563076501558,6.587463373155,1.12125301882921,0.053306154,0.053519123,0.074818949,0.067864993,0.06298259,0.0148503760440459,1333.32882637995,4167.21928351896,2758.35253824863,1890.50331173848,564.860387,0.688113515453545,1.37422247947291,0.573354562781505,0.309572281858857,0.140281352148977,0.00278392103505866,0.00865911271884253,0.890925724,0.851486539,1107.0078012,1040.02799988
"641",641,2.46977438153174,18.0505801993875,12.6392594109856,7.86947857918531,0.943091045372518,0.0429064773991598,0.0549050763658251,0.079734817,0.075430986,0.064871759,0.00989553,1333.25763,4166.14010680308,2758.30097,1889.86377630524,565.106354205377,0.905111836696213,1.20734812186642,0.652464326849423,0.309848011146247,0.138651810486465,0.0024543463199707,0.0079414531220463,0.773628454,0.841194006,306.42066948,1016.72034372
"642",642,2.73273164305251,17.7159154208733,9.7953017851619,7.24722148177338,1.02014584545784,0.050317041,0.056010438,0.076432626,0.064757624,0.067198244,0.014245621,1332.97468353946,4166.38473811629,2757.95911161432,1889.86320596885,565.131742350194,0.447343235987411,0.888052809400852,0.703703218476048,0.296101830563253,0.0883882594597482,0.00560202176460099,0.00866789760677644,0.728546572,0.84719994,714.03505332,441.53986224
"643",643,2.50440602327496,18.1341115849617,10.4296270441668,7.85738169236617,0.987781781810426,0.046468513,0.0563148390412408,0.079263137,0.065535069,0.06211509,0.013185422684458,1333.03645286757,4166.77033070602,2758.13162647851,1890.33128382018,564.938443621099,0.720759934251371,1.10556616833715,0.660515668028228,0.342011738821522,0.129580851649425,0.00227444054018894,0.00747198560666471,0.97450003,0.847957371,75.586651944,819.05339976
"644",644,2.65068971793601,18.2342593268399,10.9090958115071,7.92279698376941,1.13052647810481,0.051021067,0.053273174,0.072200383,0.062827011,0.062076268,0.0128998529267753,1332.87589923469,4166.933079,2758.59105832725,1889.59366742914,564.602054253485,0.700038623331941,1.31322483301362,0.615091031093568,0.286882594790902,0.0992919753943743,0.00166252678441742,0.00820287354553513,0.787449815,0.841905564,75.875320452,477.50195724
"645",645,2.53796933605066,19.0642036197235,11.9480782416663,8.16991736508248,0.89960044003239,0.039758549,0.049139931,0.08159621,0.079366307,0.071023254,0.006970138,1333.0730068089,4166.827654,2757.857872,1890.15831434088,565.050952994565,0.765379869174114,0.967580164269787,0.626471838847596,0.244356935612353,0.126944230671777,0.00137281782248327,0.00742641597972398,0.845259174,0.846644278,464.786052,1120.9424412
"646",646,2.43503509781148,18.8902068838836,12.6261169850945,7.43472347532167,0.930575804968268,0.0443165260583367,0.0491157519851004,0.076020079,0.079593022,0.070476872,0.007593128,1332.79395870086,4167.53099373121,2758.47577863681,1890.06343852925,565.330262287866,0.7142696497164,0.993990338459606,0.618959855252097,0.24288717393798,0.153603012958485,0.00142354511068419,0.0116679297494835,0.762730116,0.834144969,967.54827084,1184.58119496
"647",647,2.41220007566075,19.7004824431627,12.5610527123054,7.01492173367034,1.05996074300284,0.047229311,0.052105021,0.075985718,0.075831801,0.060923208,0.010571537,1333.01101110279,4167.00353332188,2757.31804273029,1890.22034129851,565.107871185189,0.721326500360225,1.12630963562001,0.581149923409266,0.299739410032438,0.137718592437052,0.00282789676922577,0.00810266739605813,0.863228653,0.806263664,466.22502672,1054.56725832
"648",648,2.46920202106411,17.8999371584023,12.8152740395155,8.64893395076298,0.970993531248868,0.041480779,0.055711316,0.080116158,0.072980483,0.061991265,0.009661229,1333.11335234946,4166.24498430487,2757.26755420504,1890.00179078027,564.537296539903,0.715530332440575,0.905346889839276,0.601896667497248,0.315456998466722,0.14542886545165,0.000399265729369507,0.0122426229899792,0.781118581,0.827152001,798.01123896,694.71849408
"649",649,2.48333267719002,17.84479984759,12.77975801,6.64342875784977,0.966946660125574,0.059403314,0.056632928,0.063913524,0.066308441,0.072188257,0.0189531399522073,1333.22359571144,4166.92579831614,2758.73729907679,1889.60466138667,565.243154474484,0.57913539423451,1.24650530761442,0.615818407169103,0.34761046628729,0.100830404665765,0.00475152370989008,0.00716554966577446,0.831373847,0.809299496,956.4202752,639.8571162
"650",650,2.44565024023817,18.8158384548462,12.7520789174941,7.40974581156197,0.932278161841938,0.046402268,0.0515465811638121,0.076146443,0.077683385,0.070203372,0.009098844,1333.30791070784,4166.86383924793,2758.01086089289,1890.04661016043,564.779406280157,0.698566470983559,1.1215354090237,0.586139260999974,0.267271007487208,0.114650132023424,0.00813925759048649,0.00930832853131698,0.878208471,0.794200227,458.1430656,1099.4824164
"651",651,2.55382966842663,18.8756439511225,11.502905103195,7.12703575806775,1.0924511794912,0.049664343,0.0496687026683813,0.075765046,0.077107747,0.067524887,0.008478594,1332.6112872006,4166.7905964057,2758.13954386176,1889.44461830863,565.097596117474,1,1.67169719846058,0.588111627161242,0.240991967153793,0.139459444911651,0.00168043134023503,0.00820094781116693,0.867951579,0.851989343,51.809446344,964.10330328
"652",652,2.56047785080935,18.5125240333589,12.7129387302382,7.71309694244195,0.883061665,0.041181604,0.051999867,0.07953833,0.079347038,0.07092251,0.008246907,1333.19153778406,4167.10916786733,2757.8908651776,1890.1270414973,564.9704748,0.889147668108432,1.14331965808881,0.614695450606776,0.274387861775424,0.157540878612113,0.000999416237768312,0.00680365068126811,0.737294529,0.938391176,743.55020724,314.76483588
"653",653,2.50700427289302,19.7655729171215,11.8572076493918,7.063167119,1.01818214129345,0.0481656698570106,0.0525831257014652,0.076592551,0.074225926,0.064910707,0.0107020439653013,1333.38555100707,4167.31839740633,2758.51410829913,1889.83023986868,564.711254713269,0.615116857200389,0.961227806703679,0.537438945234043,0.297109722206867,0.111142329642854,0.000919817827789569,0.0157351043994496,0.787226076,0.755369906,590.34542904,675.54412308
"654",654,2.60524543479722,14.920633055941,10.9187052747294,5.93632938880379,1.20940681341195,0.071394394,0.064077431,0.063973938,0.06846824,0.069303301,0.025206185,1333.32231975414,4167.69724897307,2758.62033174752,1889.34311598427,564.853359103979,0.532288913039389,1.34153256905054,0.596900237292216,0.333643495806612,0.0991408578532435,0.00132741600230504,0.00913859750288984,0.900834469,0.853973991,89.109609708,1199.697444
"655",655,2.68915699002013,19.9904599499894,11.9981485673314,6.34613322637526,1.10389151700206,0.0583226547625408,0.0507654127593001,0.064932802,0.069424962,0.068543462,0.015530417,1333.2670862991,4167.59189279562,2758.335251,1890.57064338688,564.5742675,0.608096093181369,1.40229590434301,0.637521144573746,0.267788903666546,0.133996768647545,0.0030292199876955,0.0107135192043377,0.856317224,0.823972204,123.2893932,633.81911304
"656",656,2.67034933942797,18.5097950124449,11.4299908951679,6.797057907,1.18192467644593,0.0499746724038586,0.052698734734522,0.071132248,0.069972813,0.0594526,0.0123549392122862,1333.16991974826,4166.61577582608,2757.80913366742,1889.21198822342,564.9115836,0.599115841514619,1.1503732892029,0.648599439443351,0.277373207142442,0.128550221495494,0.00199493735400656,0.00749003430888673,0.733909775,0.900201016,884.32599924,270.50879076
"657",657,2.53506231779512,18.0531613861512,10.5850629541742,6.46262470290021,1.25823485637659,0.054700153,0.055985554,0.071922275,0.067542701,0.055460064,0.0159574134358186,1332.45813817988,4167.60038651985,2758.11616444926,1889.71628488698,564.707059436206,0.438650942564036,0.864987232757743,0.670701491235427,0.323726815402469,0.092494113532958,0.000130732833608252,0.00722967441314657,0.838020184,0.863714279,665.99275836,768.56297904
"658",658,2.66097169356264,20.68286765,12.375817566885,6.50796285242674,1.01953750401351,0.052779725,0.050027439,0.0669708,0.070209727,0.068472824,0.0138028857842501,1333.29036392604,4166.16303112731,2757.64831303558,1890.275774852,564.937810183099,0.619912997653812,1.23079032913527,0.57826296726159,0.28173462685314,0.112434140053296,0.00267591777018509,0.0101454928746902,0.873341509,0.815579605,199.1947446,661.33139124
"659",659,2.52475011581381,17.9634769425643,12.6755235062637,7.83520665949014,0.933679659,0.042907414,0.0524958154295155,0.077495208,0.07766114,0.069098777,0.008196357,1332.83331002266,4166.686286,2757.46795711058,1889.87075401781,564.803207389161,0.648130392540593,0.877669244356338,0.653372632204991,0.263147135166201,0.130513377282479,0.000436928216520807,0.00739447557707421,0.753845383,0.841784677,905.41643892,401.05161804
"660",660,2.56306882289215,18.4975273261295,12.5762853335339,7.60326282263129,0.912789947597907,0.043578195,0.0526011779841536,0.077836185,0.077612353,0.070733815,0.008744056,1332.89828923585,4166.4237293033,2757.93501514642,1889.67123874181,564.733537461197,0.731187396771403,1.0108090044925,0.617211624056602,0.274626164540465,0.124283326951382,0.000660210915456365,0.00504350939262283,0.981881618,0.800023298,65.930853072,458.97522816
"661",661,2.81947243356763,18.0169516715892,10.3221769450823,6.27796484971351,1.16721300047087,0.054058062,0.055430387,0.074403577,0.07245833,0.065086744,0.0143363785255127,1333.35926164451,4167.23913064212,2757.92306015881,1890.09738929754,565.031538762214,0.811353619967886,1.76163070134625,0.64362432634486,0.289848210873172,0.152364621258774,0.00388671041386466,0.00884554953861443,0.83926015,0.799324199,535.4800512,954.09698244
"662",662,2.43186392999157,17.4709794544201,11.2508130801916,8.45408731287131,1.00009070238004,0.048939317,0.0622189569977306,0.077239682,0.062201637,0.060143485,0.0171209555377309,1331.95282585991,4167.0294897274,2758.11724265148,1889.66885727838,565.164079618963,0.685724935155233,1.0487529105343,0.582565162278439,0.44125729872071,0.127962364364836,0.00172725864673168,0.00693684626047476,0.715930092,0.844757595,718.25568012,471.39048588
"663",663,2.85713890523729,17.2242451967512,9.754028453,7.22684185994973,1.21320453192443,0.063084948,0.056854606,0.064322084,0.053735828,0.064955491,0.0328114688207076,1332.99642064359,4166.99213589943,2757.90785968257,1890.53582347457,564.5850822,0.460774504721623,1.21859202796675,0.699410039599066,0.366083530083393,0.158028621011654,0.000855408485286068,0.0192049966441681,0.706727119,0.845628104,232.28120268,812.4578664
"664",664,2.61608486586858,18.9136296587523,11.3953150478105,7.12689402904863,1.05926955893843,0.050414837,0.050529593,0.075082688,0.075317178,0.069655653,0.009163397,1332.92090261107,4166.17338843645,2757.9767187585,1889.98995972149,564.882443214188,0.683569418209709,1.26416125041529,0.667768891826632,0.23604392755409,0.139182443475547,0.00403464084374871,0.0099412642155759,0.878430981,0.815105784,199.98853644,721.59707424
"665",665,2.42521539188245,18.5533764494219,12.2515313482888,7.98880209785354,0.902498343184038,0.0411630450463062,0.049558357,0.082933882,0.083440069,0.071900501,0.006833609,1333.44194686523,4167.08576247368,2757.84710972973,1890.08946739243,564.742029564337,1,1.30112764264574,0.612930115266061,0.248987395528543,0.168356230881819,0.00430026850142264,0.00809354671008844,0.750491227,0.812295919,599.28659244,1126.10389524
"666",666,1.81330882209189,22.2429683945191,12.700168267666,8.6290423813348,0.8446491,0.046993763,0.053580884,0.081819217,0.067345788,0.057676036,0.0125263181827278,1333.06198569803,4166.52265952902,2757.96139972068,1890.20651305108,565.0449573,0.940496762544533,1.01317787320793,0.605307076551296,0.389165599166788,0.166493886654332,0.00173370541366415,0.0186125072844416,0.846047252,0.845926219,339.39999468,745.6537164
"667",667,2.53704962277831,17.7601454000294,13.8257318413888,8.21802592655129,0.776026768818584,0.029987136,0.05319594,0.087003951,0.08497281,0.064222146,0.007071755,1333.02911106407,4167.74667252038,2758.4466366089,1889.66632407563,565.08644987144,0.933749760438985,0.841506424786054,0.574495352276551,0.282986211053607,0.136733942902259,0.00395728271740269,0.00912322924422089,0.751177938,0.870612192,261.48279348,330.54685776
"668",668,2.15317650140874,18.4730020202897,12.21183997,7.65259646,1.06919212100815,0.0495869932254206,0.056189795,0.077639101,0.070065634,0.0562648844327725,0.0124864194373159,1333.20511778599,4167.10137626817,2757.9656737735,1889.79042626528,565.175186041362,0.764142989081839,1.0541070558268,0.587336682774703,0.36104841848727,0.143910399979347,0.000285247183299933,0.00792108730044827,0.823715326,0.844623018,690.9389202,867.90561864
"669",669,2.5714180957494,19.1930426008789,10.725093208736,6.51765033991318,1.03990415045036,0.0568063860630007,0.054185829,0.070311205,0.066043338,0.067132196,0.017756341,1333.34617063453,4167.44540708967,2758.60006680874,1889.97318537732,564.828805922101,0.604372278444581,1.24306560861,0.60159454737887,0.333854224886294,0.122590474582343,0.003061644972018,0.00953766200897646,0.781089575,0.841469598,1192.94544924,766.93052124
"670",670,2.448627573,18.5070974429864,13.3322455628833,7.44175209785043,0.877961716375167,0.041237409,0.050806304,0.078049072,0.081893719,0.070032552,0.008154027,1332.43328168157,4166.41570933117,2758.631295,1889.7039627334,565.367035425015,0.684597030753496,1.04618128000722,0.643174265790827,0.255203804093846,0.122781540197957,0.0122987584817553,0.00830527698075319,0.703552231,0.840158008,471.86943168,941.54611164
"671",671,2.82401914424124,15.9774737203973,10.2629222765049,6.68062270383399,1.1327444216562,0.06047037,0.057038498,0.064998321,0.061388692,0.069458063,0.0193553151643557,1333.26422765103,4166.18739003525,2757.78775579214,1890.00588575994,565.054391071302,0.838040417434387,1.92848942640158,0.671237331385676,0.271727076072392,0.165143530174703,0.000507081774120004,0.00774931056616398,0.937134432,0.878637941,25.990330824,475.0566324
"672",672,2.40517755009338,20.43300673,12.8794908151336,7.33155262783862,0.873048688522999,0.03591676,0.0516818685636036,0.084316268,0.080801241,0.060897786,0.008558744,1332.70623180113,4167.09645408039,2758.27957562499,1889.12552767528,565.002489326488,0.726464191228179,0.804476628035681,0.601771374065678,0.296398960339133,0.123117092862281,0.00359236517721012,0.00728015384452954,0.805576873,0.868402089,294.4953282,413.56525164
"673",673,2.55197887731409,18.1313314175645,12.5842065281667,8.55863561669143,0.907317603610567,0.039342206,0.052927393,0.079778343,0.073446431,0.06546452,0.009107079,1332.83241468911,4167.3335839296,2758.5853283349,1889.99301261194,564.820184413076,0.945508107335341,1.25828305654351,0.651066614168311,0.287942602151931,0.126062374731095,0.00550714605841135,0.00832450676788472,0.729543776,0.870729648,1161.46826988,618.56133252
"674",674,2.56204835846883,18.4943251494126,11.7653721654144,6.38751757795822,1.09508537999974,0.073035012,0.052161175,0.054146225,0.057666043298516,0.073813048,0.036975979,1333.03985054634,4167.21435037775,2757.82749111521,1889.79311207397,565.0258653,0.500071450168348,1.38107707443993,0.652704717711221,0.336106581029923,0.108400429173968,5.46860242467001e-05,0.00785569458029465,0.722478239,0.762851528,285.30516564,1097.21620044
"675",675,2.39394630947755,17.0646390496868,12.6781686934611,6.77924510690926,0.953746358869521,0.060541622,0.058681185,0.063821202,0.064069752,0.071050659,0.0211180990983939,1333.18495796341,4167.40333973437,2757.61593265679,1889.89263646133,564.946091803711,0.873233932984029,1.77764662183108,0.572099858061957,0.395106553583489,0.146592338702596,0.00641022481606626,0.0152741147290838,0.760781296,0.843424764,768.27342444,393.1254738
"676",676,2.56862612994889,17.8059398646072,12.8405551220353,7.74832130111695,0.929174300958166,0.043111248,0.053475593,0.077680086,0.077968438,0.069781478,0.008661626,1333.40106759127,4165.97300592401,2758.31335281516,1890.5133497545,565.192336658526,0.862533362228214,1.16401656919523,0.590982440683052,0.28033897607497,0.119387053090655,0.000782934372179155,0.00683660349400061,0.708732596,0.791257072,238.15209636,995.52369192
"677",677,2.28061463697568,17.4283047085362,13.5636680142015,8.39409038133196,0.939625183684895,0.035442782,0.051444464,0.087589372,0.090880928,0.063797633,0.006016148,1332.82587669194,4167.08396485951,2758.42096066215,1890.61312876295,565.105517430475,0.878303586347473,0.849687458855109,0.598372439111323,0.262337881663404,0.125186627286623,0.00165318515096969,0.0083657226508315,0.714922094,0.869623007,560.41652388,673.93787544
"678",678,2.5278072569544,18.1851706700499,12.7026735437094,7.82956348026019,0.907268373875243,0.041421775,0.052944334,0.079773528,0.078912396,0.06909554,0.008401361,1332.89922714365,4166.2060899277,2757.9995486189,1890.14165897871,565.219210565574,0.677470104748089,0.976118096978366,0.561861200997877,0.275795565475068,0.140472624289315,0.00688769099489066,0.00881302698159958,0.845131774,0.818737031,347.54627064,447.067227
"679",679,2.53634677815309,19.2290491590707,11.8702278010528,7.20753243363995,1.0226640979847,0.047969041,0.049980531,0.077365097,0.07895716,0.069650226,0.008352619,1332.84390835332,4166.90841525754,2758.43532668843,1890.08160111393,565.008621469938,0.955079213293011,1.45047222976395,0.632929970351933,0.249982025205005,0.149346523728164,0.000251672751891487,0.00581108443222604,0.738430989,0.897702046,760.30864356,235.75730052
"680",680,2.40562303105757,18.3940427723332,13.0883148660732,8.16031325478377,0.863945516212243,0.04014208,0.055376314,0.08224475,0.076592138,0.065544843,0.009510882,1333.0702270823,4166.23253967114,2758.1578264086,1889.82744475935,565.017719054663,0.834315255248122,0.975311438896561,0.573170668653553,0.323217015918805,0.0890790426726353,0.00257825786800773,0.00714738121889351,0.883070378,0.847092731,224.51078748,968.04241056
"681",681,2.36753173013429,18.6596928826477,12.5649001270967,6.98228630800518,0.971431354819262,0.049314022,0.055048372,0.076420433,0.075965493,0.06574433,0.011307084,1332.64711259368,4165.98029754882,2757.47020281483,1889.55177317799,564.740547698159,0.671076325919845,1.01410961818323,0.626028551863775,0.317333786695551,0.13551329168751,0.00275488104544066,0.0117210620301271,0.902867352,0.822744361,429.16318584,906.80122344
"682",682,2.56298450714006,18.2323833367185,12.1664659345548,7.53542082924031,1.21755411443799,0.0540045038619753,0.0531568569240309,0.066081202,0.062948659,0.058071876,0.0142995894045111,1332.85320627442,4167.08778773092,2758.62540149079,1889.88614179416,564.224438403791,0.594327887179586,1.20167874733753,0.584714186826498,0.293465711670077,0.117207203549738,0.00129338659450408,0.00933112877414736,0.949496456,0.796696236,481.65019572,853.58790216
"683",683,2.84527888922231,17.5535239788011,11.4306717270029,7.30871159530339,1.02731179027674,0.065645295,0.0522846738128474,0.0546300948323308,0.052163328,0.078809332,0.0301421844519104,1332.42481660192,4166.5768036898,2757.54174835228,1889.91262113704,564.697752575696,0.580737837540831,1.59398677875675,0.497338296959109,0.280812677527916,0.131004223503823,0.000207903053235143,0.00691710047253931,0.866200984,0.837798627,774.8742732,1012.80950364
"684",684,2.30650952279867,16.9683667371616,13.1801078537972,8.80510584438963,0.915149422,0.0293131272723902,0.052191673725146,0.094318062,0.095162725,0.0603530347907165,0.005391313,1332.8323334068,4166.14981588878,2758.24226298709,1890.19295577439,564.842271984797,0.830384645229376,0.680669622551123,0.560260400439966,0.258124367762154,0.157765001502492,0.00579967844297557,0.0101230913478924,0.755422768,0.815133137,486.57896196,666.80570508
"685",685,2.53303182391611,18.1830548183566,11.5986146149685,7.40824704613433,1.08999042480284,0.049969625,0.051610743,0.075190779,0.074594892,0.066729537,0.009140497,1332.3831059467,4167.11222689426,2757.08589840179,1889.79174156913,565.03035922384,0.728822510592457,1.30587390054674,0.594691283971069,0.248546476289809,0.0857088604755096,0.00547640809235241,0.00671425800366896,0.75206062,0.81595771,135.39949416,1007.03073216
"686",686,2.39761160700264,19.8670457351843,12.359789905214,8.12810582251846,0.960115051231581,0.0516084919661031,0.0548221281806887,0.071794903,0.062663114,0.064976495,0.0156750870319981,1333.8076470059,4166.50923852041,2758.15327075335,1890.1171735912,565.0607941,0.625710267255017,1.12782346297974,0.707329694860048,0.35761424381468,0.154576523153483,0.00472745645786467,0.00935152183569076,0.741271878,0.878031833,1127.70243504,785.27726316
"687",687,2.68028301576656,17.4868654671742,10.0057904546045,7.13707146134823,1.06098389965192,0.051709401,0.0574943616168779,0.077899298,0.067884147,0.066284216,0.01334496,1333.58675213689,4167.15126261582,2757.56194621686,1889.90988164815,565.088557219583,0.476821398658403,0.868664158465659,0.628938939104582,0.307893837995197,0.0954962498572788,0.000955284664102288,0.00901126780454552,0.874062568,0.813483719,1122.62373636,1123.62501552
"688",688,2.38328780844908,19.2217615,12.9713166693677,7.37289405955691,0.868909481252846,0.041410987,0.050383948,0.080508513,0.082445682,0.069388919,0.007945142,1333.53585882758,4166.3434185251,2757.64570427903,1890.32555829865,565.046257054086,0.920052317002953,1.10788792078706,0.637282263734306,0.271530130244295,0.140751395341377,0.00115631412520171,0.0087669103904645,0.707720611,0.836826518,24.998823648,818.43101808
"689",689,2.60219072688814,18.1043984194099,12.4866392238781,8.181613811,0.892728412,0.0386318197059947,0.049294298,0.078211685,0.08059036,0.07279704,0.006334551,1332.84485598405,4167.30605448363,2757.69078847408,1889.60010747785,564.92240789154,0.588881635695791,0.750646872624011,0.657266941394739,0.224430619160557,0.125071691552165,0.00147241054707717,0.0130996690368211,0.947428052,0.843030926,403.5648696,494.06540424
"690",690,2.3312864795984,18.7297696227735,12.8040014774607,7.66489441277574,0.772500054811074,0.0378802126501699,0.0550203334771932,0.085482236,0.079338641,0.067168861,0.009651354,1333.2969333186,4166.26088138882,2758.5632075948,1890.00759514225,564.951343,0.865562033066897,1.06939103204543,0.626347156104559,0.32404255250984,0.144791078881115,0.0100322022000296,0.00629947574318349,0.727157103,0.928698181,468.58552236,300.50696664
"691",691,3.26520147271549,20.4674365298974,10.4469431066798,6.26132414309562,1.26531304446359,0.051173041,0.0474128384515833,0.067980489,0.069312632,0.064522245,0.0132517194768212,1333.07397267381,4166.80769955203,2757.79104944051,1889.32401524429,565.348542159256,0.55349372908465,1.56500664735789,0.676124925960191,0.199774696837341,0.120411117460817,0.00443472083749557,0.00658787454575669,0.96189169,0.893545462,34.706211552,263.3188566
"692",692,2.78116517828833,17.6264014701025,11.7575996689855,6.503140431,1.05236208418224,0.059566714,0.053695193,0.059776513,0.0624113213206137,0.07196005,0.0201286537804463,1332.96316245379,4167.491306,2758.38944900443,1889.67666265,564.970286331871,0.531536842589897,1.29991319008022,0.607992749434686,0.279446834820997,0.104544939548404,0.00183619253003309,0.00668468204072318,0.922612275,0.814470433,775.9092624,958.95675576
"693",693,2.98206651079278,17.9283665068917,10.5013950764997,6.51581687718083,1.12319505883626,0.053731482,0.052551261,0.067051323,0.065707536,0.068301939,0.0146609022092128,1332.55586916422,4167.49548514497,2757.95379885438,1890.318914,565.095754186318,0.617355984978066,1.36429264933516,0.489218172229234,0.251466060102598,0.127937065660825,0.000516106512636737,0.00987749453984126,0.937363652,0.865794605,500.07479736,764.31991608
"694",694,2.58187116588268,19.9877241314367,11.380931073793,7.96985725131134,1.107425203,0.0495461518239096,0.0516399894607143,0.073767313,0.065183177,0.0617453185922723,0.0123312972057703,1333.03474075701,4166.69731569031,2757.72564452048,1889.85273695031,564.8078157,0.520566281000714,1.06629505575861,0.472343388911531,0.293711234493215,0.0956925100441313,0.00717842886319199,0.00649637109460725,0.904730241,0.848277497,595.3329576,912.14989704
"695",695,2.55916118506692,19.8870505625313,12.0407848650185,7.000640163,1.00268752619408,0.0459534871729847,0.0482814325397475,0.075158738,0.07961696,0.069548336,0.007665726,1333.20282533559,4167.513324,2757.50005403648,1890.61085244597,565.251106127998,0.504293576140719,0.839507226196502,0.528190134390039,0.227150703085317,0.121926379291386,0.0064930541702639,0.0167965181169561,0.727207732,0.830639541,976.79765304,1049.78337396
"696",696,2.37292514528939,19.285715975284,12.8284382941861,8.00942138830772,0.958727113659883,0.0393550437387764,0.050138303,0.080534708,0.078358229,0.06183419,0.007876623,1332.96178775646,4166.91321953636,2758.15042934252,1889.83967786095,565.001993211026,0.727882154721674,0.897716386247356,0.582325858120909,0.269977366805243,0.124956456983716,0.00366390450743176,0.0107304467179378,0.838571772,0.827080009,479.74805748,687.7423914
"697",697,2.38640586262213,17.8903765731058,13.140663168239,7.496937142,0.903916784705342,0.046286286,0.056165815,0.078091776,0.077235909,0.068656466,0.0102819097130886,1332.80204088811,4165.68639919635,2757.69447626182,1890.00782047691,565.002937761103,0.662735130311106,0.909468743054785,0.692669632835536,0.311439025808619,0.104018394452198,0.00193006914634271,0.00698195441760763,0.752676215,0.871091783,651.412791,709.42259916
"698",698,2.49891466341677,18.2077909367745,13.1771276141572,8.293385748,0.827764938635948,0.037137101,0.0542715221551321,0.083463983,0.079407427,0.067874251,0.008511623,1333.45062871005,4166.49222027889,2758.55451482858,1890.01764363095,565.312165692251,0.680456508698448,0.852749017715485,0.631295241829656,0.290472822826704,0.125342449611575,0.00932283343628585,0.00814710125404324,0.884501932,0.829241061,674.27507424,661.6299546
"699",699,2.307230933,18.5928571394864,12.8803960399328,7.84369163400321,0.856331098980767,0.0398878437947126,0.052353441,0.087351719,0.088403764,0.071012281,0.006852268,1332.9113844174,4167.34575169704,2757.88183032662,1889.75810116692,564.891846069383,0.810588535289774,0.875806506993041,0.561801479974874,0.27789387723178,0.127300293408724,0.00154252175520189,0.00696502407911084,0.71521778,0.841537627,510.99522372,696.12015456
"700",700,2.36803256121913,18.9486306293688,12.6746648087189,8.014867264,1.03442897385069,0.046783201,0.046465205,0.075145861,0.08131001,0.071425436,0.006056353,1333.08766645953,4166.95409317933,2757.60254931763,1889.81120726736,564.838291648881,0.781640380933414,1.15193683317969,0.630547651244621,0.208574353874925,0.130283640802817,0.00176076322289303,0.00819353114872221,0.731632273,0.807919957,160.41401256,1151.67268044
"701",701,2.63402804717526,16.5776867537836,12.12549094,7.4678186519122,0.91011769877496,0.0455869677214397,0.059504158756418,0.0812617,0.07891788,0.073163282,0.0101361796783242,1333.058098,4166.75861477604,2757.98759910077,1889.77387327836,564.9957979,0.923869193675076,1.32432863540043,0.601024923305777,0.320518186037488,0.153976121641331,0.00335401475358771,0.0102525698907715,0.724947664,0.890037928,463.3837164,286.4301264
"702",702,2.66571593735962,18.7550785340034,12.540094580085,8.23562398233971,1.02630714286974,0.042434529,0.0474693343017948,0.073194618,0.075664838,0.069513264,0.006621732,1332.43200605094,4166.10307115639,2758.33336914415,1890.49253088922,565.123381761769,0.629163230517288,0.9477646834556,0.629919666375567,0.211075762641434,0.132287991317281,0.000416840478538285,0.00948299787420364,0.833585843,0.844121076,1036.2858546,1042.11146064
"703",703,2.59664409638039,19.3888545071879,12.9869924666664,6.7984551161842,1.11589850394223,0.051656261,0.052090905,0.067012691,0.070199546,0.0619913784167213,0.0131282868447573,1332.55059690188,4167.33422222162,2758.61590193743,1890.37021043077,565.066689424587,0.583884761872017,1.1101892879089,0.604626856322194,0.289444836897222,0.139960270392158,0.00227044721507075,0.0163887137109503,0.819594211,0.817746797,568.60298508,355.12168104
"704",704,2.6318980249454,18.8575211506352,10.7935276139533,6.62269017265478,1.13846387546399,0.054440024,0.0545672000337502,0.072754657,0.068666726,0.062694007,0.0153163754842646,1333.02655652669,4166.07300485744,2758.1281763909,1890.126322,564.752917924175,0.632564251426072,1.26975215922782,0.700449550553736,0.309956023610985,0.105852436757423,0.0038012121657648,0.0115510860291103,0.812574681,0.864471225,106.071696384,365.4482376
"705",705,2.6167827337408,18.289929904875,11.4693736558625,7.13581683608648,1.06276803549151,0.049474759,0.052031382,0.075484538,0.076026837,0.06877345,0.008929314,1332.65842066968,4166.95072730033,2757.71050046013,1890.06627374957,565.020588598328,0.629624654081998,1.05095556016198,0.614764233515092,0.246984830400546,0.124460956565665,0.000261357659921712,0.00826626366491116,0.973142923,0.811958525,162.15115524,1117.53049116
"706",706,2.33973014904602,18.0970186715716,12.0808655573767,7.85895158209207,1.09392302619625,0.0480591469881139,0.0533245742118907,0.077524572,0.073718659,0.0608298406213211,0.009578789,1332.59129361625,4166.90268824687,2758.20393795305,1890.06001696717,564.966422092325,0.596105332140955,0.943116277486557,0.654749169759962,0.280038366747872,0.121679776619489,0.00395093684741424,0.00817187819236103,0.846653201,0.749770351,1092.09846936,677.84847516
"707",707,1.66163849006336,17.5409012008399,14.2544537211988,7.248603732,0.582207232122517,0.0465639035833882,0.056523098,0.087952046,0.087634629,0.079915908,0.008734673,1332.50247723946,4167.56686978298,2758.60245281406,1889.90480835828,564.953692171313,0.739904832030577,0.655792529944811,0.598784622523357,0.33861370237551,0.122862139817873,0.00562796267256264,0.00720308478218954,0.877695652,0.837026913,491.57787168,1155.78872352
"708",708,2.32825522489277,18.1675563403085,13.2028179756748,7.14862340564001,0.979735369443503,0.049229833,0.054050716,0.073274099,0.075018703,0.064988297,0.0106600385808981,1333.0242409056,4167.28824874916,2758.16416530468,1890.55413549652,564.878711320422,0.69139509821555,1.00664693645002,0.544589211401003,0.30687629012156,0.127844497786525,0.00013844780510263,0.0120582006734941,0.978136215,0.830500556,29.7049731,971.73116556
"709",709,2.94361700763417,17.4844275417994,10.858145904439,7.81901845102425,1.14873586910636,0.0559696329908491,0.05364005,0.06419989,0.056358022,0.067586951,0.0179120976408154,1333.06435991541,4167.66856527581,2758.53737343406,1890.09831802995,565.054129037512,0.567639461215246,1.62567672228696,0.656184460383074,0.256034394107332,0.120325529179741,0.00732682155012309,0.00926320092599781,0.766964992,0.821255457,1168.7288376,954.89283504
"710",710,2.84260152174537,18.3503924312036,11.3593392111577,6.86636296829486,1.1020244355029,0.0488141166382947,0.051813249,0.073940122,0.07600746,0.068992746,0.009390671,1333.24181169354,4166.926257,2758.11460649415,1890.13256399595,565.302577059446,0.74069435399686,1.35989056586556,0.637242933257241,0.236461796008651,0.143436647498722,0.0021735145361823,0.0143480115799792,0.813342212,0.820132995,998.43065088,1142.69616612
"711",711,2.39329600788283,19.4993131211692,12.1535579927708,7.53124688652259,0.893213528619771,0.041390835,0.0499736420338657,0.081947973,0.080471636,0.067996626,0.007953732,1333.239149,4167.18597973559,2757.86906455698,1889.95063423879,564.912387382323,0.751229205039015,0.961292050660307,0.696313048574365,0.260913368009721,0.131489266288405,0.00371679213076153,0.00983720919553925,0.70959264,0.790788608,397.40022084,1005.43775016
"712",712,2.51694698744963,18.3942021319253,12.9227489523327,7.73989384465525,0.940351626518449,0.037098392,0.052329462,0.082893035,0.082349021,0.063197949,0.007791185,1333.31278910612,4167.12777576498,2757.6646213675,1890.09550622113,565.300000589635,0.768970291683652,0.936560421027917,0.616969286435878,0.277018695511811,0.139994516363278,0.00377013606761424,0.00659523788642351,0.780041025,0.789359008,881.002287,794.53760316
"713",713,2.64471639203342,18.0448824565998,11.8694546860933,7.12048592131849,1.16329701655776,0.050617624,0.054136857,0.071484268,0.070045083,0.061122756,0.0124845549817032,1332.64619,4166.960028,2758.996628,1890.57900615161,565.304501742281,0.760466379755658,1.51444419370627,0.626951523933227,0.291245935232446,0.140038195073746,0.00374856244019505,0.00639684516264782,0.949128119,0.908641289,91.460954904,353.32121364
"714",714,2.65895134468554,17.2994948509795,13.1660833119545,7.7931645026918,0.969103128340993,0.034571383,0.053354925,0.082732824,0.083973045,0.061874996,0.007325975,1332.91546546509,4166.65491652651,2758.25145993382,1890.07057562345,565.393591941899,0.852733638346486,0.946795157977716,0.628474402856773,0.273843339326751,0.139994453843676,0.00071429200181503,0.00988743514519606,0.712101953,0.854081561,509.79698568,405.7519494
"715",715,2.20423370088461,18.92745906265,14.03235928,8.23883223260284,0.731324134469993,0.0344329789906563,0.050089405,0.085580511,0.084783046,0.068451982,0.006989115,1333.4195410774,4167.66416795433,2758.48324947819,1889.19539248996,564.834851420397,1,0.914526114408177,0.586338201195846,0.276034977503317,0.123582075399093,0.00327443178734757,0.00659974847522464,0.800728483,0.838942024,315.43353072,506.28453588
"716",716,2.51212219464291,16.2888389901783,10.7000326396291,6.20132927205641,1.1294653259957,0.067810257,0.061424101,0.067527443,0.066978808,0.069137089,0.0234905743676791,1332.74801177127,4166.9359956925,2758.07853529887,1889.84039879454,565.085269490423,0.561888148344195,1.28787770011762,0.595599451216976,0.370486718706675,0.103688016138698,0.00141497341618454,0.00687795402865312,0.876033665,0.848455114,277.51377012,893.850423
"717",717,2.51387088506842,19.6740279585107,11.5782140641347,8.35501496615431,0.928883101568982,0.050313702,0.054987921,0.072598015,0.060521209,0.067322649,0.015898919,1333.82206408936,4166.66363094174,2758.43479998448,1890.54470019883,564.825088533988,0.658180406104175,1.14460427342285,0.5730918838111,0.362791537227913,0.124681161116728,0.00407889307580314,0.0110082476944609,0.706673291,0.847661014,1041.45561288,438.15598776
"718",718,2.33114013747873,19.1229022630808,12.5985771096496,7.52626927989824,0.931851907345968,0.046367394,0.05134802,0.077818828,0.077260845,0.068004334,0.00887683,1333.000053,4167.89804891172,2758.23856581918,1890.179271,564.855203875684,0.793076613554399,1.06399130633803,0.568244781417828,0.281919191845998,0.103356462392052,0.000311599441982837,0.0106211188997258,0.759854807,0.852825264,212.04360636,1185.15400872
"719",719,2.92599734192294,18.4387986780978,11.5891465687408,7.02544428257496,1.1447938456681,0.048090968,0.049426144,0.070041689,0.074323577,0.068697131,0.008211497,1333.18622521122,4166.18761920196,2757.58038694389,1890.16734134958,564.878803522949,0.590411908089102,1.16737937285166,0.578105056225944,0.203102443179064,0.139453340303102,0.00260755786107513,0.016284987402302,0.895881312,0.858450977,1152.49135488,476.23533036
"720",720,2.57978559316085,20.2948826156623,9.42372687598305,6.56435196287647,1.08039745387527,0.0600103943801678,0.048435918,0.07155194,0.063268168,0.068688932,0.0166258978633961,1333.39714341484,4166.33144505078,2758.09221127107,1890.03196392174,564.8095821,0.510970086757515,1.48597779823632,0.579453675004969,0.250866795459936,0.118096520698456,0.0113285711514735,0.0095975783801052,0.809835741,0.855301234,1185.79382052,875.15159268
"721",721,2.74376911119563,18.7003683752829,11.8416118298777,6.84559142476527,1.05780104619806,0.0527470279525041,0.052866322,0.073032996,0.076500804,0.072924266,0.0101432009903391,1333.19254158436,4167.44765614724,2757.80374631493,1890.69837801667,565.043334329486,0.672734280198211,1.28329139190208,0.589706891303933,0.25108422154999,0.146411105632997,0.00139190801113973,0.006960548701147,0.828153796,0.826172729,860.9330718,487.5572934
"722",722,2.57464445623644,19.9850484459676,14.1657011240279,6.63856434894229,1.09621789486008,0.051011872,0.050604432,0.064074223,0.071188532,0.0617644,0.0133017506884096,1332.7213387154,4166.575865,2758.25583907985,1890.07889869546,564.851790555302,0.630564170450172,1.24464369297021,0.613823380812336,0.287014401878254,0.143095618858475,0.00384656104885685,0.0111117471627677,0.79167041,0.782680757,866.4651324,867.06465048
"723",723,2.53654035533381,18.3095797003377,12.5627373740359,8.58035211862076,0.936651511802098,0.039652437,0.053075394,0.080793029,0.074173043,0.064380216,0.009062435,1333.44545041244,4167.38891774951,2758.32888689152,1889.96998839958,565.184861156425,0.993409944597305,1.37157555687471,0.582222233259752,0.294559922921207,0.144679988657135,0.00635083211402673,0.00782458683060566,0.753613954,0.812230773,1017.74955288,530.1797976
"724",724,2.444111473889,17.3568162424062,13.2620330256716,8.96256566814395,0.71089816,0.031992436,0.055365018,0.090907173,0.086063573,0.07175312,0.007021833,1333.26652499677,4167.04125050681,2758.67228840218,1889.96255618148,565.031981349384,0.730312369384437,0.727827099614411,0.512048323403358,0.289190287153583,0.121609481971412,0.0110231127146519,0.00607497227192807,0.840506608,0.889747373,118.629965016,429.39575412
"725",725,2.36720557424392,18.4865541293704,12.1566032662444,9.12712444214253,0.821600074952767,0.03596482,0.0559808980772033,0.087125924,0.073442053,0.061890211,0.009440584,1333.07419794431,4166.71636019588,2758.09000618245,1890.06744939551,565.28068265979,0.875964829892774,0.873962753362658,0.679575637691866,0.330746226769405,0.143657768689412,0.00118278477024071,0.0158377201480349,0.802780311,0.861572513,932.68838292,581.55975096
"726",726,2.71139188950281,18.7277784185531,11.2749518661315,6.88221530545637,1.06090150516402,0.05000577,0.051798461,0.074859653,0.075427742,0.069617405,0.009679677,1333.29544962461,4166.64620042928,2757.117028,1890.43922870906,565.1647062,0.701999272469474,1.21919137960625,0.583061980862582,0.251652846285143,0.0998496278348652,0.000317836234475229,0.00707020472397238,0.947648708,0.798068885,85.476882756,775.96186272
"727",727,2.55218238133779,17.5102605048477,12.342406883944,6.73253328853765,1.27465923635125,0.070728292,0.051279718063304,0.049987796,0.0533948514780854,0.061975894,0.0359758241761422,1333.04542879312,4165.95460165505,2757.92886129749,1889.69955952392,564.84913907414,0.597147299403014,1.75240798357038,0.573875516789759,0.313447140111456,0.128168563386981,0.000627964886637321,0.00641381350983572,0.726061238,0.839603541,961.55897916,612.79414236
"728",728,2.32852513667962,19.2731054876266,13.6318972657912,8.10543557486485,0.877560809006231,0.038705665,0.053201221,0.081888993,0.078312308,0.062681395,0.008666836,1332.96521782306,4166.774055,2757.5837155191,1890.71393876989,564.884287340103,0.646765873839287,0.719421992768148,0.63535881700166,0.300015273068268,0.144593314116151,0.000696263826088553,0.0101054493046668,0.707273854,0.786222884,582.19788456,910.63276452
"729",729,3.08892044876329,19.3779120307783,11.7992269101473,7.53482226228193,1.12440728415292,0.049506396,0.0487943120103784,0.068219414,0.069648269,0.072953105,0.008714228,1332.88555279481,4166.99691781949,2758.12296964736,1890.21592391797,565.064968637349,0.509036412672395,1.09912331779037,0.635084306310173,0.190262973599931,0.101774793119441,0.00163936922315309,0.0140605898313193,0.796978645,0.8785318,274.34684844,474.5696358
"730",730,2.34362400909492,18.6037115351076,12.4284233933981,8.51444986246856,1.08304289288717,0.043212534,0.0471873435737065,0.077279978,0.077342972,0.063203886,0.00661443,1332.92932512794,4166.69447884178,2758.3303950989,1890.10413696698,565.0356828,0.939778590440609,1.29054227593109,0.562441548593793,0.231060751688422,0.168580272890431,0.00383714403920026,0.0196534094075856,0.809510226,0.879662968,857.89619292,369.44860092
"731",731,2.16259606165205,18.13163647,11.6848774149132,7.61834270350052,0.89141940762475,0.051223872,0.055426578,0.079207166,0.072224953,0.068442371,0.011247546,1333.21441790897,4166.95455561223,2758.067554,1890.00182454739,565.002681966961,0.762387204110989,1.05019907582082,0.624893391105371,0.328607435890897,0.138340543799589,0.00120466760985309,0.00679377350391178,0.734093841,0.89012454,950.63239104,290.46603612
"732",732,2.20137038982565,20.6531919399978,12.9196594952905,8.00388960697692,0.945590415641763,0.050000863,0.049701329,0.076590846,0.072971162,0.06705368,0.010039284,1332.51671499771,4167.01639122051,2758.14258007779,1890.06738523475,564.90294517362,0.836114421058667,1.36332843356794,0.659267169400363,0.284129280534252,0.143973845562545,0.00600935807906561,0.00684219368725279,0.849431629,0.82477316,390.94631856,1041.27575976
"733",733,2.22320398723425,19.5794256612665,13.0150757711571,8.90116904885927,0.806106017796927,0.036955638,0.045030289,0.08261554,0.085467077,0.074262844,0.005294249,1332.81404426242,4167.25679595042,2758.10669778412,1890.27158607172,564.855075906417,0.877181149056885,0.904923182161272,0.528651102477727,0.225206477011823,0.154577138286197,0.00246006524338903,0.0101917275363728,0.74688429,0.827841168,1029.80464104,1065.89684244
"734",734,2.31459905233692,16.9796486566823,10.7556918902419,8.34072430079686,1.02713054403054,0.0495864780067928,0.057034897,0.079130085,0.066017407,0.061498539,0.012217346,1332.93624801332,4167.04121968966,2758.22957770118,1889.72142280365,564.922561163717,0.946612337148919,1.42354782760856,0.592988597852456,0.340160334266769,0.136616262697647,0.00216929087436931,0.00642248018933261,0.713939586,0.792943978,870.3282918,1002.66227268
"735",735,1.86377917580518,19.5032834954329,13.6534247475355,8.61865949887383,0.821376354058589,0.041378504,0.057491235,0.086201808,0.073779726,0.0567703750225157,0.0112752817581584,1332.90466458209,4167.27268378153,2758.06836837405,1889.85449131717,564.965893728767,0.735559052841649,0.765756701032963,0.666204809924216,0.380874314125869,0.14366898879676,0.00756490010430816,0.00703149353464778,0.783483349,0.886275852,113.312088816,345.58471164
"736",736,2.40582391437468,17.904345169332,11.1276300967762,7.84437598385767,1.12749686221042,0.0510420759688123,0.0549607142875447,0.075242757,0.066120684,0.059027313,0.0123726933187406,1332.97801462705,4166.51145065597,2758.43856389275,1889.9230742162,565.065036625182,0.627216561035165,1.05550430526043,0.623911191035223,0.311173648061816,0.118272444210637,0.00225432388321336,0.0139918929560115,0.794498548,0.849612711,551.25441804,1155.14737644
"737",737,2.52303724782294,18.5556123953574,10.6839466290186,6.91223250181921,1.19000730787352,0.0517524257876085,0.05406333,0.073178309,0.066077896,0.056624732,0.0151614234029792,1332.85239908434,4167.21401467371,2758.07859964475,1889.71225893709,564.896318827814,0.925175578831394,1.82431387602783,0.624491395635006,0.330836245817463,0.144075747064626,0.00477981593332653,0.0084791568908992,0.874380878,0.806427653,595.86845496,763.0551318
"738",738,2.54039835171783,22.6032540991145,12.0785217458689,6.21038536686747,0.87823869187662,0.057018611,0.046629727,0.063180987,0.06661654,0.077544184,0.016538818,1332.47319540574,4166.69248050864,2758.17645401043,1889.676893,564.92888724779,0.57425548020373,1.19853960071916,0.616500606430966,0.278831048120048,0.125881746279129,0.00153906089727312,0.00664641927858235,0.749416985,0.821221884,779.36383284,1106.22993144
"739",739,2.4848339631549,17.2836615521222,12.6953679358203,7.57164570167822,0.90420402038482,0.042051805,0.058014174088607,0.083606126,0.081169207,0.067670644,0.009247776,1333.00336099275,4167.63818254568,2758.02949821915,1890.08131878372,564.854758626155,0.801041838226313,0.958805584069365,0.556417470259513,0.326534831885566,0.117043258814602,0.000160378972811715,0.0128416243042997,0.781313973,0.819632684,934.975086,959.27526288
"740",740,2.53811017538884,19.4805137273442,11.2656425116266,6.84346804324149,1.03626521478147,0.0524148030663626,0.054766219,0.073805641,0.068501722,0.064442343,0.0150938553486566,1332.86581525228,4167.52974654341,2758.31905108887,1890.52001954667,564.994457748182,0.797683697850886,1.37195373699879,0.654561352641123,0.343008911104186,0.1323045902407,0.000826120054802114,0.00815249565466972,0.807654994,0.884125206,464.1176994,513.96432336
"741",741,2.58015674358893,17.8454436360215,12.5882362274318,8.71841192228913,0.892828510021353,0.0368874167075739,0.049896045,0.080656301,0.079597002,0.069927855,0.006685976,1333.28548258495,4165.662661,2757.73549909208,1889.6811068027,565.185715332662,0.762708354998871,1.0038768911755,0.578960528341336,0.242129304164324,0.143527753065626,0.00646655582285069,0.00747858391189667,0.777627145,0.873547687,957.970017,310.61652708
"742",742,2.06521858104941,18.5880890990045,12.3155868593186,8.249433459,0.769026277219323,0.0414381649501564,0.0552190605372279,0.084504615,0.074513573,0.065298255,0.009997896,1333.44362442189,4166.97537045462,2757.833756,1889.80152164721,564.7323801,0.712166842759866,0.778297724953738,0.576422443351662,0.33532247515619,0.0979136777809939,0.00709447573679445,0.00748492922044448,0.846338419,0.873246801,642.76031592,620.26312308
"743",743,2.38919543679464,18.7751138679944,13.3530641790067,8.92060288705049,0.928277586148537,0.034381483,0.0499538136423237,0.084467333,0.084020288,0.063073656,0.006108742,1333.33828062933,4167.14510735558,2757.75442180411,1890.11167378919,564.917565307448,0.633130855959505,0.641471898465288,0.571375165437338,0.25205071204396,0.10878584892471,0.000303781086430116,0.00870463744184575,0.969497403,0.78413143,142.69313136,566.78326056
"744",744,2.78774475428003,16.7468662070765,11.8040096453813,6.36458370645728,1.0844829398927,0.055187805,0.056618199,0.065176613,0.069235953,0.068465368,0.0155284782209522,1332.79093668224,4167.18341678346,2758.31136024216,1889.88170827409,564.982556794828,0.54332721451463,1.18134089713319,0.669191321057083,0.279931611581239,0.111201494649714,0.00244600073321613,0.0083562859220246,0.817976648,0.868721567,589.27462104,695.98126524
"745",745,2.5067911046391,17.7423825022042,12.9698188147606,7.18174094215384,1.01653526625446,0.063414926,0.056331725091185,0.059426077,0.059609874,0.071624926,0.022858696,1332.56414552431,4168.24948799754,2758.89509885651,1890.00972864553,565.301850340319,0.650653535429368,1.45797881587567,0.585223802178434,0.361215241773257,0.146062574040878,0.00138382698829391,0.00944187372074908,0.78575493,0.780124852,1176.478731,1098.80416692
"746",746,2.63641789422428,18.3688843197806,10.1809936474114,6.83923311732867,1.22586303193549,0.054413854,0.055735152,0.074222784,0.065784081,0.0583765457519717,0.0161364545572603,1332.95663776515,4167.18778255236,2758.23276569005,1890.0787576178,564.9915006,0.642057448314218,1.2598542937462,0.714745829174086,0.325527751491453,0.122240158745171,0.000614223686454889,0.00606422331010764,0.893916926,0.800907333,103.56200448,676.3028916
"747",747,2.61200876500778,19.8546017872931,12.2974680008508,7.17149708107485,1.07458177968515,0.0487263467334183,0.052748412,0.07540571,0.074575395,0.064648214,0.011186663331382,1333.07192342955,4166.41403898218,2758.05207712011,1889.946474,564.589245191226,0.536770228969287,1.04955052263079,0.639097083220419,0.28269927948633,0.106952009504841,0.00865049955665707,0.00843550948569384,0.867622004,0.893781978,603.949395,358.88324028
"748",748,2.35154727692453,19.7241303476982,12.4107072787916,8.821720863,1.01796054410464,0.0363070968105613,0.049275656,0.082338466,0.074587769,0.055839232,0.007908902,1333.21359747662,4166.53891413532,2757.935758,1890.31651282449,565.261258187738,0.793861331164327,0.973147534907938,0.507295828375867,0.276705266359904,0.128101774905072,0.00546143914522702,0.00628841106383667,0.782970433,0.847794974,594.08364996,354.16057164
"749",749,2.81537919530797,18.0149527285698,9.433441864,6.93902733841512,1.07607061197029,0.0605555268101532,0.051685167,0.064921931,0.055187331,0.070758422,0.0234310669286626,1332.92323605069,4166.13917255572,2758.32488496443,1890.18675401514,565.065749580162,0.499719713371687,1.27777602970378,0.573576191082516,0.273948245035893,0.125458089835679,0.00167195645294884,0.0102866891294116,0.864347414,0.879565633,72.850115328,610.91023092
"750",750,2.13325937573266,17.4185757168441,11.8595286554427,9.15376202199676,0.998897827,0.0332064,0.0514371312430562,0.092611807,0.086921578,0.056747517,0.005902723,1332.58188402188,4166.846181,2758.60823315813,1889.54165175328,564.690838469421,0.74589923657433,0.658552932676539,0.586003551898618,0.264392337861612,0.144054073067794,0.00207032889760488,0.00674706668675468,0.730106097,0.793870709,208.32383448,1138.61878872
"751",751,2.8099555394803,19.9625402655888,9.8643218181129,6.3320704636442,1.20722272002171,0.054075982,0.05034827276698,0.068096194,0.062051966,0.0590444877222558,0.0200712435513962,1333.29341975847,4167.01545263732,2758.1254526077,1890.31814869621,564.875782847027,0.713729893572216,1.66531793966951,0.662056742293163,0.30808416069059,0.128987480685758,0.00323086479979637,0.00938363643299784,0.896398806,0.933054248,993.368934,466.17737208
"752",752,2.67361408986562,17.4903540801536,10.1172778383542,7.57776943209126,1.05275596200186,0.0527208742482141,0.0561470696183512,0.075918065,0.064528338,0.067709787,0.0137033684391468,1333.15580267607,4167.01171028866,2758.74075413081,1889.74723502483,565.043341523577,0.679590217701277,1.31691118261873,0.613723559933497,0.30252198685065,0.125132359633525,0.00276203171169875,0.00676219098255696,0.857651182,0.868719451,77.589688464,812.99036484
"753",753,2.66682134785531,18.83123831614,11.6046359846219,7.07860350556347,1.11045100327571,0.050770779,0.052908214,0.073875364,0.072723218,0.065403268,0.0112818070586679,1333.37484108598,4167.91900200054,2758.43036277012,1890.49337736212,564.6990182,0.536625132323429,1.16134065455113,0.645698880151878,0.265298682509,0.130456871777328,0.00741893096202643,0.0082197818794455,0.816630429,0.790304096,168.52398312,1094.32476792
"754",754,2.18811707789018,16.5339587007906,11.8391210604861,7.24515735660869,0.940810206375173,0.061142789,0.0610875933523615,0.071152278,0.065679797,0.069742236,0.017875171,1333.14898750624,4166.31118476642,2758.04322124485,1889.3093365959,564.722836508656,0.641099486772934,1.17592684980441,0.604475452600913,0.399793301107826,0.132438512875641,0.00367519969171312,0.00667421171366087,0.753870933,0.901794072,898.71687,203.27258484
"755",755,2.812475112079,16.5574466535598,11.3451258111335,5.689546271,1.01409595219716,0.059217222,0.0546544544613413,0.056673053,0.06342531,0.072438397,0.02871966,1333.16348927159,4167.51628882647,2758.32693015013,1889.93799735316,564.675144558387,0.545095672882297,1.68991648100614,0.500903713604373,0.327988401309376,0.12343906700576,0.00855674322273705,0.00803350232278163,0.923432864,0.878290728,1033.04996016,402.68236236
"756",756,2.28724220608897,16.8094525191613,10.4791016545913,7.3823501609731,1.05841661071201,0.0509354448617343,0.0576266528635892,0.078737699,0.068447586,0.0597284564359394,0.013185296,1333.09889243032,4166.777024,2757.8432462097,1890.01754155064,565.03905918929,0.637755087231258,1.10512069048379,0.683419262535729,0.333269417175536,0.111311851342522,0.00942134062630143,0.00947065258406934,0.83723989,0.81081963,752.11240212,647.72458068
"757",757,3.10526478128266,15.6165803875895,11.5020358103925,6.492098273,1.13503647977538,0.057432601,0.05605671,0.0526223211685205,0.054647173,0.06746692,0.036053494,1332.79209202793,4167.50716590575,2756.98270266954,1890.20936326756,565.189712378747,0.590751362989361,1.64184892120475,0.708381645752989,0.329502575814111,0.158841642326037,0.00146140286323347,0.00925719061645028,0.847921794,0.94001362,60.751262772,166.12781304
"758",758,2.59123613514267,17.8518388796191,13.6989314632165,7.91868086275636,0.729875917838951,0.029858758,0.0550738265843229,0.086859378,0.08451086,0.066081425,0.007325044,1332.85378921724,4167.77826925129,2758.07268167281,1889.59678550716,565.133867338726,0.683129400690628,0.594481600935176,0.608446272180787,0.289114610359825,0.102533080750512,0.000412819720434772,0.00699833453884664,0.752173092,0.842123537,243.67839156,696.7883442
"759",759,2.07604086210223,18.1371339601195,14.3171613723391,7.92934490128391,0.914745773,0.04873593,0.057322687,0.075243231,0.070393132,0.060849023,0.0131250853043532,1332.86383426605,4167.95180672876,2758.04178284389,1889.91118961083,564.8281909,1,1.30913886136129,0.658007401110267,0.381525440698995,0.169402631793254,0.0037308008992382,0.0123620211879872,0.837431336,0.840449198,668.9772702,695.608668
"760",760,2.30058103865793,19.0062839377856,12.60177718,7.50042469449577,0.958957501,0.044886922,0.0499020304114627,0.078143432,0.079686989,0.06645997,0.007871524,1333.1202369776,4167.175293,2757.4153520139,1889.77577138471,565.0235153,0.71700491803375,0.955271735816769,0.585700675770361,0.260667910873724,0.139329477175038,0.0014926483143426,0.0105092844354616,0.754756159,0.830149859,493.41164736,576.0890478
"761",761,2.64357888605946,17.3888363920409,12.6941630489382,6.44413360322281,1.09330856020737,0.0499950813773131,0.055779221,0.069747813,0.075312835,0.063510478,0.0122987988925373,1332.36412360887,4166.9449800398,2758.03688040651,1889.70123662582,565.156939642319,0.678392868667127,1.21251408298492,0.534829325395086,0.302859417242237,0.126710039385825,0.00200173345487819,0.00785061618793834,0.79257524,0.840779588,302.3867766,500.85737112
"762",762,2.387082354,20.2078515799828,12.3771613467334,7.21348060687591,1.04948871990882,0.048657848,0.051422633,0.076182976,0.07530972,0.062899214,0.009889959,1333.56520020196,4167.40406477141,2757.99818784497,1889.51919012366,565.000996084243,0.524899931879825,0.812156578558789,0.563321573703498,0.284066593700295,0.120446752482615,0.000433082030464783,0.00982017640643757,0.713777027,0.849697482,216.63958188,1134.51418008
"763",763,2.17939254503278,17.7627294968369,12.7304552919552,8.0946279546207,1.0622220935651,0.0506423819462186,0.054367681,0.072921116,0.067944942,0.058654648,0.0113816545300648,1332.90093424737,4166.83312727035,2757.45992867654,1889.60642766259,564.915871682877,0.589523879014194,0.889343821424873,0.571263495928603,0.315016552262893,0.13461712855943,0.00113090045648306,0.0109800162137685,0.8742652,0.880787328,219.93324912,363.33515436
"764",764,2.47343536041319,18.5540050442181,12.7915920519862,7.65570181267782,0.90499047190004,0.042270731,0.051446263,0.078766461,0.079611307,0.069537565,0.008102558,1333.07313245681,4166.99520317617,2757.50348702737,1889.61538166288,564.852858444679,0.766660671616778,1.01643009917613,0.622858331440774,0.267573000160384,0.16815574932642,0.00158064761632379,0.00700476481558909,0.832356574,0.818704808,73.584152124,397.31199612
"765",765,2.8842179005831,15.6027258512215,10.3982687496407,6.43386554869585,1.12043162455382,0.06384984,0.0610663341141375,0.063180959,0.0609243690540566,0.072048857,0.0298126706135323,1332.88185063931,4166.66415071432,2757.95730240205,1890.49665509807,564.7578072,0.683794467022581,1.71362395109093,0.642649263758496,0.358285884774245,0.143763006873584,0.000987956262050892,0.00671120455615155,0.793540956,0.890215689,673.89662352,307.02356688
"766",766,2.81843996317983,18.8110900311948,11.0280562159147,7.17592851069849,1.06167865818443,0.051127231,0.05260798,0.075250278,0.072460407,0.071755041,0.010477132,1333.28774868871,4167.00525462629,2757.66183966748,1890.01250345368,564.865193513267,0.642170963846287,1.23218541001755,0.697053883249345,0.245891867764114,0.124867468011361,0.00189617547681649,0.00829204584241902,0.910016856,0.801632074,336.94257384,899.84115468
"767",767,2.33754687718899,19.8134546043255,12.7223594909755,8.09354862403434,0.873667314,0.038901453,0.0493135086289692,0.084536842,0.083967827,0.068811025,0.006714216,1333.025561494,4166.88758238766,2757.63284642068,1889.52762063499,564.954073950571,0.746922591922393,0.823743345074157,0.565049870821793,0.260339853298058,0.127827288422988,0.000490675485666241,0.00844805023223714,0.729578942,0.825705142,198.76477992,511.48151784
"768",768,2.84859276252558,18.44000069,11.2450346563654,7.189340667,1.13034859259125,0.051107489,0.051787162,0.072511845,0.071329052,0.068629055,0.0109372448371767,1333.1347670312,4167.10150209232,2756.92738831132,1889.62853657989,565.016461548776,0.806492483267456,2.03508305108585,0.593347680179481,0.235456875599227,0.107156476497512,0.0131928023371869,0.0089177913624237,0.70145674,0.889019022,426.06568176,442.35500832
"769",769,2.5825745892122,19.2100561331623,12.0076359626446,6.98555868127926,1.03745785682041,0.048547199,0.053008036,0.075547139,0.074896122,0.065696717,0.0112908726084576,1333.2948330743,4167.02297448107,2757.74737502577,1889.44386700834,564.948952218987,0.614979725575709,1.21100761627966,0.627016172839983,0.282883825779883,0.116529860157144,0.0119667084375844,0.0104098434077746,0.735213936,0.857128026,898.39761024,305.80019364
"770",770,2.42960243543576,18.3145871624152,12.9853357130313,6.98775273829293,1.02393805037023,0.047097609,0.0540380121187534,0.075300089,0.077687508,0.063293201,0.0102370054669745,1333.38222730468,4167.14112911479,2758.03169791608,1889.64887386996,564.751050216427,0.68157896797612,1.02566715041033,0.6182661949077,0.297222368741192,0.145096726028014,0.00210250729771882,0.00969379945224729,0.737025309,0.774076622,1057.75834644,737.17476468
"771",771,2.37515683804817,18.4365834621451,14.1173687448011,9.467938293,0.821649049665832,0.0238279965149114,0.047137595,0.088528394,0.086941366,0.0551963482697491,0.005391443,1333.37163395095,4167.24317464777,2757.36697145018,1889.75676387388,564.9924227,1,0.708823121618783,0.621476196870313,0.232454182823639,0.131459933925649,0.00432960202103013,0.00881879897111908,0.822050047,0.770010754,31.156921296,710.99473512
"772",772,2.6987661643105,18.8659645501204,11.7969326472819,7.12411262245298,1.05917450955504,0.0481451030566456,0.053241017,0.077317913,0.076772781,0.067922753,0.0100684710697928,1333.21150441285,4167.47103185166,2758.13951165946,1890.47661108306,565.073462787898,1,1.63373495458248,0.597771065600593,0.280364648770639,0.0865985697256282,0.00194874747713595,0.00726311027634738,0.786830024,0.825460722,913.03103352,839.6744484
"773",773,2.8077701216377,17.9556022750515,9.97718896908236,6.72476673468989,1.09952133348364,0.052750212,0.055578976,0.074380727,0.066960565,0.066064711,0.014874268,1333.15105907689,4167.22123101447,2758.6032076921,1889.81348269995,565.022331759384,0.662441130762637,1.29233763115723,0.515403822500041,0.308293451910045,0.141167293514271,0.000667385295035622,0.00720221158299114,0.833468369,0.818262098,187.94657112,620.6283828
"774",774,2.31179144681331,18.7136947254804,13.156918863149,7.66290029435036,0.901996418017538,0.038861141,0.052829197,0.083049532,0.080802317,0.062070173,0.008454686,1333.44214747293,4166.81786446711,2757.90483687684,1891.01929207142,565.213095253604,0.896880047391962,0.974603489013075,0.613122730522735,0.301086335907864,0.150587809178614,0.000724379813727441,0.0122582222485487,0.724006956,0.81947581,672.38065356,1094.872653
"775",775,2.27205089028125,18.9283079981248,13.4682248599022,9.40301954374594,0.779001427271054,0.0247821803327787,0.049367205,0.091921151,0.088913342,0.0575379622882774,0.005309983,1333.1162710562,4167.78887583184,2757.97437665477,1890.11800320828,564.872181386534,0.758402751036352,0.513190810008287,0.562854565473691,0.241187932894609,0.106701693687879,0.00489109448277417,0.0080008942018252,0.852428583,0.841494447,992.63016372,850.78630728
"776",776,2.44704568407986,18.5063229150453,12.5181313389168,8.29619827013135,0.864478716,0.038588713,0.0512160909732339,0.08365775,0.081765923,0.069934124,0.007069378,1333.47701523846,4167.67178306059,2758.26190367028,1889.54220761961,564.928985026164,0.694291763594076,0.792572470381774,0.702554335843654,0.256755689338267,0.115817419895635,0.000971936909701818,0.0108349213883427,0.811061543,0.778341901,987.86888664,1093.67656128
"777",777,2.37433243973395,18.3130062222564,12.7965989400981,6.97138940453976,0.988108277,0.048585511,0.054375253,0.07514617,0.076658298,0.065002079,0.0105657684318076,1333.11719272302,4166.95402440707,2758.06326929073,1890.15541195787,565.176454581435,0.642930693993036,0.940864531804044,0.626283536528909,0.302301609003054,0.104225558518568,0.000398363960759146,0.00883712533085228,0.907241278,0.797911106,63.592775388,670.24882932
"778",778,2.37186473000003,17.830314535212,12.7115454187056,6.98984551399299,1.04770002647803,0.052287771,0.0546055292825742,0.071883266,0.074029316,0.064583113,0.0116926533429488,1333.15279119669,4166.66370356586,2757.56972508592,1889.80745824305,564.9295155,0.557101295501111,1.04114020285814,0.556902472597679,0.294185746229076,0.0779512928083426,0.00936372954925266,0.00711001578721795,0.814711597,0.833684508,814.61825232,711.7582356
"779",779,2.39746494471665,18.6771344820269,12.5956383404515,7.60581304708105,0.907822699667823,0.038894232,0.0514779934525592,0.083291721,0.081920069,0.06488615,0.008113354,1332.86740770922,4166.94668865608,2758.3361160153,1889.86672770456,565.200195178627,0.916557501052947,1.22249165660753,0.541677102293317,0.280936571721092,0.122961456652213,0.00978598226134708,0.00675183723932881,0.707104765,0.854594307,704.97096048,487.433895
"780",780,2.5002438558751,18.3049291603175,13.0486268815711,8.05278012515788,0.893910430602413,0.0350090376911095,0.0539461140791259,0.085376289,0.080936348,0.06162753,0.008186972,1332.69667561077,4167.08074253584,2757.97675983673,1890.32150551982,564.970464129037,0.930071544200069,0.969462706207098,0.647092606988362,0.299820064211436,0.145438205665909,0.000981931097453916,0.00864046617351815,0.866726229,0.878712404,1024.82577468,342.72244968
"781",781,2.61664107708938,17.708747192054,11.4594263664333,7.34897589775665,1.06594211531371,0.057804101,0.05398715,0.066464238,0.062960838,0.069394658,0.0151550955776141,1333.61824673961,4166.84925166331,2758.019778,1890.38151776706,564.8941353,0.612548970716707,1.43873086101451,0.577526220985144,0.274768717102455,0.127048451094982,0.00793014723611844,0.0138451988965941,0.917921301,0.765241585,307.5247866,882.3200742
"782",782,2.47412924437118,19.0144362872132,11.7897748348748,7.712058358,1.078146011,0.050789705,0.0526025952034984,0.075218808,0.070052648,0.063960547,0.0110917961471938,1332.99035765525,4167.04973873482,2758.02576467375,1890.15589210817,564.643660483983,0.843637380392413,1.41773288637857,0.648165123815623,0.288870115881091,0.125634319920738,0.00183241862191436,0.00742339744851918,0.795219807,0.873111891,1093.01269308,600.92740968
"783",783,2.4399454818602,18.7220183268321,13.0582544220595,7.47341212976194,0.943203880233813,0.045069614,0.049532649,0.075864466,0.081092702,0.071315814,0.007648469,1332.90450891486,4166.66837393137,2758.02271783506,1889.26078115037,565.4421772,0.805206717897153,1.22850590807007,0.572568124991424,0.245850267140652,0.144240597312583,0.00533739008946757,0.00848807956696564,0.850004863,0.870199098,368.91604992,259.20469164
"784",784,2.44766566556806,17.8620519888397,13.4481515594452,7.7342264738027,0.873732126819386,0.0413391522934592,0.05277039,0.077425967,0.078963986,0.068985556,0.008410378,1332.66043208296,4167.25394931291,2758.13090361159,1890.24735552218,564.918540728725,0.725983963349387,0.918604432685791,0.639516072159337,0.276803100601262,0.152050632230421,0.00129132582307749,0.00692693121219421,0.764492718,0.802904261,492.96389964,778.49815692
"785",785,3.1256993098625,19.9879649720982,8.67641206388067,6.72883516300704,1.01265534949247,0.0549070806219565,0.053453418,0.076439153,0.061134803,0.075785591,0.0216844480132385,1332.8450538988,4166.7965269551,2758.27945856254,1890.08030508918,565.126969237198,0.633305987505636,1.39747360628114,0.627697240133221,0.323457417431998,0.128905627677398,0.000833115266154343,0.0286764995338796,0.833093787,0.844915694,346.1244462,838.38225252
"786",786,2.4916678181786,18.3784947037809,13.2599658263022,8.34646710586786,0.78675407068547,0.034720028,0.049894212,0.082707197,0.082495501,0.071136223,0.007100419,1332.90287233358,4166.30285390982,2757.98936087153,1890.62139103964,565.0210029,0.770329622058671,1.02929299415792,0.64009975074933,0.254435298641499,0.174691906839619,0.00802835808850709,0.00450238459064073,0.871678275,0.838167921,809.0378052,987.4588602
"787",787,2.61224897904639,19.6372995749323,11.5827575874514,7.07194105171345,1.02503307651531,0.04742984191287,0.0525944832302794,0.077581399,0.074552495,0.065964032,0.0107388644569859,1333.12196207081,4166.49471288543,2757.83903915323,1889.62551038959,565.347556339943,0.681974689311111,1.10430306821217,0.697359141027576,0.285207056946972,0.137504660613388,0.00145230504663328,0.00778032987748119,0.840632831,0.865089085,994.9461126,516.2059746
"788",788,2.69221596126845,15.8558644483475,9.14598504397668,7.74366477616365,1.12760203702196,0.068009999,0.058918638,0.067990137,0.05243874,0.072266316,0.028214035506939,1332.70568761552,4166.33643000248,2757.6956622158,1889.41515139167,565.181962050821,0.673811502300295,1.84137761167024,0.584661031757558,0.325132858956773,0.105899592126208,0.00346849952078221,0.00716094032661504,0.810840946,0.795406424,639.03281124,822.71184924
"789",789,2.38685453883317,18.9625390986182,12.9987242038759,7.7577682095908,0.858622395872463,0.0412661028704457,0.053085945,0.081149566,0.079280996,0.068305167,0.008525383,1333.46875872199,4167.02935602719,2757.799164,1889.98280284813,564.946465460814,0.679110548945925,0.805950945695613,0.555765981750827,0.295068607931726,0.13923741318289,0.000334921203499057,0.0150207838360427,0.879246807,0.869792868,92.99396604,492.56353104
"790",790,2.2627465792611,18.7212890151799,10.5017436957595,7.37785790421797,1.02985906785304,0.052651189,0.0544134429098403,0.078218098,0.067236432,0.061631192,0.0133489612010039,1333.15489067793,4166.62030543184,2757.71702275516,1890.16093242514,564.918769896015,0.983457763645828,1.56734244195497,0.612760051883511,0.341035418519596,0.149242151908209,0.00212261213890645,0.00649947793368976,0.832001894,0.865182198,374.8496424,488.4373674
"791",791,2.78533725168236,20.7158271897456,13.1626089548363,6.04702698232264,1.30352042841116,0.067446275,0.042403167,0.042444759762516,0.053440806343547,0.061221161,0.05750362,1333.34981988117,4166.34517253028,2758.00215863581,1889.6748619796,565.101948500309,0.490827288728549,1.74813569104424,0.551580312294645,0.303944403184631,0.102406126020616,0.00320068546457078,0.0161445144831142,0.728947811,0.890403388,486.66401892,377.97908424
"792",792,2.59666476816959,18.2799048584547,11.8969137764572,7.101222827,1.04079606935322,0.04835119,0.051795274,0.074731028,0.077077833,0.068732856,0.008824771,1332.46777021197,4167.77796294201,2758.21767773194,1890.00782344044,565.323554861969,0.644365295621657,1.04726672482536,0.630370886887631,0.247961842981651,0.0959435525506637,0.000709881561654794,0.00772131050443768,0.762439732,0.802454083,788.29445604,457.6733568
"793",793,2.29218899301261,18.0491490129666,13.6897147837828,8.29898931263667,0.916459462094754,0.035580872,0.051244209,0.086152521,0.089166105,0.064058614,0.006165254,1333.1763195795,4167.29071640359,2757.87130989979,1889.66691657299,564.834507506145,0.68886466008938,0.692893469046984,0.592669026016891,0.258954424834921,0.142430842752689,0.0029721640512244,0.0115820173679991,0.780105196,0.850615344,1083.085146,823.54443072
"794",794,2.74852351446942,17.902242517877,10.2087057666327,7.216574337,1.01586325819433,0.043020793,0.057974865,0.082196695,0.070333944,0.061789363,0.0128962764691748,1332.83658194939,4167.27517953765,2758.09874169644,1890.055398,565.1863125,0.684771333115476,1.18924685450472,0.580187961347878,0.347805497374411,0.147562581568249,0.0060835623967874,0.00598078324630108,0.779780801,0.842897393,916.08199584,579.72677964
"795",795,2.33297081045828,17.8179473701684,12.3155409743165,8.91141303991821,0.999281333741206,0.03559884,0.0491606128722057,0.089188593,0.087874189,0.063109775,0.005976629,1333.08042673109,4166.915844,2757.82599157361,1890.35431391668,564.867216,0.978041166141538,1.20678958133243,0.68917248179816,0.241588657948979,0.176081118375071,0.00796349335636686,0.00574231036448872,0.809412497,0.882940892,244.10589324,636.71140644
"796",796,1.48040210919613,21.0583495438343,13.721585529336,9.06586441983444,0.619089282391835,0.043600488,0.052877678,0.093942274,0.081947737,0.068115875,0.008388664,1333.12049095186,4167.29140949326,2757.78087208297,1890.28212788626,564.904903153406,0.934955587379246,0.709447479391459,0.610706379424031,0.340943850563074,0.171163945962472,0.00277126449760238,0.00498318687859567,0.89880294,0.783674529,539.38743852,668.10352596
"797",797,2.06708445310368,18.0429668763047,12.5661120049103,9.19009918434725,0.962431419,0.0341649589719856,0.0486668153167568,0.091186803,0.088241864,0.0587799961216208,0.005766728,1333.05601724102,4167.39719336587,2758.3346351557,1889.6047977972,565.019947451897,1,0.867827577807091,0.68954360115951,0.251792514691587,0.133655344136545,0.00115922486577944,0.00757893116662023,0.816392855,0.900366339,887.4120564,372.684417
"798",798,2.57518072596192,17.9994310709025,12.420905694966,6.0994821812482,1.02306935635633,0.057128288,0.054421647,0.061794995,0.066965704,0.067455264,0.01926924,1332.67680113328,4166.87723687366,2758.37749347297,1889.50205800685,565.028301232456,0.685974755254848,1.43489293582597,0.590729525001686,0.333536105814722,0.14453668149386,0.00241492797679281,0.010473397868049,0.79713677,0.774402399,401.7443658,853.01216256
"799",799,2.477212486,19.3760982771976,12.6956375603715,7.54313718828619,0.946168983371087,0.046128381,0.0506682275258995,0.075925986,0.077428145,0.070424803,0.008368866,1332.76596609823,4166.20871134556,2757.07766238213,1890.09903855208,564.782442150352,0.573006507442761,0.848195897017042,0.566338988125321,0.256638262757262,0.116765764275375,0.00280368047279738,0.0274314813728926,0.76575937,0.812448698,1159.5328518,691.44115116
"800",800,1.95551770057969,18.6996643072534,14.388744073247,7.71739331756112,0.836392357262486,0.052926761,0.054970049,0.070770302,0.067567361,0.065491529,0.0138529038693456,1333.15926989607,4166.137182,2757.73071344644,1890.316779528,564.828967029968,0.785439439148405,1.08564749005105,0.563143694482276,0.374015838823981,0.15875040028319,0.00234659846668745,0.00689317548194081,0.882288327,0.867601029,288.62588544,887.85728688
"801",801,2.59199045846686,18.738326296598,12.5119706086248,6.9949607588116,0.88386175277984,0.05802607,0.0541537254941509,0.061765981,0.0610324369918685,0.077812629,0.0203918024667216,1333.07993910905,4167.24161110614,2758.45119644002,1889.95117759389,564.791967736115,0.711750314233679,1.40756414431994,0.6272562315874,0.346033689751663,0.106405326906163,0.00049130116480257,0.0107605126945554,0.82819151,0.843288647,93.580377168,561.08121972
"802",802,2.59742954641597,18.5042803670074,12.576921189485,8.65829646281874,1.02491975886093,0.040068883744879,0.0457408844491727,0.073922614,0.076693546,0.068942696,0.005818029,1333.59002689679,4167.56246329196,2757.99030099636,1889.70967484553,565.056980055591,0.813688119094817,1.19957384874578,0.484230422389657,0.209166768158584,0.17996600927386,0.00315642397983938,0.00875563019638796,0.894321975,0.802091356,95.803662096,959.03534484
"803",803,2.39339842536517,17.9578603021317,12.0229209812796,8.10071569719418,0.904255306637927,0.0463230698102746,0.055591321,0.077098673,0.068792701,0.066589509,0.012048848,1332.91444394433,4167.53626739567,2758.24567683431,1890.24724715364,564.9704937,0.733341131151562,1.19382152452284,0.667018870077468,0.32424965774966,0.121234352883336,0.00910519680365183,0.00770872994690566,0.800400611,0.871877728,1156.53961188,486.31618092
"804",804,2.39007105973932,19.5868233349174,11.3520371058216,6.09247396849283,1.28960724624461,0.074632296,0.045355461,0.048769926,0.053154866,0.059528114,0.051332023,1333.17997670023,4167.45801094328,2757.51753306715,1890.25876017591,565.05249932919,0.797030739027917,2.36949040739719,0.629661279820367,0.356600045151555,0.140213435592111,0.000597465549349366,0.00940306475902467,0.777678277,0.853239978,648.817008,772.93731828
"805",805,2.00927478194748,17.1960543178798,12.60335331,8.33288292939712,0.791287236967286,0.041500947,0.057305201,0.094261805,0.088336976,0.069691653,0.007620835,1332.72231676024,4167.29579030631,2757.34701288601,1889.41421588514,564.852267519705,0.963352832289275,0.880144449933752,0.583589204526105,0.327721659476944,0.145676744910127,0.00174934512897195,0.0108646870776233,0.801802454,0.864674497,1164.51221712,429.89975412
"806",806,2.26250881347895,22.046544244553,12.1437618993096,8.56763655868012,1.33608176133422,0.083008668,0.040944628,0.0466350652639227,0.041539652,0.061452856,0.049704707,1333.012276638,4167.31440158774,2757.67770059675,1890.1695510465,565.091454595876,0.570816874010126,2.48472046710854,0.580996428453153,0.278159126823736,0.0954722319464575,0.00536974655109881,0.00624180209227678,0.797449464,0.786312262,842.53288332,936.01812024
"807",807,2.58401169568605,18.7977195553709,12.5160072346021,9.01895158903003,0.904493455063995,0.029555259,0.041396333,0.076002748,0.080552574,0.065935629,0.004585928,1333.09069571637,4165.95196300133,2758.50897008391,1889.80766524414,565.041406143449,0.845422303080757,0.859359609214433,0.600686283170347,0.187224947763139,0.136883491143116,0.000420538048920838,0.0129957829973682,0.7270866,0.844177391,468.92710644,1043.70877488
"808",808,2.455002616995,17.8400193847275,12.573978780096,7.71899742,0.832708682548393,0.039312239,0.052208423,0.086427956,0.090146747,0.076246065,0.006462726,1332.53882095717,4167.455652,2757.72346630624,1889.97400193981,564.841790017177,0.83886729642759,0.934146276993983,0.662213491200339,0.257298426750353,0.135708628115272,0.00143286408694248,0.00777206716178564,0.78475156,0.805683267,1086.93959928,1022.03020164
"809",809,2.35818000539318,17.78507609,12.7727030062957,8.65085264850341,0.932331431894078,0.049738251,0.0594769130505895,0.073662666,0.063556521,0.064456995,0.01492369,1333.17689377297,4166.81449139219,2757.61714847017,1889.32156494373,564.872510290109,0.53755379996526,0.824689367419604,0.63250079625713,0.384667580769456,0.124213696251439,0.00134062899170338,0.00697624857425423,0.795946013,0.832405371,923.70087936,895.39019148
"810",810,2.65005626614496,20.1553244189853,12.3189313809242,7.5183206835817,0.998888329,0.050917069,0.051246057292169,0.07125622,0.068424002,0.069920086,0.0124938368694746,1331.91006004454,4166.59913761233,2758.05116571643,1890.07804118346,565.009196940049,0.900753020212842,1.70418945188411,0.627612506287495,0.284663414751667,0.100713047534518,0.00650330382645753,0.0111500868124187,0.803834899,0.853258067,803.587497,1097.63013276
"811",811,2.05634471647018,18.0579009344684,12.856347198711,8.71920896718928,0.860558607917573,0.037967986,0.0464805070231487,0.08542728,0.092499089,0.072655285,0.004764995,1332.79823084993,4167.39637242124,2757.353259,1890.129347179,565.026585652922,0.784077233873068,0.762891534499381,0.563614301693135,0.222313663542913,0.1325242654996,0.00361576699869876,0.00969685393510989,0.789544692,0.835972012,407.86967196,1137.56159916
"812",812,2.20236562832247,20.5184452701201,12.4156029168068,6.82127989,0.996373926172444,0.0481641484485642,0.055262009,0.078171235,0.073339013,0.058108681,0.0130286167859239,1333.28312158225,4167.00067240865,2757.89839453458,1890.18356364513,565.170125626653,0.576979639340005,0.808183744460738,0.625226764362991,0.364067532312431,0.121673158394929,0.00178605902414875,0.00950054973534364,0.747872645,0.831065967,925.65606012,903.00824772
"813",813,2.33688352165335,18.0677789997602,12.9756797862715,7.39887016353307,0.920629107285953,0.0481681201018978,0.054887808,0.077121386,0.077209115,0.068948699,0.0102123153111215,1333.29429222958,4166.95812439043,2758.2066894476,1890.19409611465,565.044255668962,0.637044551665007,0.988496975413368,0.644393588578187,0.296553985861688,0.125471432346594,0.00918598719142162,0.0126795733147911,0.704548663,0.789804544,165.7810248,1002.16880412
"814",814,2.42732195655325,17.413690691363,13.4278409116124,7.77594857067612,0.935192211641519,0.038068673,0.053622867,0.080028065,0.079315185,0.061335848,0.008889008,1332.56161820094,4167.05849170512,2758.24882617251,1890.43598852739,564.94996,0.81039906041225,1.18888155773098,0.545205112774813,0.291538825052231,0.139423750465891,0.0143191024584863,0.00820868281241907,0.765931611,0.870909173,108.419352324,453.16080744
"815",815,2.7397872,16.332134545666,10.0701147455225,7.08064542642606,1.05834517563121,0.053384126,0.059667927,0.07807826,0.0696587,0.069967579,0.0132120232591496,1333.08668558882,4167.09580971864,2758.11253930433,1889.80343487058,565.034175296726,0.835008014325869,1.48123136075829,0.66460445654152,0.307157336308797,0.142148955585538,0.000567475816514738,0.0118256041273331,0.831838869,0.816452802,440.99190348,1182.62297196
"816",816,2.46608745999598,18.6929534808885,13.0531617697181,7.81994330270085,0.939002479567724,0.041928745,0.052831007,0.079136549,0.078099037,0.065858689,0.00863196,1333.14778573785,4166.0476320988,2757.71039717582,1889.6871648077,565.1318396,0.69253668347448,0.904307138150247,0.561169655324578,0.287706257954971,0.142552092017113,0.00112634088718923,0.00635594455442685,0.74566237,0.871782142,391.17314412,503.55969144
"817",817,2.44495322058787,18.4887472900988,12.0767901429694,7.58161025749444,0.925390203847843,0.0442760864808205,0.050611673,0.08154101,0.083827715,0.07370525,0.00694639,1333.18129196553,4166.24027231849,2758.79817651575,1889.71447877207,564.646474707366,0.831236288981293,1.07740646565713,0.578543666840131,0.25066478422558,0.107889067160912,0.000499067880731475,0.012441027495584,0.904127099,0.871534866,1043.4919062,854.60169732
"818",818,2.41634880188288,18.7695779726434,12.5258596597028,7.41780408861551,0.859198583730895,0.0423604346571843,0.054379114,0.082580292,0.07984039,0.069126313,0.009272264,1332.81203587177,4167.18135852419,2757.05766866075,1889.67997302731,564.739991285913,0.890298939521773,1.09223060341855,0.5450941553117,0.313180003500234,0.1098134241348,0.00284898406266714,0.0103484798430742,0.740541329,0.791896256,484.15376988,721.0925652
"819",819,2.62171284775159,19.7160873689694,12.3109258043703,9.42532962887901,0.890298881655863,0.0315176744324309,0.043250242,0.079287268,0.080737727,0.070529676,0.00463654,1332.87137427368,4167.759937,2758.113757578,1890.20296737781,565.31797546049,0.677232893950158,0.720978993435196,0.531515198623471,0.19802730808718,0.0982947570447061,0.000201325078440566,0.00861425382130331,0.825002074,0.822980237,403.01449584,697.8531168
"820",820,2.55144717777804,15.4673116182916,9.79933707443814,6.559553667,1.02071726162967,0.063900069,0.061865224083533,0.070272415,0.063416656,0.073176016,0.0212755389913295,1333.32793015632,4166.98508207014,2758.083690559,1889.73571494101,565.073082132172,0.518367502503266,1.08752333321714,0.65023577526014,0.345946556348027,0.0984753704158969,0.000210239497067344,0.00784677088488057,0.828453754,0.850743531,929.02961604,1025.16490668
"821",821,2.52052869402277,19.7100226708926,12.4323081294066,7.34036444772051,1.053719492202,0.046088656,0.050949225,0.07612497,0.076513412,0.063973602,0.009057637,1332.90703712939,4166.570119,2758.06976998878,1890.35271789558,564.911573162452,0.549967643144036,0.858409422461346,0.601420666073737,0.26498730933035,0.107022087890156,0.00134943186640806,0.0080406582494584,0.836716731,0.861834376,208.93932216,646.09126584
"822",822,2.4243968517334,18.2063159500403,13.8463094139162,8.23018600607585,0.885730187,0.0360037847699972,0.048833957,0.080244396,0.084978973,0.067310894,0.00630777,1333.26721845846,4166.49746140462,2757.44846438139,1890.27496978989,564.816051610296,0.842654584045506,0.920691491843496,0.601150428608935,0.243671138864468,0.128945770139215,0.00279007827004484,0.0126182227851469,0.778943218,0.96848427,64.395409116,193.98614688
"823",823,3.01632565837187,15.7005607230457,10.063064104463,7.38076991624272,1.14610117639567,0.060131136,0.0595568969259867,0.062917418,0.0534924,0.069203637,0.030341755,1333.38056073631,4166.937861,2758.25967470233,1889.89278836358,565.122875396825,0.743009379429027,1.84609818811678,0.665408852786613,0.35160541627978,0.141969373880667,0.000375662160983764,0.00761885331995771,0.767191591,0.860387934,455.98970508,742.62752184
"824",824,2.35165157252953,19.0389758266884,12.4745478485262,7.81601549100877,0.814157535150236,0.042282227,0.054542274,0.082861981,0.07714682,0.070052942,0.009491103,1333.1405265568,4166.49971005319,2758.74441924749,1889.60172907061,564.858262917616,0.696894957122366,0.84610589786597,0.599213394022928,0.314612541273856,0.13948498773377,0.00221720801543839,0.00786248983875181,0.841906932,0.827750793,889.40991576,829.19581608
"825",825,2.57857633305535,18.5024082040993,12.2562502140018,8.24892667352962,0.834083917,0.036661637985213,0.049738055,0.082461219,0.08189432,0.073183375,0.006527938,1333.24480941078,4166.66419316341,2758.30821357232,1889.458289,564.900831840224,0.668121222395131,0.790759115160506,0.643959918036316,0.239688228224803,0.117838682117053,0.00259730029371504,0.00701511189351633,0.785797743,0.907509712,1159.59035364,514.94937552
"826",826,2.5592039,18.2269533847516,12.4281180038147,7.3424139010853,0.998175229228199,0.045605832,0.05196444,0.074598607,0.076361273,0.067364687,0.008819,1332.89390637484,4167.27449763197,2758.35686797091,1890.32341988585,564.8986154917,0.606207671929813,0.931108239892904,0.599387607197773,0.259837722510267,0.161406221527697,0.00081601828002197,0.00609565430874933,0.742457136,0.864828463,461.13731664,664.04536224
"827",827,2.73156114786516,19.1385818290412,11.2487493967293,7.02561205490624,1.07707401710331,0.049623258,0.0520860425458428,0.075912765,0.074932691,0.06865979,0.009824593,1333.16562164741,4167.38423732014,2757.94226729288,1890.56261199071,564.930829598846,0.517846026995533,0.999496239001191,0.566715134295248,0.253525415826343,0.147313962317011,0.00289631671894761,0.00725212013428138,0.803327019,0.816046996,557.58345468,709.60887792
"828",828,2.67048561481156,19.8463557746669,12.7044394516712,7.900497273,1.04009871002914,0.046169613,0.043262357,0.067372709,0.073543037,0.07308684,0.006595711,1333.39677826878,4167.584684,2757.77524035907,1889.91889221911,565.250437309356,0.775379802567668,1.69880453616663,0.582887468487989,0.178099827915839,0.143172866655465,0.00767998261677039,0.00664806439386258,0.808973599,0.748898499,421.53324336,1137.63222876
"829",829,2.39478006222806,19.6060923129998,12.5861887341474,8.4954283560389,0.846097877,0.035812034,0.050641542,0.086220216,0.079797404,0.065108402,0.007747182,1333.07631512208,4166.59260412095,2757.74097743956,1889.9982090825,565.071933323709,0.908532066375984,1.08872104543939,0.550823248718983,0.280749520901454,0.149472807507492,0.00896436651642633,0.00759091456869043,0.735690347,0.829694406,188.06157816,836.32675188
"830",830,2.50517326278724,18.1512677346132,12.8509247526311,7.54547985131432,0.925427886911836,0.0444200848937723,0.052787722,0.075781232,0.076874089,0.069436051,0.008807301,1333.02589590283,4166.91728341261,2758.34938899045,1890.67169021125,565.246759149132,0.66373304181395,0.922252629559734,0.532021778466309,0.277678504987338,0.131946130141654,0.000304840100997646,0.00841996430601429,0.793102323,0.81065453,896.58981564,1042.080753
"831",831,2.78481036995151,20.4267247952081,10.4910496837496,5.83223596699636,1.01655011951408,0.055387372,0.052358449,0.06767321,0.066881803,0.069006522,0.0217084171110413,1333.08715303521,4166.82435826368,2758.18191604508,1889.68858959371,564.954525113593,0.756750496656028,1.53373854559264,0.594785025333535,0.356565561462989,0.122081637623506,0.000299525721407086,0.0068699220498618,0.700005866,0.843842774,147.42072972,630.47673168
"832",832,2.56261905108693,18.3943848065678,11.2191400852079,7.38306620305046,1.03542655754031,0.053754805,0.0568452793891136,0.07256664,0.064561337,0.065658825,0.016313567,1332.88465597269,4166.25384958869,2758.13686337657,1890.13349814413,565.301507798335,0.69042017716806,1.27544514240142,0.641325323823359,0.353484140892239,0.117506856240566,0.00236280749281371,0.00883380224276832,0.75389055,0.844222605,393.65003196,785.04063492
"833",833,2.59853510506864,17.5680909749039,10.136798288364,6.16488695032359,1.30196539266758,0.055029812,0.0543471530409102,0.070516956,0.067336633,0.0547056254884845,0.016552358,1333.23088974185,4167.31400271213,2758.6503748033,1890.29902650066,564.8542089,1,1.98268130926059,0.698586716039541,0.311426599363332,0.125903561812121,0.000723556912185557,0.00743959918873897,0.715017522,0.840147211,1048.84867152,733.04530188
"834",834,2.50965762470817,19.367948605407,12.925448610038,7.97208124179824,1.01554497847277,0.045500353,0.044000524,0.068785179,0.07709301,0.073902223,0.005626868,1333.03183426414,4167.29237248947,2758.210491,1889.93948885961,565.040194824354,0.57564360618557,1.01775412642149,0.416547344489002,0.184592162164777,0.102615865644095,0.00773765353558065,0.00920151453019576,0.759852013,0.880990374,705.3920016,768.63746232
"835",835,2.36917710925962,18.0546563758884,11.5171907520397,8.39756051000258,0.923308238081802,0.046760308,0.055192837,0.077964621,0.066969457,0.065516976,0.0115015544049372,1332.6367706174,4167.5075227249,2759.08472191388,1889.13258972497,565.307105505813,0.845998494522927,1.15589233152419,0.580130061334451,0.330512379047229,0.128829340040657,3.54435802631509e-05,0.00658086206499258,0.855908834,0.769444929,29.576498928,1096.80745848
"836",836,2.54192588348133,19.4408439288135,12.0734932188466,7.32812167607481,1.09718409517441,0.050272796,0.0522735091759802,0.07456556,0.072538036,0.063852504,0.0109300093205411,1333.08185799862,4168.34934020297,2758.16392508485,1888.93202424033,565.202480120418,0.749061530635867,1.29359708025419,0.606225937503693,0.285311211560815,0.134848199543685,0.0019508439560402,0.0083918753132959,0.82422506,0.845893651,306.87688956,820.7606076
"837",837,2.30131587800142,18.8918406007477,13.2013694822707,8.15063712048207,0.845448253412422,0.038315728,0.0547888636598778,0.082938743,0.075891742,0.062027801,0.009948648,1332.85085104986,4166.64562000433,2758.53833652299,1890.03772,565.096677111459,0.656890416673454,0.841654075884019,0.623861022268423,0.319531419448017,0.118677835276628,0.0120563028145464,0.00728775417935609,0.734642086,0.965330427,940.58931504,264.53877588
"838",838,2.32563610924197,18.8468544736903,12.8057647213093,9.001197945,0.844292972917177,0.036358452,0.05528284,0.087577073,0.076175767,0.061580822938261,0.009035363,1332.93459452226,4166.87444505511,2757.9831887014,1889.23215602622,565.175822852284,1,0.987962752482053,0.642322840968049,0.329384235432397,0.142023607780881,0.00101985181754999,0.0110147337660199,0.771672032,0.834252538,784.19300076,762.87531564
"839",839,2.47368480479595,19.266696179015,12.4590400286263,7.57377928757237,0.937289015,0.0465704856187144,0.051477301,0.076598201,0.075384788,0.069837707,0.009363667,1333.32405504846,4166.59298561654,2757.53414838752,1889.4555647888,564.993246926208,0.768413095897489,1.16958230241678,0.564732856241243,0.278385504355736,0.165337297485297,0.0027204036405072,0.00891194237479444,0.723268353,0.90196227,1159.64640348,282.74519496
"840",840,2.18559072809007,19.9970125370746,12.3856099159243,8.43914157352446,0.759646310242406,0.0391018465055037,0.0501349082440502,0.086686794,0.079244042,0.070250597,0.0078863,1333.13686029801,4167.34476167907,2757.99900508572,1889.7099113669,565.2123045052,1,1.03789848880224,0.670573093460563,0.283878949553302,0.148905267485048,0.00299198667027996,0.00913486620649736,0.708049248,0.910093424,327.64342152,347.69539596
"841",841,2.52523093246706,19.21341548343,10.2654036842104,6.60132004764454,1.10051221484713,0.05313569,0.054648564,0.076134586,0.068719589,0.061640332,0.01498747,1333.01297228772,4167.05855119557,2757.5358949987,1890.39637542933,565.236300501646,0.718515541134619,1.28209119914612,0.589069978682104,0.338130619325674,0.147482269632412,0.000890130159440578,0.0063149516500816,0.710976079,0.870247263,473.39060952,862.25213064
"842",842,2.7948008247057,19.0002337978445,12.3610984645691,7.85466107602604,1.06124796680792,0.0539218114707001,0.049160269,0.065593355,0.066557899,0.074928319,0.009653144,1333.0712159551,4167.19013244759,2758.96223313261,1890.52749559517,564.473685629442,0.59169092738661,1.34948794099237,0.480848673628408,0.210269523271284,0.117441591407556,0.00356633833820298,0.00727319754029577,0.801054486,0.809296423,1025.52281508,970.4178798
"843",843,2.93820394124869,16.6051200277905,10.1619745212828,6.50015054163188,1.10283333780416,0.0561711280502089,0.0589388261524771,0.07125526,0.067363658,0.070483182,0.016835563,1332.91272825459,4166.1591151035,2757.8490331041,1889.99723436169,565.0684066,0.492621782323793,1.10233787323068,0.546540694487839,0.297749754823199,0.124221774425888,0.00138707078434236,0.00792595026557922,0.715695656,0.88078088,211.05744468,580.06337172
"844",844,2.77658521112141,16.5222963860142,12.2537212305846,8.01024481948315,1.03037403834666,0.059490477,0.0559970130232808,0.053996222,0.048863487,0.069896886,0.032907948,1332.96781591361,4166.86603178867,2758.23191491406,1889.51932551601,564.939718257624,0.682883926732074,1.73902994925624,0.642666926315959,0.388655618247344,0.142165751893274,0.00233687232504003,0.0105861598218332,0.784727154,0.800463956,160.21179864,554.20571676
"845",845,2.61765413628754,19.7721525388453,12.0084471778309,7.03884243439595,1.00249136017452,0.046493342,0.0511800458629257,0.076609408,0.076760927,0.067702675,0.009685506,1333.13469600181,4165.875031,2757.98885348088,1889.57947682767,564.69286408544,0.695845073014428,1.1071603540411,0.636591613186347,0.269594853254272,0.130354465260943,0.00177025703724627,0.0089075386279849,0.725434475,0.820976437,64.264058052,858.09156756
"846",846,2.55956252009954,18.4154392314019,12.1212247620513,8.68082195468209,0.882526135641523,0.037982121,0.0493781918945221,0.080680156,0.077035584,0.070300915,0.006944392,1333.00186816087,4166.96374514455,2758.0688888184,1890.25502227536,565.193673086629,0.860056788367632,1.05926976359557,0.547303373814774,0.249412857322915,0.109880700298029,0.00250577275396904,0.00709533164203601,0.925751378,0.816272837,488.82786288,1066.81601052
"847",847,2.40777543133296,18.9727019010293,12.6613741658645,7.46291686304322,0.946887073431216,0.0467155561880034,0.053422053,0.077327976,0.075615796,0.067035588,0.0100114471052984,1332.96604256927,4167.2138030963,2758.59902987738,1890.39007800253,565.187637921785,0.749352281036419,1.04529362995144,0.567192037173556,0.303327387991261,0.115462251559876,0.00042875802239995,0.00985685369892078,0.779827698,0.842436207,819.50198352,695.91850836
"848",848,2.49795623561677,18.790561291581,13.1157303271594,7.39679095324387,0.930413543718041,0.037483869076966,0.051245268,0.08166,0.083561723,0.063483409,0.007769057,1332.69158322381,4167.74706905148,2758.080142605,1890.08586993554,564.76172803388,0.743866683964708,0.881957655458486,0.740032963076662,0.265528956990977,0.128998682917807,0.00160108518467145,0.00543817314404957,0.706937974,0.854637827,1048.86660912,685.62453348
"849",849,2.78185404387179,18.26672596,9.96361040534404,6.18292780503965,1.11690613781864,0.064006308,0.051929884,0.064827809,0.063349115,0.072136474,0.021450266,1332.8343835707,4165.94127721293,2758.39428474064,1889.97773492761,564.723203268936,0.540012752719069,1.4711719936606,0.579017861724752,0.25292787791478,0.0865067203621718,0.00348206214590277,0.00643171633309653,0.785858494,0.802720747,517.89203616,849.49572528
"850",850,2.40989875402278,17.1648771092525,13.8169496256029,8.536235975,0.872184859,0.029111494,0.051421691,0.089991638,0.09215866,0.061236188,0.005722822,1333.09557342087,4166.43730985333,2757.9183335738,1889.77869580772,565.06507034443,0.903842983169462,0.73955312890437,0.634648381567558,0.256272949841182,0.120689579674832,0.00171114838614463,0.0114411892679256,0.764413337,0.766291349,1199.93377992,957.61527384
"851",851,2.54169312756189,19.430397005786,12.4435780356741,7.18161749219427,1.07854470016632,0.050381739,0.052727427,0.073423308,0.073175975,0.064249481,0.0112209073751083,1332.95192843684,4166.32743154654,2758.13083809025,1890.33476557283,564.572053330817,0.666413708893047,1.12788424867374,0.636012834881683,0.288658917746251,0.112199009109819,0.000939556866173246,0.00846166749409606,0.842148028,0.768676045,410.86821132,1119.97665948
"852",852,2.76868836870523,17.7116914764164,11.7470743150027,8.21508990559424,1.12133225080127,0.050551704,0.052935752,0.068213998,0.062354315,0.06501923,0.0119760703897922,1332.88894684775,4166.77443485913,2757.4555876702,1890.1840476876,565.101075511116,0.639883450227051,1.28930432451134,0.617817051444331,0.258360536799747,0.0936252975370164,0.00226545175019711,0.00608696546444677,0.81044793,0.797889786,550.85712648,700.57593012
"853",853,2.66516959155033,18.7173108166012,11.0105519128316,6.32215510841203,1.40800990667178,0.062243622,0.0521336530958098,0.057154955,0.0563536405026074,0.0524738296044374,0.036027429,1332.94630347227,4166.59916729315,2758.06273651457,1890.50600292214,564.930036246824,0.708777739517414,1.89417738555627,0.608087298621985,0.40876238877995,0.0899494590387915,0.0031244076264443,0.0133235483579129,0.798922665,0.857520224,228.21630552,331.76047908
"854",854,2.31164940808,20.3400197818376,11.4811447185969,7.94139826931378,0.885200915659844,0.051053078,0.054718483644477,0.075407378,0.063702563,0.067309911,0.014814579848736,1332.71282679774,4166.76560382461,2757.82793514114,1890.17827914823,564.713718033394,0.571500318358884,0.874778685419897,0.668229325459604,0.360496536839286,0.111575065811141,0.00117951341276271,0.0127173728504062,0.763898528,0.898564944,530.20328616,380.01260472
"855",855,3.067835468,16.1625467391812,11.1514024917147,7.233218084,1.1786627686273,0.0620679553987836,0.0567329973490234,0.056691243,0.053581724,0.070315296,0.030858468,1332.08966089857,4167.42643282179,2757.91402327658,1889.51558944758,564.7882412,0.654136062137128,1.8097118874188,0.632109191994409,0.296157045744951,0.128673547957142,0.000373343100716075,0.00594303029468054,0.7786554,0.836564908,533.23101228,1165.98321324
"856",856,2.50995322240377,18.2784658860742,13.1893747202115,7.60111010386093,0.927777939427777,0.041518271,0.0539611105949641,0.07968533,0.079644606,0.066431009,0.008915993,1332.8209219319,4167.28973745203,2757.647563,1890.26341065867,564.732628551781,0.839355963909391,1.07901149219463,0.598551412712802,0.296692481324453,0.161197480422135,0.00135941117775822,0.00745693338726784,0.874860352,0.844513399,163.91700852,1186.1476206
"857",857,2.49325968187945,18.2008716633984,12.8105011279733,7.57438761489174,0.913174768,0.042319437,0.053889257,0.080068428,0.079482197,0.068019287,0.008840591,1332.90823259524,4167.0936867822,2758.1837195757,1890.13685511157,564.99236124382,0.79155871835368,1.02400385440437,0.623454561318895,0.290600845899233,0.161245894208877,0.00193903434144047,0.0141274804791424,0.829841366,0.853101872,79.07726898,809.32309152
"858",858,2.26305079097962,18.1110532512029,13.2503102805619,7.41713663612005,0.860166146707961,0.043669243,0.053579067,0.080360884,0.081156655,0.068677392,0.008751162,1333.31457779316,4167.65002483801,2758.01805499315,1889.7767517211,565.176653157987,0.937835374015557,1.10005367173558,0.553004502635562,0.304159954703575,0.115484806322178,0.000663749714122745,0.00669418405521445,0.814027466,0.804517215,655.5241866,1115.24961516
"859",859,2.41347348602052,17.9182143312429,12.7307240823384,6.90450720740619,1.0064672188541,0.050373879,0.054773967,0.073444628,0.075475474,0.065830248,0.011495977,1332.55836198523,4167.59972314442,2758.32441238617,1889.28483262829,564.824849,0.825843758541147,1.40134714802046,0.576663953276273,0.307359301720617,0.11958552486919,0.00571223958001001,0.00799558386055356,0.875479853,0.807438098,182.78253408,1160.99175612
"860",860,2.42122159101519,19.3596354904232,10.3623508219784,6.81748733932312,1.08082445287908,0.053035896,0.054264949,0.076362508,0.067702037,0.060891841,0.014520943135299,1333.13661181324,4166.73533937139,2757.73902209219,1889.44773453457,565.023649887652,0.686858232627428,1.16505977452186,0.584155785046908,0.339953652306405,0.161645150039386,0.000429144199777988,0.00698496118081286,0.736896495,0.873667174,73.194921132,1025.72658912
"861",861,2.68603062771989,17.2425486762362,9.76001726019558,7.03997122720029,1.06063442307534,0.051317373,0.057811234,0.079870443,0.069358643,0.066791716,0.012966311,1332.59278719685,4166.676946,2757.77776559001,1889.5602106114,565.375464473957,0.697563833331646,1.2218855866951,0.502675867075131,0.321242721394446,0.127277043333529,0.00112421391535322,0.00653932554253843,0.725949476,0.850097485,888.13238904,546.55047468
"862",862,2.58570425519769,15.9117268098743,13.9804800165349,9.04838082224711,0.772345948600897,0.021425878,0.0487910503988293,0.088548093,0.09253303,0.058607044,0.004816894,1332.73853321526,4166.67022634148,2758.05665686648,1890.39885469927,564.783847724542,1,0.660579588093469,0.63839566492912,0.22059725809667,0.14552451779832,0.00399405488421892,0.00826004042209559,0.740982377,0.89192193,249.01786776,348.85836984
"863",863,2.35899183557566,18.0032153149828,10.5460084479912,9.05091980872845,0.945229965007697,0.0424315480188729,0.0573255933323578,0.086702779,0.068827226,0.06107259,0.0106792222552505,1333.30746661089,4167.29986863938,2758.64223566962,1890.55863929682,565.1650047,0.652256701494246,0.82278650014258,0.674591431484266,0.336384802210809,0.115257448201876,0.00307857945020057,0.0111825419140595,0.75636105,0.786295163,745.42834596,921.19650096
"864",864,2.5547132895738,18.5957226511452,12.6206801319972,6.94215739224852,1.19144816978789,0.050781994,0.054183456,0.071456837,0.072841867,0.0588502568570852,0.0120064248829478,1333.09651553978,4166.47329496946,2758.26568583022,1889.92548701043,565.050797991292,0.664552804003516,1.15174186010394,0.575998955954475,0.303200105925284,0.151080409982225,6.87708882177697e-05,0.00770651133162367,0.911447733,0.826767459,69.800980968,1074.12163824
"865",865,2.30695809906906,17.332706438441,11.7383410320215,8.86752784388144,0.932259590721162,0.0409614382274795,0.0578786677567795,0.087246041,0.075058157,0.061833109,0.009404357,1333.31110633011,4166.13610543687,2758.56134013313,1889.40684657031,564.982395656918,0.893007405402923,1.000787288399,0.478786584030501,0.345383490428682,0.130550814257213,0.00197339414874535,0.012645711733072,0.893228572,0.851172875,99.761938608,1035.48411768
"866",866,2.36988392672971,19.3397401759927,11.5125891326328,6.58929421695489,1.00036808539051,0.057958636,0.054617307,0.067650485,0.064630645,0.065932266,0.02011939,1333.27551262637,4167.2132241947,2758.32832658354,1890.65316076071,565.037581326711,0.44510471972937,1.0571201957999,0.60764734629901,0.367081174705349,0.0943164733271144,0.00956672039742022,0.00614119589427404,0.815618409,0.858853386,471.38489556,498.1751946
"867",867,2.31588065230152,18.5737927611249,10.5209941615337,6.89383199927042,1.05135254919201,0.0506156428625759,0.0550523692581098,0.082391236,0.075256467,0.062467145,0.0112623020668963,1333.31843538239,4166.608357,2757.69552230721,1890.41397905672,565.139402968857,0.636190194803558,1.06826995549675,0.566055766498983,0.316586102645849,0.117872311555864,0.00663878618555364,0.00746236338612603,0.815372985,0.875625378,893.19983772,433.0942914
"868",868,2.72156882084918,19.5537411703106,12.3017221324705,6.7107829189023,1.0525630032196,0.049743313,0.0506844123398998,0.0719303,0.077189159,0.069568925,0.010000943,1332.91165932419,4166.557236,2758.03409841135,1890.38183934791,565.031354315929,0.643576830396078,1.19734169904946,0.648925819843495,0.246288812308,0.131168313172999,0.00319681778294751,0.0114138657274389,0.82438845,0.786352917,629.68848756,1018.42315704
"869",869,2.55727560256669,16.5733049199446,10.5131504314391,6.56053315713233,1.04385732617426,0.061106553,0.059854727,0.068783118,0.064067352,0.069320055,0.0213686216365149,1332.98387981706,4167.20376456132,2757.55390040346,1889.74982381648,564.949973454162,0.608975105931151,1.27702566354512,0.620204846559858,0.369491765350877,0.114325280926091,0.0020209845735555,0.00919021837749096,0.904989476,0.822978742,1174.93138044,918.57150036
"870",870,2.7178178620197,19.8166941197049,13.3047407412966,6.42912159921914,1.07846645638039,0.053550721,0.049437923,0.061680744,0.06998266,0.066974958,0.013751748165685,1333.23264072066,4167.32500372425,2758.5493506568,1890.0536253438,565.30616465307,0.67547853645074,1.43056462579482,0.605237330426607,0.259101910260514,0.104706597536429,0.00177504733144267,0.00627129395510384,0.749847249,0.815309647,1135.4271756,528.00527988
"871",871,2.41313992564107,18.5016996524929,12.4489528127031,7.6305782329502,0.836206415095549,0.042749988,0.056073177,0.084419946,0.080154144,0.071170654,0.009276103,1333.04345006536,4165.89941702337,2757.96900487384,1889.8789370435,564.93784799984,0.759579553736029,0.903143446002085,0.589390563270537,0.319929710794541,0.108986464443719,0.00100430151117546,0.0136723842232446,0.732668311,0.779395336,396.45470412,904.84532868
"872",872,2.2368991372361,17.4092128948881,12.3480082737253,9.222939568613,0.94233436817917,0.030234234,0.053152666,0.09559083,0.09002118,0.057369915,0.005807966,1332.6895029299,4167.21056092727,2758.03934396588,1889.98928565282,564.939526869094,0.774964802276238,0.606798701805222,0.594429809630661,0.27265711021855,0.125875105443776,0.000109213043844598,0.00746541378776939,0.775571757,0.899525267,823.53223764,489.01447632
"873",873,2.24351062822343,18.4259171406662,12.524185624421,8.45313083849964,0.792227113480404,0.037740485,0.0526853654693065,0.088855632,0.084437413,0.070320482,0.007015903,1332.7018738521,4167.65820472349,2757.73055858116,1889.2891875346,565.1688885,0.828063390148763,0.825549887275041,0.519296417827473,0.288325294656152,0.143396048648041,0.00212811529712476,0.00685941386879893,0.794443074,0.817225201,1099.1368278,989.1123066
"874",874,2.49556036492119,19.5053798609487,12.4577919780053,7.6398358196784,0.966556755074452,0.045944454,0.047533444,0.074179826,0.077085966,0.071512742,0.00764027,1333.67844059493,4166.66067257856,2757.90335042952,1889.7074123787,564.926081006879,0.602120605733926,1.09804922703764,0.584284228375465,0.223167588368359,0.133914307579846,0.00833968079612465,0.00767987583236606,0.907912793,0.826853724,163.96431876,338.34953136
"875",875,2.87612948221347,17.9643498562517,12.2460772098991,6.8366420654494,0.90962228080137,0.0608071148905211,0.049892951,0.05026014,0.052406235,0.082396947,0.032583464,1332.84950280668,4166.98116916224,2757.44189507331,1890.18659106394,564.841614656526,0.725066217188175,1.86019998283015,0.622709778422905,0.299979847208242,0.140247930107799,0.000290835048200876,0.0116903487316036,0.88904098,0.78050632,648.6465564,1022.6762658
"876",876,2.7463452443062,19.2733716688272,9.91548264460055,6.58118521234103,1.13655697315853,0.053066908,0.053288113,0.074997186,0.067782098,0.06352996,0.0149971407373742,1332.432555,4167.67521028413,2758.58676452168,1890.17350120886,564.556972906616,0.478313098198598,1.08674172728251,0.597348835480249,0.290836902429476,0.106164065790327,0.0073781739247252,0.0100928277822845,0.800883975,0.876745005,684.97778376,504.20468964
"877",877,2.04932157025128,17.7807090981312,12.7373789056979,7.97985558703376,0.876742595393069,0.047710613,0.057445693,0.077759509,0.069365433,0.061605747,0.0126670772637454,1332.93021257203,4166.83970212693,2757.58300015674,1889.99021171434,565.382804788882,0.660498270312915,0.850412782270666,0.663145433733247,0.367914121284178,0.115145094469268,0.00385307037286036,0.00756264617559786,0.821051338,0.830649338,112.858376928,1109.01589992
"878",878,2.48456856488646,18.61811006174,12.513229165164,7.98333943,0.913379381846453,0.0447825742150287,0.05510205,0.080089423,0.075151411,0.068900605,0.009887809,1332.66514151365,4166.60596026428,2758.225008,1890.32517730154,564.952375166645,0.671399134969357,0.929773523839185,0.651751630613267,0.305365730026031,0.151376794068658,0.00162563421283045,0.00918363680745275,0.836872344,0.903852737,668.06731632,353.71576596
"879",879,2.76231537267721,16.6869935327873,10.14241796,7.50994067633465,1.05051123814874,0.052017673385997,0.058049338,0.076830627,0.066352938,0.069394911,0.0132783848651864,1333.06886778527,4166.41543657664,2757.77640654259,1889.97331343298,565.102621984415,0.790771377280508,1.50023222028104,0.680073578976261,0.298899156295279,0.137169782457269,0.00238681156792524,0.00687390912505045,0.776934424,0.860035451,820.10676468,549.24309444
"880",880,3.21759513261044,16.5864637488192,9.509669093,6.36127944077274,1.20878778076416,0.0517643494511786,0.058212433,0.070845596,0.064230523,0.063454935,0.0200508393219552,1333.08550379374,4166.60658187809,2757.78633051084,1890.25897486636,564.980417381987,0.586431565227559,1.41214181235203,0.614547204041542,0.309185028936851,0.115358194883981,0.00380313849924113,0.0105833558223061,0.718633042,0.834782724,359.87088588,1176.26365884
"881",881,2.31357159896673,16.9275863820674,12.5245460768494,9.41869292161572,0.683669999053307,0.0346595823896299,0.0545256635638849,0.083476515,0.072501878,0.069212803,0.00904691,1333.22669172531,4166.44926527957,2758.58002867954,1889.03909546636,565.1195380796,0.801782911112632,0.902855474446722,0.680593192301202,0.300531672363247,0.165252384484878,0.0107997000310101,0.00761102788234303,0.820624465,0.843947018,63.218481504,740.85782616
"882",882,2.26499381571564,18.511001229678,12.4108384686995,8.09043739713871,1.04304030800976,0.04246998,0.049340538,0.082650987,0.083589185,0.06363241,0.006597809,1333.15965594065,4166.80954623221,2757.79709415469,1889.61441304733,564.845911439051,0.859430630457561,1.03546219188212,0.61431182101578,0.250566700062319,0.139457390320926,0.000276619442595536,0.00561106799052459,0.755112975,0.801599288,573.92996004,1156.37626884
"883",883,3.25492374414419,16.0374754100797,9.59859554023991,5.19753130850579,1.15819898060119,0.056894648,0.054598706,0.062134064,0.069242489,0.070382345,0.023615374,1332.90303077937,4167.06383175817,2758.08171500354,1890.35104342216,564.830068922602,0.528117383007266,1.46608260312481,0.669966644663644,0.218974994613096,0.0959287435417657,0.00279449994868244,0.00765864363661001,0.723822655,0.892246179,906.54957912,323.48755812
"884",884,2.43706226545154,17.4262899150735,10.6147578840946,7.72992109045732,1.01757006303378,0.051143607,0.056304254,0.075690788,0.064865711,0.063843824,0.013315405090933,1332.61216366393,4165.94910184027,2757.65042214152,1889.6512200478,564.855218920443,0.660942300685736,1.0905570821049,0.530342094729699,0.331730883412139,0.0991917751681964,0.00136563075107516,0.00552630850169189,0.859508471,0.859554676,1123.28647212,962.9084046
"885",885,2.38206031955449,18.5889953492021,13.0096595155946,8.021984362,0.809440683032953,0.037330304890522,0.05072453304492,0.083411495,0.084765552,0.071491359,0.006662657,1332.64654923318,4167.50349353364,2758.23194529873,1890.17010775941,564.771087323097,0.649693784169967,0.690901012708708,0.63990047023346,0.255429716353612,0.135300111580786,0.000461784495675407,0.00872372219579327,0.702700641,0.836234343,756.73834236,608.63544384
"886",886,2.44820409763504,19.6448851823271,12.8694466905942,7.13407850044555,0.988069624146644,0.046778935,0.051561207,0.07528662,0.076688886,0.065534647,0.009809085,1332.40210639492,4167.23749331951,2757.62777114021,1890.61131974441,564.8220175,0.710640546344536,1.03652624146357,0.591051456914941,0.286149465778464,0.101370494179984,0.000177170211798221,0.00831768121485489,0.771784763,0.784954177,585.6370206,816.18303108
"887",887,2.15703975894651,18.154901477165,12.2315025906117,8.8959481452051,0.941089893139184,0.038816140553308,0.055534726,0.078961522,0.065288925,0.05197922,0.012132349092695,1333.00529846247,4167.49018377769,2757.37578589615,1890.30968554187,565.0575274,0.780492548064711,0.952513589708847,0.603448468560872,0.362042774441977,0.136126954209104,0.00667480949122011,0.00683367138055229,0.81330165,0.822838177,370.64667504,559.68638736
"888",888,2.33367168307449,18.1339823531956,13.1141884679541,7.55248446084344,0.863920791121227,0.0403301883038902,0.0549637634760408,0.083554722,0.081774918,0.065957036,0.008705158,1333.02632357834,4167.21165166511,2757.45521459834,1889.84340012956,565.059270873369,0.869843174209683,0.950614728915456,0.565667725197916,0.315312553752174,0.116154811789334,2.70552560985269e-05,0.00738705319100224,0.819247949,0.845525645,617.98426884,1001.445843
"889",889,2.54306499302677,18.0179352844558,12.838776076643,7.08072784078869,1.00121970602732,0.048171339,0.055237824,0.073701049,0.075031361,0.06628314,0.011076304,1333.65397941086,4167.204843,2757.74718993133,1889.98690604846,564.8418813,0.742789695119323,1.13300569212792,0.576281703996898,0.307859790856501,0.137462887044675,8.33603888117602e-05,0.0134083742952268,0.78248813,0.789934845,640.75465668,1000.42803924
"890",890,2.90344175151224,18.8705041579221,13.3318285481879,8.30995876689625,1.0826494212937,0.033720514,0.040625703,0.066775793,0.078539246,0.067363579,0.004512147,1332.90834313655,4166.84666501535,2757.84145673385,1890.01414745588,564.93500249318,0.818157943737439,1.15786695611053,0.563486451141029,0.164521298668419,0.132089740769681,0.00206626092607914,0.0125693014377416,0.801313825,0.859118035,266.22062796,761.51521668
"891",891,2.54270182665133,18.3824062656722,12.5412519975203,7.46150159751699,0.901343411721728,0.052732364,0.054453709,0.064168415,0.06015487,0.070539718,0.0180836738692604,1332.39523460283,4167.40748595794,2758.32574632333,1889.89390787403,564.541153688389,0.748640704548832,1.37826159903303,0.610081280688045,0.352793672469043,0.118925876539004,0.00225636833155618,0.0085858340274437,0.801461883,0.87582884,589.82725116,1013.4803016
"892",892,2.69152933220523,18.2035803194401,13.1922185310161,8.10197394675092,0.847242909973696,0.0313960273435551,0.0514009328638374,0.084706947,0.083975131,0.065289264,0.006849238,1333.17408277622,4166.44827381152,2758.44675721065,1890.08666174453,565.113202398835,1,0.987253502933042,0.564115284404514,0.27038621794504,0.119747010873836,0.000351632638032807,0.00688539687248549,0.806365239,0.78653776,600.52127628,764.822466
"893",893,3.09313134439549,17.80742229,10.0422877918094,7.09915823469784,1.1065519643918,0.062522074,0.0487722905293034,0.055808288,0.050097786,0.075101157,0.0352362370968268,1332.38083310662,4166.9788731172,2758.47062953205,1890.11354490688,565.258228318096,0.62746403651751,2.00096392559159,0.548213241056843,0.231820922049088,0.104061131175126,0.00231970977595396,0.00666713904367406,0.805241958,0.831408767,406.44274176,1031.00508948
"894",894,2.40522289553955,19.7285054960185,12.8254162922773,8.51512926127065,0.929746119,0.037717528,0.049295353,0.080586227,0.076053744,0.062017494,0.007769128,1332.67595926342,4167.30259574775,2758.052876,1889.566714,565.124184562133,0.737720905668926,0.869732118844403,0.614111360142061,0.265765644462533,0.0976636201131242,0.00215557089826781,0.00836460870329173,0.721629567,0.97757036,798.3634482,206.04579012
"895",895,2.44953373830783,18.3636273269037,13.3916506677137,7.53447346350178,0.895208002157722,0.0417664919339522,0.053235304,0.078915575,0.080103329,0.067731964,0.008820653,1332.96517955302,4166.86533005214,2757.45103304915,1890.04477880932,564.939071437784,0.727345414236917,0.970002441521868,0.635183639040911,0.286485841063896,0.132864139714675,0.00391234795467164,0.00718815818749177,0.747749785,0.870076345,453.31199208,521.76297696
"896",896,2.4430883511627,17.5453923672065,13.5870409322198,8.07196279214047,0.81380101566757,0.03511571,0.0548108839826216,0.085961388,0.083614086,0.066338823,0.008124827,1333.25892395298,4167.48914247402,2757.77065255915,1890.31526988802,565.018253599326,0.933304437550745,1.05968483169982,0.622076139317514,0.298803016541866,0.142220006422028,0.00850499129743872,0.006628311289132,0.820656,0.848335987,581.65372992,1005.8267994
"897",897,3.03880226029979,18.2914544075055,10.2397928323041,6.10580730922762,1.20082738583288,0.052371393,0.053967268,0.066190492,0.064239477,0.0612015668619845,0.0218975279007168,1333.11399566153,4166.4065638229,2757.94427304387,1890.73117106131,564.942930722312,0.399705832539957,1.16678150728117,0.533377288064274,0.314981987009428,0.0960801784215421,0.00895020099966239,0.00724352713505548,0.892497356,0.765988841,114.852343716,950.81244288
"898",898,2.24525129618622,18.5294982957393,11.8254191969438,8.77237006462252,0.937271580871962,0.046379345,0.0544983099683394,0.080500693,0.069356017,0.0637833,0.0105957302068119,1333.10366220762,4167.18036163053,2757.55291473811,1890.39159401941,564.957135229155,0.591392952773902,0.892442634133335,0.665551397707378,0.310570138885365,0.14776998199034,0.00774975948771428,0.0100012786433108,0.866688515,0.831749979,151.80550476,854.6359692
"899",899,2.79677263432633,17.497504317012,10.8028655180292,6.73111062365069,1.11637641801065,0.052219639,0.053607502,0.074460594,0.07511937,0.070061636,0.0102501474290616,1333.00306702437,4167.58769840227,2757.89773805146,1889.72750540918,565.234478661031,0.783586112427023,1.70980414499165,0.651398894085518,0.238323600883375,0.163943872228474,0.00423177757476302,0.00646172531962238,0.844028084,0.894988002,533.43763908,500.89925004
"900",900,1.94476824173176,20.0927666905777,13.0905488745803,7.212234162,0.720205059891719,0.041059875,0.054401152,0.080386297,0.072226321,0.061743710846622,0.011855411,1332.65019238979,4166.20084780766,2758.6995711042,1889.67620591275,564.662599560729,0.866748366696303,0.878432609483072,0.588935578786261,0.372557170976705,0.143244659525173,0.00309190453144068,0.00548971017992889,0.781363017,0.774725514,500.07441744,897.65471712
"901",901,1.99464011126047,21.5463683,13.4439753343207,9.026177789,0.879174917025148,0.0438926034895137,0.05328872,0.076920446,0.063939909,0.0557332812017589,0.0130293463988,1332.8366872161,4167.71021595378,2757.46481670641,1889.98841584409,565.254157282519,0.804430633658748,0.930538704524588,0.643053354871857,0.377219097457916,0.110649890760337,0.00139457742349312,0.00673634386171442,0.716519232,0.896741322,231.76119456,512.08774608
"902",902,2.72398999394648,17.964653170056,13.117015435661,7.77002834047181,0.826710769,0.0309122677469091,0.0463662988579884,0.082274424,0.093875695,0.075220038,0.004877391,1332.96103288488,4167.00765165357,2757.14400682972,1890.01047763511,564.951877389387,1,1.00230731935082,0.615656022528778,0.213257681186205,0.187984193399276,0.000760412454999559,0.00810863309124065,0.708102839,0.768262011,592.40513904,1017.40978092
"903",903,2.47641710545352,17.4323163408271,12.5892866473459,7.92188247926054,0.894546727,0.039837668,0.051209839462918,0.079233305,0.081173471,0.070153536,0.007055765,1332.5021940698,4166.15808434737,2757.35899151039,1889.56374730318,564.791818284514,0.665239216002596,0.856865991730601,0.628789239887181,0.247222871398008,0.123267955125617,0.00326443730036871,0.00614446460561737,0.92029639,0.860940617,572.532237,276.44628048
"904",904,3.10324148089203,17.214218381147,9.58012799625235,6.73005269740232,1.02825511514629,0.056541647,0.0592594887462513,0.072736154,0.063507321,0.07678392,0.0207672756752317,1332.94127119884,4166.8317023248,2758.56740387065,1890.37924550875,564.99889100848,0.524374765510861,1.17264947390272,0.592893034050156,0.325248589130456,0.115969156641309,0.000238318242838008,0.00849535558050888,0.805825489,0.870125582,776.84177388,607.37775948
"905",905,2.80241500318947,19.1810155353051,13.5646447870285,6.52344376783307,1.05733393846845,0.066123878,0.045086433,0.0431118693604439,0.052127169,0.074847541,0.038803119,1333.50584883979,4166.26468916685,2757.64214185872,1890.15764336392,565.008533804629,0.450592185014705,1.46409971869553,0.583228000236981,0.239479843747882,0.0971654989787439,0.00119971465959978,0.00780419945552968,0.767799952,0.884609702,949.18610664,598.12496616
"906",906,2.54469416224557,18.103982237265,12.811826721467,8.14093214997946,0.987715149489633,0.036615837,0.05115262,0.083569565,0.084140697,0.063718434,0.006825748,1332.83469067183,4166.75338365404,2756.94177725653,1890.12529011582,565.186079609938,0.827616678300869,0.982233358085986,0.604074993541328,0.258684021875272,0.113912258557539,0.00321465638913894,0.0070101154930405,0.784420523,0.829064454,780.03455172,594.14311428
"907",907,1.9752472694823,15.2630651222636,13.5509545791412,8.64893680121909,0.91465668285097,0.0344279818290367,0.058695434,0.097602937,0.096313433,0.059338692,0.006293366,1333.36399357044,4168.10809741209,2757.65322275212,1889.8809582763,565.203201748004,0.731838114116722,0.577128343539389,0.559183235889166,0.307114887258716,0.128791645216811,0.00464831528273195,0.00719522570853086,0.75516563,0.822819721,1034.67725064,997.01429364
"908",908,2.09178047539431,16.6965345183373,14.3606002300991,8.04311860026786,0.58386352880763,0.0336149675690912,0.060152275,0.100218635161814,0.098328291,0.078818849,0.006728944,1332.85156300613,4166.5078451223,2758.16405848222,1889.90958024507,564.887944408978,0.923152087487788,0.624686022403501,0.521629585013611,0.334586092771244,0.110334515102689,0.000345538211078412,0.00998008614717374,0.726748936,0.864052838,722.2406208,554.46707388
"909",909,2.42394929537057,18.5715505013596,13.2252469630773,7.65831826944405,0.892373503137703,0.0420371420297693,0.053634081,0.081823458,0.082295589,0.069016363,0.008449371,1332.9114052215,4166.58687764436,2758.61401819731,1890.26874048188,564.681494397175,0.701652563380301,0.917479179271455,0.643382842020764,0.28663949374468,0.115503018971112,0.00416126962618735,0.00618092374921215,0.710700541,0.819697377,787.89480984,918.91798452
"910",910,2.21336760114799,17.8271739680437,13.5651573958928,8.5379398025905,0.964089425418119,0.0333301808243907,0.051249545557061,0.088697401,0.089963565,0.058984682,0.005929787,1332.628237,4167.18611889911,2757.88472420579,1890.15093216785,565.102916274935,0.728133562549905,0.651891860767217,0.586610150139191,0.262802870405201,0.137600997867298,0.000789944782716641,0.00887604237941948,0.863047712,0.80532903,766.44215676,704.6198004
"911",911,2.63881077208711,17.6457108006112,11.2864157718195,6.37833546198154,1.03971402886726,0.058372316,0.054875219,0.064377705,0.064822382,0.069255543,0.0193997158839641,1332.49157906946,4167.15608422863,2758.18543921695,1889.59254354233,564.7970004,0.647215450538475,1.483195081496,0.6419845547375,0.313560142449392,0.113666013215869,0.00456166860006872,0.00869761139573987,0.733650322,0.867621276,437.48120328,508.33994316
"912",912,2.42461140510489,20.8650683126871,12.5087915006359,7.59606797296312,0.847942609460307,0.054147615,0.050998917,0.064795627,0.0592883474698317,0.073581069,0.018364543,1332.88554009477,4166.74398879349,2757.67233801265,1889.89531878852,565.195529732688,0.739673912256522,1.49514664536689,0.556704687142176,0.351973754076777,0.12701581367968,0.00614968754506585,0.00796441648071949,0.74203763,0.956914137,839.94189984,224.80369464
"913",913,2.10507062511848,18.4285160016442,11.6810854803829,8.41072359093828,0.975148142,0.048292482,0.056111215,0.080922276,0.068696066,0.0593924264004779,0.011904059,1333.0023530784,4166.45471138301,2757.7011295301,1889.73479289705,565.156668133801,0.713061473537086,0.964918623298255,0.665040674540824,0.349702109225905,0.103733140804221,0.00444652499184078,0.0089448426130534,0.822213382,0.834382096,1144.1953752,527.50339692
"914",914,2.69900512099384,18.4337993595238,12.3147672498049,7.05626461232832,1.12864704037803,0.050890087,0.053263454,0.070812809,0.072851928,0.065037212,0.011067965117239,1332.44603637575,4166.927285,2757.86879016764,1889.99485136772,565.0680526,0.62834269492809,1.1871954853846,0.572834620140997,0.267991107093192,0.120665614089203,0.00351135166036883,0.0169238578951581,0.89863708,0.846332432,206.39456652,762.08232348
"915",915,2.55168437216678,19.8452419076555,11.6451322425893,7.05227176287424,1.00053098286642,0.048863067,0.051282318,0.076830999,0.075436219,0.068648142,0.009964686,1332.76620503003,4166.71859781732,2757.82021832833,1889.86589007322,565.16835691448,0.689284142138443,1.08923285484638,0.622361011297193,0.272806434279128,0.130388842262998,0.000100626990462694,0.00869515451842914,0.830482371,0.837929233,425.9990166,330.74484096
"916",916,2.5540880017869,17.1126997576206,12.9404651605047,6.5948726832863,1.28795795486608,0.051291642,0.053746914,0.064383914,0.06943575,0.0538148118652628,0.0135994855615256,1333.12552345173,4166.35016093012,2757.35111168815,1890.22361568583,565.033816691962,0.776756896636581,1.5821749464548,0.611372819827311,0.293110485210215,0.152713617545774,0.00246961366547545,0.00572786620297635,0.86727169,0.804674781,597.14798208,1195.92496932
"917",917,2.48489101260278,19.7216162200484,13.1743686896931,7.75609507284094,0.941043424392717,0.050920473,0.054675282,0.068907883,0.063896801,0.066762157,0.0161753681437769,1333.32410203008,4166.65773680126,2758.05391230647,1889.89150627461,564.988118723195,0.867575291033115,1.56862899133552,0.555041714128608,0.36755071482373,0.129085314579039,0.00699043184090398,0.011604720758457,0.812803791,0.830398568,1009.09355232,1122.4605378
"918",918,2.35066309807218,17.7605563204879,10.3659889514645,7.53822562476576,1.04917956605123,0.051029346,0.055323291,0.077483561,0.066383643,0.061165473,0.012762987,1332.79995188753,4167.91410637003,2757.92356787671,1890.42864417205,565.201289650086,0.644044560577196,1.05181973135075,0.590179877438402,0.322125482156672,0.0930839268149276,0.00345419533270567,0.00943783181473291,0.82558875,0.784834377,190.17675108,1083.55519656
"919",919,2.23099032789979,16.2435067450913,15.2243169228127,7.96719201087444,0.845091345818015,0.031439903,0.053681434,0.089900005,0.096001793,0.0620165778109662,0.006196508,1332.93470369103,4166.7339615068,2758.31085519729,1890.32694742215,565.005371567388,0.997370218158232,0.831877170569404,0.646097162434222,0.275432695957004,0.158146982680134,0.00405283082235712,0.0075272666085524,0.789188987,0.879869239,443.08458684,435.14240028
"920",920,2.34175703134574,17.8145009600313,13.0667356666677,7.62237722335833,0.888805576916385,0.041386243,0.058866162,0.084335181,0.080319395,0.064007196,0.009685008,1333.47140993363,4167.62487225227,2757.59405102048,1889.87649855498,565.086249604607,0.470712734794403,0.565588604640324,0.651251866412112,0.329766036411157,0.0921567310644243,0.00251209527578752,0.00627424226648481,0.861994499,0.809988177,491.92001988,966.88794468
"921",921,1.83908242507865,22.3251533113961,12.8801612663481,7.41515331251059,0.659953391413195,0.045274625,0.055762671,0.082144372,0.070184734,0.066754136,0.0136856785700916,1333.40048258585,4166.91640109873,2758.41927855136,1889.24888604215,564.815808822224,1,0.988996488487721,0.630931945056489,0.421350007682041,0.148648727925066,0.00249384277863916,0.00801929572330938,0.826136198,0.815866511,209.5934214,576.61686792
"922",922,2.69929054582864,19.784521924512,11.6604282988099,6.80043346543392,1.0056487518272,0.045880514,0.051005995,0.076583534,0.077722244,0.068549322,0.009239487,1333.18095589327,4167.76841285842,2758.54448935005,1889.96168326847,565.41511262618,0.584699394575573,0.928573523405754,0.527872828063442,0.263734817748861,0.160458953473879,8.62138069523015e-05,0.00875384393580181,0.749425741,0.787690102,57.27860424,1084.21835928
"923",923,1.563326966,21.8496691090156,13.9994438695321,9.22536726109261,0.560007813549134,0.043483315033569,0.05251527,0.092887635,0.08114105,0.075482107,0.008406958,1333.13583897295,4166.478796232,2757.47990996408,1889.94632994546,564.7449743,0.936241512794834,0.703838516619589,0.619593918372806,0.337551701092193,0.141050392057831,0.00146708969002746,0.00749678061067295,0.825257841,0.809152454,619.37690556,976.12186596
"924",924,2.52629995567864,18.4928012349472,13.5713694078473,7.7032509253059,0.954244005,0.0383395968880149,0.049226075,0.076428337,0.080368134,0.064227661,0.007609654,1332.79346348884,4167.13437205129,2757.72653887218,1890.11641391821,565.26226536967,0.781154989367068,1.09658152307573,0.595373049455654,0.244705662810768,0.112326044148699,0.011689680637096,0.0114007049507582,0.916312541,0.834190244,537.70642848,932.0706102
"925",925,2.64555411216133,19.4639300579367,12.3284594931247,7.28962531419105,1.09489896069838,0.050788004,0.0524496620984543,0.07346665,0.073489609,0.066460604,0.0108711235745144,1333.02750659159,4167.10563856496,2758.84602499949,1889.73013366228,565.100630459353,0.621590942821123,1.1706845925042,0.640402276315298,0.269881364131009,0.0970215677924494,0.00466295302838627,0.00931878018798626,0.713145931,0.817917748,229.975089,1095.55304424
"926",926,2.3957067424098,15.7966108862391,9.48538414847227,6.47595986940514,0.987001286237505,0.069164371,0.060186354,0.070574769,0.063037229,0.076576178,0.0222740702388741,1333.11330026948,4167.13444154753,2757.66512212203,1890.13725147337,564.716111681472,0.803651408832315,1.67752317256719,0.620857445482529,0.346623395684304,0.0988270618742194,0.00108744982844918,0.00730750073262527,0.835566967,0.879995301,317.61310752,494.13210504
"927",927,2.3293925914624,17.6156038395101,11.0076164066183,8.8251832316836,1.00822814509482,0.0467328,0.055409549,0.080055652,0.066214205,0.061118939,0.0110898216070791,1332.94591002516,4166.737013,2758.05919004566,1889.58737939042,564.93026742722,0.786045130852296,1.11141165157451,0.656453693250449,0.320288722892935,0.13196334218061,0.00155825275354506,0.0081401341840154,0.738328252,0.837693316,895.01012868,509.2718052
"928",928,2.5882096110499,19.5460305566592,12.0684917713086,7.06290613186575,1.06297912222513,0.049268709,0.0529715866982392,0.074412047,0.073046347,0.064346182,0.0115552658732041,1333.20952297853,4167.34030994391,2758.78951803081,1890.22190658957,565.109267592362,0.54862132776795,0.989810502215435,0.690050183159018,0.28656860326877,0.136605764813812,0.00334446048077258,0.00871876624184078,0.900093023,0.807015054,502.33301652,846.94273632
"929",929,2.06058795225407,19.0196673023323,11.3548520904643,8.12366958080926,1.07378822859587,0.0514201909797695,0.054976371,0.080820668,0.069642341,0.0574009890475721,0.0113236552388437,1332.75276974779,4166.47725590227,2759.30285553652,1889.25069690069,564.974503984936,0.543832754869504,0.78786090290649,0.491841506964389,0.338966739042858,0.079494029104329,0.00330372133689324,0.00839919656547805,0.736172486,0.888255034,1196.1522294,366.8083236
"930",930,2.59853437517823,17.7281998521401,12.5852743714316,8.17332227046957,0.935717379445282,0.041649067,0.052899034,0.078306056,0.076865436,0.069393484,0.008030399,1332.7692864883,4166.91917913852,2758.12029062625,1889.75486101443,564.929329869446,0.698244087331586,0.935584200405372,0.624152495471084,0.261817310750986,0.139711054103744,0.00432197666860331,0.0751615487806202,0.854626633,0.823210336,105.480587508,615.15362508
"931",931,2.93275592237456,20.0730152683908,11.691869423767,6.7947140480818,1.07659117960735,0.0510509221024036,0.050128782,0.071041424,0.073373707,0.07177236,0.0109626776514285,1332.82056573285,4166.74749340683,2757.96106751079,1890.24664801182,564.909379086778,0.757822979637505,1.49005068019933,0.65913682783419,0.239053364378881,0.116518095429608,0.00075591145726334,0.00998965925274978,0.732778292,0.740691163,56.57999076,880.93847124
"932",932,2.53984055275898,19.8023441327926,12.3947781831212,7.59584188530807,0.958241741,0.045329147,0.0485801600454807,0.075787835,0.077358895,0.071354792,0.007794218,1332.55840493798,4166.63141896885,2757.90574047844,1890.18418133174,565.21935545522,0.6944988563884,1.02772187351336,0.569444980525304,0.242317776234739,0.147980904452716,0.000366244081556686,0.00685526041438723,0.757797812,0.824865415,1055.96831004,1002.86381028
"933",933,2.541677791,16.7907563573719,10.6793732370134,7.75483419112728,0.996141872229746,0.053083501,0.057249674,0.074194481,0.06442674,0.068831008,0.0135160735949139,1332.65911896171,4166.42082288636,2757.4540947195,1889.87862022253,564.673494627405,0.73866438550995,1.27085832418749,0.64618113417096,0.313313336111893,0.144657496594159,0.000532592455707606,0.00661380635453325,0.978112994,0.956173161,26.663832036,260.29195692
"934",934,2.88073448394237,18.0163675298056,10.6543369393454,6.00482504548126,1.08782958737866,0.0564706013321825,0.0529212324003321,0.0616462545861127,0.062522382,0.067074041,0.023399242,1332.82302555637,4167.16789001886,2758.32031659192,1889.95688430635,565.069672914871,0.620115052557384,1.4210988168335,0.634072928250763,0.311304827386789,0.118243097927643,0.000467198203431916,0.00872845080636477,0.740416542,0.911827574,647.15672328,518.09615196
"935",935,2.15797799577237,18.3742083784109,12.0299458472538,8.082151295,1.0699228515324,0.049533408,0.055853868,0.077942631,0.068345865,0.056536724,0.0124929048824415,1332.66741433519,4167.29236238626,2757.91097127318,1890.05681410242,565.317399666407,0.78080599044297,1.12904833399922,0.668128764235339,0.349993080965043,0.10327143945039,0.00357974016630102,0.00916990764417045,0.826996465,0.85846944,82.459288944,408.37961748
"936",936,2.51431902639987,19.6041251710708,12.3653983409368,7.160189042,1.03447264608816,0.046574388,0.05152424,0.076279743,0.076007719,0.06413305,0.0103794490641874,1332.65751203221,4167.30384641608,2757.7736232969,1889.46922827012,564.968178042322,0.634568752123917,1.22672301180201,0.658753310966903,0.275891963819864,0.129580944093587,0.0103160536077052,0.00751323559908645,0.824699475,0.791764279,170.76274116,1058.07404544
"937",937,2.33596043062395,18.6529739214722,12.7359602820493,7.83394888640434,0.920324378125011,0.0461651455216503,0.055227853,0.077401135,0.072496706,0.065302469,0.0107877667337044,1333.02307314731,4166.33716295033,2757.71571828126,1889.58765135403,565.173695502706,0.54937176431393,0.772437104096814,0.550032578982372,0.322953564500606,0.124872864692375,0.00165154850935934,0.006171957394402,0.774825297,0.83641851,319.083918,399.13727544
"938",938,2.72584619428775,19.6273042592471,12.0587084171702,8.0231230537293,1.14621415795559,0.0517217291834343,0.051197332,0.072265577,0.068221705,0.066303727,0.0106614270925341,1333.2720468808,4167.19934932413,2757.62845022094,1890.36185973669,564.796639644032,0.883198657516336,1.63598313326575,0.589243966448087,0.261616323103494,0.138073747466537,0.000359584041245357,0.0108986776464053,0.795694353,0.8686018,1021.99516272,1019.9889126
"939",939,2.17683474970145,17.1715148228316,12.2529619973904,8.37497297151642,0.953437407474147,0.05064548,0.060523118,0.075077957,0.063799718,0.060323823,0.0155648434820789,1332.85561625966,4167.93726142891,2757.74522859829,1890.24165778482,565.294083787473,0.639998440629343,0.924479942777326,0.598244020302221,0.414751532638547,0.141621308213742,0.00161880836702558,0.00665425879373609,0.775642717,0.868779278,162.82258392,676.9234536
"940",940,2.01739232973785,22.1914802036993,12.8875542398444,7.74052477038354,0.684076516150523,0.038345834,0.0516142538294803,0.08191997,0.071464374,0.063658036,0.0107016346157291,1333.24314055194,4167.50522030677,2758.4567874067,1889.65637034507,564.752615856348,0.825189830780071,0.79893708937508,0.606032259161679,0.341570982221803,0.141788881207467,0.00261384591822687,0.0068657351355952,0.824971897,0.809893341,284.90961108,1058.1483714
"941",941,2.68291660130556,17.7729500827673,8.68374588010041,6.20496342315461,0.850090969326482,0.064088666,0.0560061360398794,0.072885214,0.062435821,0.088749256,0.025052561,1332.60365570821,4166.18595461257,2758.04064774881,1890.91409781214,564.963071066702,0.653968621457149,1.41438729699714,0.561342348317216,0.344670980824957,0.137781733429646,0.000844865569538751,0.00642519096827229,0.793021442,0.757815303,214.93581336,1060.26819684
"942",942,2.64947917231688,19.6087813601525,12.1153545684927,7.4413926212044,0.993609294730544,0.047479875,0.051952932,0.075217885,0.072753666,0.068751744,0.0108648188815306,1333.73055364656,4166.70709878442,2758.13904978794,1889.27231143698,564.766533493811,0.635944188128731,1.30652846995322,0.610250520992272,0.277175204618575,0.149080080792129,0.00904033002915276,0.00814112929669816,0.778017862,0.892220624,891.44426184,445.10982948
"943",943,2.55219847435521,17.8121568318237,11.8551020278218,6.93014295749284,0.941117045359433,0.04570597,0.056162226,0.076203534,0.073400779,0.066112764,0.011943382,1332.63373028882,4167.64905683255,2758.19483700328,1889.42172545558,565.336961056026,0.723789804178008,1.11969539233458,0.538116950657342,0.32881591324568,0.12337822960831,0.00349376990023965,0.00641137659964506,0.763922643,0.863009443,754.11443592,809.99189688
"944",944,2.74005057323959,19.54659466,11.7093776402576,6.884816019,0.980149410494823,0.0466777340123572,0.0531707147370588,0.077717412,0.077101919,0.070422889,0.010272034,1333.47958555986,4167.39811280771,2758.3209161847,1889.69812526503,564.899502128315,0.682534507612388,1.08141458395404,0.570010570067455,0.286221253758231,0.103645587814813,0.000476873821690206,0.0085200586817746,0.753545458,0.84191197,560.76464664,738.69452616
"945",945,2.5925559002991,19.0963948920896,11.9120207683256,6.95381910114106,1.03293677091424,0.047790653,0.053376602,0.076091316,0.075363869,0.065558202,0.0106301936494145,1332.66460340497,4166.40946308527,2758.06719925434,1890.07372949795,564.777249445866,0.661366993054869,1.06229367799702,0.518953660462045,0.295717185149784,0.122860174450659,0.00101632912856496,0.00690607509273353,0.751017775,0.83403796,495.55616772,565.85177664
"946",946,2.50714082839061,18.5437951021173,12.6923555686856,8.686766931,0.931507543898846,0.039022355,0.052703048,0.079487772,0.072402813,0.062600048,0.009194673,1332.62765092731,4167.37856706671,2758.13745158959,1889.9926048894,565.138974194451,0.742145586291469,0.992922707928675,0.635484411751308,0.290041814924158,0.13743842726277,0.00500302888616183,0.0079365227811825,0.894803467,0.807651412,1199.44394148,859.25862684
"947",947,2.64449492102684,21.0439423514898,12.8372324084529,6.80970764476195,1.09565269826567,0.052057078,0.04925127,0.066850778,0.069812633,0.064253951,0.0131480906401015,1333.29765620604,4166.31765396496,2758.048648,1890.12348134355,564.825312281671,0.618592182146424,1.29644883122865,0.609337415125779,0.272052652365926,0.106463070391594,0.00582808605173922,0.0107808331988331,0.758297903,0.810786887,504.29100624,1065.202446
"948",948,2.8492176690362,18.6853310914257,12.7688538846475,7.63385582252167,0.835382356550434,0.0278422592242019,0.044553616,0.080548753,0.08997181,0.069763109,0.004884156,1333.21321233035,4166.19434615867,2757.35676940729,1889.97095035374,565.166972624311,0.858624008427486,0.842789499377337,0.620779277248319,0.202949168742046,0.115292989359211,0.000864978416498179,0.0087822465541248,0.715222017,0.82276579,1137.6175644,617.16806448
"949",949,2.24877328532288,17.7428584659129,12.7518530782677,8.02975081408041,0.896604198144508,0.040774709,0.052141299,0.087223502,0.088445127,0.069600309,0.006796702,1332.985586,4167.05230312386,2758.17185126026,1889.9331279804,565.152673293827,0.967140074726784,1.13201485146316,0.612294658650992,0.270681142359364,0.150473053628734,0.00498870658184151,0.00634875494188116,0.751326248,0.823043735,121.60775604,744.45839316
"950",950,1.87627482211411,19.0629511657966,12.9558876662578,8.40690972773459,0.872621229,0.04509758,0.0579009518486145,0.083760902,0.070931533,0.056603306,0.0124278631716814,1333.19691291922,4166.13473331624,2758.07456226916,1889.06572850785,564.615712752,0.961343904854359,1.0399560064585,0.640755297493826,0.404354858957368,0.132467172852047,0.00377389495726132,0.00653576640992088,0.868596979,0.834431483,606.80401728,1009.29830136
"951",951,2.37456103578418,19.0087675730997,12.7744219974529,7.52095013830256,0.90060042666733,0.041825036493571,0.0496110179045381,0.079481416,0.081174338,0.068344885,0.007741843,1332.84239382659,4166.67237776719,2758.00427378789,1889.89219951532,564.960446965764,0.894853558553987,1.14264361871199,0.622208447512695,0.260872079345928,0.146361352896611,0.00290736096072649,0.00900763675529335,0.827472816,0.793267777,1054.16391612,871.16325732
"952",952,2.01147969821594,19.5007084951543,12.7155757754509,8.19163854999359,0.784359574129126,0.0408873914006831,0.050501527,0.084821382,0.079447213,0.066610953,0.007926196,1333.18099148816,4167.59409894611,2757.58245393467,1889.60749672585,565.060182946715,0.832233110074104,0.840385509277069,0.61215833416264,0.289595336543262,0.136986143450481,0.00191895558727725,0.00855247276576976,0.702100968,0.814515073,655.27340388,836.461119
"953",953,2.24729730853265,17.5064454652761,12.1235246725226,9.04354906928274,0.905075177648333,0.0296258844087597,0.0494569697918856,0.093256033,0.090792645,0.060269003,0.005363114,1333.1563188572,4167.67074812131,2758.15536998277,1889.90212049626,565.042942294496,0.846965488723797,0.759150197384157,0.563858406584444,0.246564377430693,0.189178057905028,0.00611233542368684,0.00559999479228295,0.830060345,0.826486926,651.56267112,701.52299376
"954",954,2.36324019424162,18.2649704408511,13.1561573961836,7.22564005625933,1.01947242,0.046829095,0.0554402084986313,0.075795594,0.07541763,0.0611239869543935,0.010978688372406,1333.29196673206,4167.80757828446,2757.73983086332,1889.89040398923,564.885125829182,0.600561574813605,0.887444272356719,0.592329592974644,0.318431586241376,0.119744610127446,0.00421166886182737,0.0142156611629498,0.754968067,0.82950779,840.23067012,794.96371536
"955",955,2.15419430994962,17.9042640257609,13.3874586162608,9.15285826837861,0.953899092801751,0.038740425,0.056437082,0.079285138,0.067443612,0.0521381148387305,0.0115512776589063,1332.99570967231,4167.80950713604,2757.77964647513,1889.78012116346,564.935121043868,0.972657415591717,1.07815166605688,0.535725015629995,0.371083888006728,0.137528728339752,0.00451119750050443,0.0109491538572076,0.774402881,0.836228227,440.55522384,653.09345484
"956",956,2.43884104986994,18.2215734089439,12.6376520751901,8.40832699105118,0.930239212492599,0.039788136,0.0487988122203228,0.078003174,0.077263152,0.066935658,0.007169219,1333.06650696586,4167.196899222,2758.3586342494,1889.58492769412,564.820495271586,0.841844181766308,1.09705299479756,0.642187004326715,0.241932107333977,0.134407505485073,0.00390192562912096,0.00841143093086234,0.825450445,0.888852658,733.7667858,379.16173428
"957",957,2.5989693295411,17.8065556917489,9.75828674119143,7.26482141671443,1.03264479053717,0.051671538,0.055631891,0.078209698,0.066407054,0.066599776,0.0133207861651299,1332.97621416926,4166.61168402175,2757.73643001707,1890.16387998786,565.049825402482,0.601110065776711,1.1447651731781,0.548527508444437,0.3086024778458,0.120704781293129,0.00477165710494062,0.00827277111441379,0.728848177,0.835756441,633.0024156,533.68100928
"958",958,2.70380085361978,18.6506397288573,12.1776701813154,7.07369986311706,1.12195989074262,0.05077304,0.0528488649089915,0.069976101,0.070265466,0.063973311,0.012152105,1332.79730910552,4166.48006191414,2758.3866591664,1890.17524632955,564.90123732044,0.812422424326543,1.4884147026757,0.636889435887005,0.280145604892088,0.147306786586401,0.00063004313798361,0.00754018693154737,0.70356515,0.881644448,1064.57748852,360.2826456
"959",959,3.16055224946116,17.2680873076833,11.0303010989293,6.472546151,1.1542303803857,0.054093403,0.054206381,0.064392429,0.066477531,0.069800681,0.0153125757917883,1332.94893746883,4167.0186437702,2757.92969312901,1890.60660193699,565.024964611104,0.637996429884216,1.47919602424298,0.655428019698529,0.23352389395833,0.152232470507334,3.84374804936302e-05,0.00737224630930338,0.721710176,0.865102043,840.67317048,507.80389296
"960",960,2.58062924276579,17.6872423191267,12.4858583344517,7.36722558387913,0.915550389418557,0.042206758,0.056975085,0.080083051,0.077886671,0.067018558,0.00990775,1332.70409466529,4166.57253382794,2758.09225346595,1889.91590202188,565.071460115232,0.538215782931511,0.756878350544746,0.57852125973075,0.305002975133464,0.104066827566086,0.00989246616291419,0.0206736734185385,0.748257659,0.790235514,955.72089624,1180.621317
"961",961,2.37107409093327,18.2854812721762,12.2422233334577,7.53181450900962,0.973779475173701,0.045782905,0.04941123,0.076011318,0.08002565,0.070121237,0.006900793,1333.18225011589,4166.83000865154,2757.75577379421,1889.62919264421,564.855640626741,0.515747133195693,0.770539087466939,0.546937905082179,0.229163583471125,0.125739240495379,0.00373670008614686,0.0100296605296546,0.739672172,0.942783041,1135.12121604,237.57293616
"962",962,2.66735550138304,17.8305844049668,10.398538056569,7.88735363398666,1.00477802767424,0.049364064,0.056401299,0.077197943,0.064995591,0.067410844,0.0131019462113855,1332.79355785678,4166.67761110459,2757.89076599193,1889.72604920514,564.803356913759,0.534645436286569,0.997295550061126,0.551161259447656,0.314175907697935,0.101476755574532,0.00506385906383799,0.00736460426649262,0.774005183,0.821824492,230.9593452,824.17598856
"963",963,2.69736464110179,19.0010025744392,11.7246797054065,7.69522019382593,1.12109641903094,0.0480526494230486,0.0475773178222324,0.072513101,0.074070328,0.069128929,0.007515263,1332.90682459733,4167.12430125063,2758.36373136687,1890.08222869673,564.7472014,0.64905091462371,1.43183353182315,0.543290920948971,0.206206793603106,0.136410764150979,0.00617950683923923,0.00516767400694788,0.730312612,0.828046105,605.28044508,731.1867162
"964",964,2.04976123111312,19.4670042979461,12.9789699967486,8.36544162914314,0.764835942274238,0.043568303,0.056184881,0.079876259,0.068714452,0.064138642,0.0128929803283538,1332.80056739326,4166.88442878,2757.6711042127,1890.28655247913,565.254930056497,0.705736630993789,0.886142649792343,0.601252627607451,0.375886002098348,0.0914349523619563,0.012658101587681,0.00693984114298921,0.784924465,0.911909083,894.44366448,375.38687016
"965",965,2.71269523795205,19.1294048573988,13.2133346089304,8.119801075,0.86622822247215,0.0304175373266351,0.05198763,0.087657265,0.084818592,0.062738681,0.007139516,1333.13829042569,4168.182071,2758.11613634823,1890.02674191447,565.019859955592,0.844441415858052,0.907085372560998,0.573633893256655,0.274053459843494,0.135999647765861,0.00703903109081446,0.00711176520350403,0.713721234,0.903044524,340.4466906,288.12294216
"966",966,2.41186727086573,19.5428077384326,12.116575764438,7.94903326469823,0.823564529701352,0.03636101,0.0535683388739754,0.088919756,0.082393054,0.066473462,0.007827735,1333.46507178388,4167.42888364674,2758.41947391749,1889.57937397626,564.835985111035,0.614400521752291,0.649826778925714,0.626806956646674,0.291068724820444,0.097424311453837,0.00262920743551437,0.00660467305669893,0.773495954,0.78968263,740.72835348,909.12610476
"967",967,3.11606402428619,19.9191459629882,10.3633527358152,6.85952052338921,1.05708514596875,0.049388829,0.04957434,0.07450251,0.071510731,0.074821835,0.0101383596245815,1332.881772,4165.80060158189,2758.16831997505,1890.07207513307,564.961909050348,0.577695024423792,1.19476604164951,0.60678381104012,0.216399638846944,0.10162532034922,0.00127911004237522,0.00895557808225848,0.795573031,0.825860662,1005.58425516,1143.92942952
"968",968,2.55033809716965,17.5508193883631,13.3312712246451,7.86150604213041,0.84020642025722,0.03715577,0.05669571,0.082551315,0.080390627,0.066719337,0.008589258,1333.16110582309,4167.23268774381,2758.21119424874,1890.63507438049,564.690756676677,0.546353527854544,0.613761310036367,0.659771987734166,0.300183209480705,0.121931626295009,0.000645682653952762,0.0240127658528905,0.713837245,0.871493984,748.85048808,637.61837208
"969",969,2.23823814523543,17.097043394175,13.1709989468345,8.763954717,0.81953989380658,0.033882852,0.052533981,0.088899107,0.086745228,0.065331855,0.006422448,1332.97027044497,4167.175239,2757.5527222995,1890.25476684869,564.921802830783,1,0.86324220356748,0.557357463396804,0.280554245613265,0.157361383280496,4.79449899122123e-05,0.00834734234097522,0.735902615,0.774245222,957.15911652,1024.75530084
"970",970,2.47193971064388,18.4877824579676,13.2374732715633,7.336660732,0.889712261580157,0.041879931,0.05423815,0.079515532,0.080283827,0.067711158,0.009085065,1332.23711158217,4167.49705868737,2756.92312350555,1890.0637778628,564.938187060704,0.70353279477882,0.882155862543423,0.61180463297121,0.299133329215614,0.143848020755023,0.000604039206643387,0.0094506404333624,0.779087747,0.980441088,197.28209292,172.3744686
"971",971,2.48436213623429,17.52680875,13.0028481,7.35974931243606,1.07966550329156,0.051668413,0.0552423094285854,0.071565366,0.072913905,0.064627448,0.0114727286181557,1333.09823622586,4166.71119433965,2757.97710893445,1890.36690930629,564.848710086285,1,1.66973610058894,0.65713324389877,0.299177750025263,0.170981111429686,0.00130234075142987,0.00833495158658898,0.803556229,0.816432395,207.002331,1169.6584878
"972",972,2.228204132,18.4562071104701,13.5449065339347,7.68950420648399,0.894688881300464,0.0391636039469463,0.0536309724581425,0.083157338,0.081573143,0.06128036,0.008448148,1333.00733085298,4167.1980027347,2758.10113482235,1890.59541374479,564.6946202,0.704721093899084,0.757071236463906,0.67641268041307,0.298500571484688,0.104458109079071,0.00201704184093339,0.0127916853228142,0.719824953,0.864707071,826.7669346,907.66177044
"973",973,2.44254683546785,19.4750380179679,12.9258802736546,7.54018696896382,0.940630656490918,0.044594945,0.0527084517740377,0.079186077,0.078532816,0.067514941,0.00905057,1333.03403049176,4167.51455503274,2758.21953932126,1889.97985444514,565.1309593,0.704366753568219,0.942445168761533,0.547717732337397,0.294076189887888,0.105258997214352,0.000189496730529172,0.00887802413916413,0.732372058,0.785567538,1170.36914892,1198.79669112
"974",974,2.75913238687247,18.1768581931896,10.1389589090619,6.39949001160785,1.07465982368809,0.0569605635485447,0.05586365,0.073088736,0.068830944,0.070053842,0.0160130804612041,1332.78553378633,4167.270636906,2758.3059403487,1889.43383323848,565.044299024506,0.564766434908678,1.17423991694803,0.543057390803238,0.304468560039382,0.101579482335374,0.0010996184975629,0.00784042498590475,0.863282172,0.919857796,69.745519584,230.33487528
"975",975,2.62177803003459,18.5071423603333,13.0815506543272,7.32218964928364,1.10154158532227,0.0493686265143053,0.0530433728829749,0.069131422,0.070540761,0.062825204,0.0116680188669458,1332.72926787766,4166.52715426823,2758.30537305952,1889.93172268548,564.781284082319,0.720273225785325,1.26457344337818,0.616727907429211,0.28604521927282,0.13026415841892,0.00108129662551273,0.00828944744621903,0.837387526,0.854342484,302.24963832,575.18102976
"976",976,2.59728257935708,18.5304450548383,12.4645301743713,7.34414476439542,1.16265457061217,0.049897291,0.0525007116898893,0.070169966,0.069651763,0.060273839,0.0116982192375536,1332.28968973005,4167.10093642766,2757.71624563222,1889.85562588863,565.080672576587,0.881531713706207,1.58923578001826,0.571726285834622,0.285498209958606,0.127889609182478,0.00337657822227136,0.0151069421401053,0.832321801,0.829539806,886.46766672,699.17917944
"977",977,2.49086605180225,18.3058723525298,12.8767042550984,7.7467870361465,0.920386676911401,0.041901178,0.05279506,0.079377382,0.079043836,0.067776151,0.008583814,1333.08420243648,4167.20589227143,2758.50088333531,1890.14524112411,564.66516421774,0.675896201858292,0.984048133105954,0.620691600156237,0.275185755022349,0.148437806398147,0.00691814953008729,0.00901978959968647,0.84450939,0.810345983,325.740048,857.93817456
"978",978,1.92293315712761,19.9402653975313,14.624620936408,8.143268101,0.892141336094275,0.042627626,0.055253436,0.082012345,0.074124626,0.055473316,0.0114904862782753,1333.48150238676,4167.77974768751,2758.51898736753,1889.85897220084,564.801158153707,0.872299824502975,1.00367117894779,0.644108785490605,0.36375670174397,0.0993965595523142,0.0138836000214873,0.00972447249124612,0.969972155,0.885819334,121.43335536,548.100039
"979",979,2.64506362460418,18.4894502993415,12.5507199716113,8.757499944,0.98639628822668,0.0392591598909872,0.045544027,0.073663291,0.076126794,0.070816359,0.00583395,1333.53420751943,4165.99518824261,2758.0785622312,1889.89752413971,564.8380044,0.743602992224049,1.12543722768223,0.552624074648105,0.200952489015119,0.13732032217234,0.0053225634225935,0.00834365857728452,0.837832133,0.821959796,800.40610344,629.31716844
"980",980,2.23529517493948,18.6791927947333,12.7591377558255,7.7768756083762,0.726092713642265,0.040364229,0.0520814176160481,0.086863693,0.086188645,0.077517899,0.007329033,1333.48513729686,4166.92720179285,2757.65349323967,1890.8453810086,565.033124908408,0.910323379562365,0.916197924249105,0.675605752714854,0.280578376541545,0.159535811361131,0.000183459565046256,0.00971700095231014,0.717621661,0.807239275,776.23567896,1016.77183332
"981",981,2.66363448587609,19.1280199854226,11.1219257041141,7.51573791369083,1.04306701180648,0.0624348616845998,0.05076258145799,0.064223835,0.059048508,0.075195261,0.0160802008708204,1332.37985587377,4166.497658566,2757.59101323048,1889.80371280296,565.203586816017,0.563140517982686,1.32997725226527,0.540894950490707,0.247674971665525,0.0951373734653695,0.000936185132333879,0.00966431956687844,0.777870281,0.808348021,665.80625664,880.55258868
"982",982,2.23391849921552,20.1652276295163,13.5590684505573,8.36351299818154,0.879475063713292,0.0376015,0.045853477,0.081634809,0.084999297,0.06733263,0.006003981,1332.72401953203,4166.53960463234,2758.02181090695,1889.79326729442,564.79371490154,0.782920567703433,0.853258650360397,0.614024589529564,0.233325285789707,0.145858044616194,0.00256490239186107,0.00923130977409975,0.758833575,0.825444194,1126.6894602,795.16248648
"983",983,2.562327631,17.7438001832357,13.2031574959399,8.05471933452968,0.826237692347241,0.039553473,0.053980447,0.079080258,0.077701492,0.071646309,0.008581065,1333.24192114407,4167.92682215297,2758.3689776688,1889.73298755875,565.218621337244,0.721538315148365,0.900738632951125,0.637592414897052,0.283264969990371,0.133492152401377,0.00300592339690612,0.0108272197957179,0.7550926,0.828142639,1063.3286766,402.57423132
"984",984,2.32673808745121,19.9427229089745,11.0920425291607,7.83670905395714,0.957354103038804,0.052299464,0.054622158,0.075380205,0.063337189,0.064598484,0.0150841288339228,1332.5059808483,4167.01109463024,2757.72912513645,1890.05800920943,565.18057954487,0.702581742825387,1.12272681868486,0.569714159749801,0.36543173729844,0.143190341768041,0.00150555011338776,0.012003633160507,0.782011569,0.809961313,761.93634804,1191.9983064
"985",985,2.78791030822821,19.7344996239258,12.0633976074933,7.25695837411536,1.07556369831747,0.052764073,0.0510986095778481,0.070085174,0.070450989,0.070870096,0.011137934544827,1333.36986268462,4166.68147167792,2757.38045486714,1890.17205373264,565.044702627642,0.593353983563649,1.15997156721429,0.655929771409485,0.246692869576944,0.12811820908683,0.000112282551232901,0.0106556659751882,0.811194715,0.801381283,1086.608067,647.40738468
"986",986,2.48997049662983,18.8709281498082,12.7023309263876,7.61012249621792,0.96379676183542,0.0460278068851464,0.05260399,0.076410247,0.076030214,0.068163015,0.00913867,1332.49394497021,4167.490848,2758.83752002659,1889.96403813596,564.842214157657,0.608835616460381,0.883950115883673,0.571958804155792,0.278501632025309,0.118284089660386,0.000421485892479612,0.0148375829376615,0.927716196,0.799214957,509.08726812,920.28035496
"987",987,3.34631056778277,15.1705393076236,11.6086915380736,6.62263249394915,1.12425153837476,0.058074746,0.058276316,0.053866889,0.057024312,0.074504376,0.0302229062810014,1333.1093008283,4166.379172,2757.48128203658,1889.5732109566,564.857723688101,0.79438879225904,2.15268722342698,0.68595419569749,0.265973446413737,0.149717272704615,0.000227583367665126,0.0125011268106064,0.73700478,0.80594673,64.486707384,1113.99470064
"988",988,2.14658701901279,17.8638052431419,13.7237900395312,8.26864875526735,0.812591878584693,0.034948148,0.051270726,0.086777649,0.087491804,0.064746056,0.006481219,1333.225705,4166.24368061791,2757.93475093313,1890.07893319087,564.777516702886,0.816660873526917,0.726788407788029,0.585837373835798,0.272268224797925,0.14097588221221,0.00122275578851764,0.00879519751016176,0.827085515,0.910453867,230.77015116,321.45354024
"989",989,2.28109291338881,16.3326256446305,13.9154873986772,9.02680049466523,0.867458828230029,0.0297457440375529,0.048863851,0.085322566,0.091493716,0.063514988,0.004979149,1332.97759284402,4166.73476839361,2757.6785930804,1890.07233151473,565.108419453183,0.89893722200803,0.722805299713501,0.556058170770158,0.236780694282955,0.144846012894135,0.000104588265379703,0.00767399384519392,0.75099462,0.805434267,1185.63354456,803.86737444
"990",990,2.21462264428047,19.8102891998424,13.6734075190671,8.28658452227722,0.939722400353832,0.038483301,0.046102125,0.080442798,0.085440603,0.065102763,0.0059024,1332.99086206459,4167.39028027813,2758.31284269602,1889.79419478695,564.781761322586,0.690076673203462,0.773442201206271,0.629599069917987,0.228652313145806,0.141565906261146,0.00233091486858561,0.0106735325749848,0.758100223,0.803326381,898.15343436,1195.87138128
"991",991,2.483173574,15.8801152997872,11.5064334576045,6.61443504346039,0.957420778063106,0.060751028,0.062556384,0.069439304,0.068136774,0.074619673,0.0200345373043797,1333.20178630887,4167.40698441026,2757.92713460542,1890.14925,565.119105010612,0.736889217830779,1.78619064445554,0.610918624770001,0.385208387828722,0.124573578423067,0.0108857403272656,0.00811868318114713,0.824759853,0.887636723,1079.13131028,493.69078176
"992",992,2.76746645672176,17.5548677293777,11.567390271168,6.708881722399,1.16925293867627,0.066351149,0.055111086,0.054883198,0.0547914080026863,0.067383874,0.0426999153961855,1332.33228188645,4166.70674705708,2758.02285257034,1890.07274325278,564.809525181878,0.573453778658038,1.55691836023508,0.655628637219912,0.416544120689031,0.110450388733957,0.000554104558388178,0.0106253542966797,0.786443586,0.892549585,989.89992636,593.30894052
"993",993,2.58762857302146,19.731116612684,11.9288803975292,7.00209865124274,1.00920146716258,0.04696826,0.051531923,0.076869115,0.076895174,0.067282474,0.009702061,1332.99715689485,4168.30296873957,2758.19739307469,1889.59272044309,565.043586991722,0.608287914280999,0.985184364299818,0.615914421604674,0.270628888400125,0.127910818947777,0.00229373546856705,0.00903234944281509,0.723740456,0.855429469,789.66372864,670.29065796
"994",994,2.41712207874253,17.3928523835334,12.870315062635,8.01416791850917,0.924030145947766,0.036039263,0.0561409555732218,0.089807672,0.086858192,0.062858015,0.007506552,1333.10015016114,4166.20719020353,2757.54684230847,1889.44171742469,565.1282039,0.855833834879444,0.884553632654213,0.539344977776327,0.30671200177927,0.109118601441839,0.00333103428260403,0.00673268460715859,0.718339164,0.87367213,54.39818028,494.71682652
"995",995,2.53075740457404,18.1254872809457,12.3345391293454,7.78629653642675,1.08969607111067,0.0471019650830622,0.049447189,0.073354555,0.075905774,0.066952206,0.007823434,1332.81925890274,4167.18284932465,2757.84006725512,1890.27436941412,565.275378778064,0.718557729633018,1.35754148852815,0.53190793442008,0.228260864825724,0.0969070652767557,0.00886362733251243,0.00601277930922471,0.789153872,0.867444718,1142.86836876,914.80417836
"996",996,2.42785381546649,18.5558180043406,12.8391344744567,7.94337352634919,1.02067339882236,0.0426362879635496,0.0526310817308428,0.07873667,0.075520264,0.060820695,0.009311468,1333.05267316275,4167.30109208185,2758.45558137669,1890.27216103622,564.878500536455,0.926685305107771,1.23758887539568,0.669676939379637,0.291896852087149,0.126410189649845,0.00223011156544882,0.0099687627167499,0.846288342,0.84299265,492.42466884,390.86305548
"997",997,2.56678224860165,17.633542191012,12.8281582443883,6.97747366069658,1.22817246922079,0.0510655805587386,0.053976887,0.068120415,0.070952987,0.0577324037383359,0.0130893756011566,1333.14416294191,4166.33327784394,2758.27712648607,1889.88215900329,564.999509594439,0.597693885004123,1.77153229773935,0.490127671638209,0.29151545644757,0.136335996370441,0.0156096357381733,0.00804994833788149,0.822468796,0.745978243,921.89409348,1008.81376896
"998",998,2.41368351050845,17.490696190016,12.9433566507791,7.8643189131704,0.876794844839512,0.0391440620672266,0.057103889,0.084144664,0.079967318,0.064546079,0.009123568,1333.16121862979,4166.8465799356,2758.38125415843,1889.45074313236,564.7508036,0.626093454242447,0.753465552717793,0.639392839766101,0.31585581144179,0.139719147300166,0.00418258438173863,0.00678444679691193,0.720249805,0.792454654,382.99981752,620.05783164
"999",999,2.44613398475236,18.208248278355,11.657150602039,8.18900934164597,0.896201409506854,0.041752219,0.051327219,0.08573727,0.084158314,0.074628378,0.006541708,1333.33176149972,4167.06977436446,2757.64632380049,1890.36401643819,565.142490475663,0.678495806308551,0.879682761439541,0.599042543360674,0.244088720477758,0.100945530263594,0.00808952463246217,0.0123238080894445,0.770522429,0.820156197,305.4341352,857.5458252
"1000",1000,2.057458232,19.9793407661326,11.9963175755847,7.37176247869097,0.751789081283808,0.041268666326008,0.055265941,0.085663566,0.075931469,0.064450333,0.010711005,1333.41240709605,4166.62727772589,2758.6650033,1889.87925018181,564.931101387684,0.58640617310714,0.645005569926879,0.727702649926654,0.339626728063636,0.113020811077017,0.0058549388957024,0.00632530474068187,0.75767634,0.82486239,482.23598892,584.81830068
